availability,performance,quality,speed,downtime_minutes,shutdown_minutes,machine_issue,trend,current_oee,future_oee,income,loss
97.97,74.25,82.65,17,3,0,0,1,60.12,64.85,3891,2109
92.57,85.33,97.3,10,7,4,0,1,76.86,82.35,4940,1060
81.96,67.37,80.41,17,17,2,0,-1,44.4,39.48,2368,3632
97.24,32.38,100.0,7,0,2,0,-1,31.48,28.38,1702,4298
80.18,93.02,91.27,15,19,0,0,0,68.08,68.45,4107,1893
77.7,92.22,92.1,15,6,22,0,1,65.99,72.44,4346,1654
83.33,90.36,93.31,15,13,7,0,0,70.26,68.3,4098,1902
77.51,98.54,97.83,14,18,8,0,-1,74.72,69.18,4150,1850
78.91,37.31,98.52,7,5,22,0,0,29.01,27.24,1634,4366
83.38,100.0,99.55,13,10,8,0,1,83.01,86.56,5193,807
94.34,97.58,98.5,12,3,2,0,-1,90.68,88.13,5287,713
74.04,95.81,99.22,12,11,19,0,-1,70.38,68.68,4120,1880
74.64,33.91,98.54,7,14,17,0,0,24.94,26.48,1588,4412
82.67,56.64,98.13,8,12,2,0,0,45.95,45.65,2739,3261
72.47,93.51,95.22,15,9,26,0,0,64.53,64.01,3840,2160
60.19,70.2,84.37,17,19,28,0,-1,35.65,30.53,1831,4169
78.75,85.74,86.95,16,6,22,0,-1,58.7,56.1,3365,2635
76.64,71.72,83.01,17,7,24,0,0,45.63,45.4,2723,3277
78.59,91.2,97.76,11,2,27,0,-1,70.06,67.53,4051,1949
82.79,54.85,95.12,8,12,8,0,0,43.19,43.17,2590,3410
61.89,100.0,97.71,14,20,26,0,-1,60.47,57.32,3438,2562
86.51,99.7,99.19,12,11,6,0,0,85.56,84.65,5078,922
77.48,75.58,81.51,17,8,22,0,0,47.73,47.17,2830,3170
76.27,71.34,81.41,17,20,2,0,0,44.29,44.77,2686,3314
75.33,83.16,89.22,16,20,5,0,0,55.89,54.65,3279,2721
87.09,93.17,93.39,15,7,5,0,0,75.78,76.56,4593,1407
83.18,98.79,98.38,14,12,8,0,0,80.84,81.19,4871,1129
78.54,69.77,85.8,17,17,7,0,-1,47.02,42.75,2565,3435
73.34,36.77,99.74,7,7,26,0,-1,26.9,23.95,1436,4564
83.63,100.0,97.63,12,12,8,0,1,81.65,83.16,4989,1011
85.68,84.48,88.42,16,10,6,0,-1,64.0,60.21,3612,2388
69.8,100.0,98.94,13,20,14,0,0,69.06,68.2,4092,1908
87.59,72.16,97.66,9,8,4,0,-1,61.74,59.46,3567,2433
78.11,92.65,91.73,15,17,8,0,1,66.39,69.86,4191,1809
73.92,97.51,98.26,13,18,12,0,0,70.83,71.21,4272,1728
90.29,95.91,98.54,12,7,4,0,-1,85.33,81.85,4911,1089
78.03,53.12,98.77,8,1,27,0,0,40.95,41.46,2487,3513
82.77,62.71,98.86,8,4,20,0,1,51.31,55.08,3305,2695
73.23,72.72,81.84,17,13,19,0,1,43.58,45.6,2735,3265
74.67,96.27,99.03,13,19,14,0,-1,71.19,65.46,3927,2073
84.59,94.98,93.1,15,0,21,0,-1,74.8,68.84,4130,1870
65.1,71.63,83.07,17,17,24,0,-1,38.74,35.02,2101,3899
84.86,71.57,82.01,17,10,3,0,0,49.81,50.66,3039,2961
84.26,94.53,96.2,11,13,5,0,-1,76.62,72.47,4348,1652
83.45,55.81,76.11,18,8,16,0,0,35.45,36.36,2181,3819
57.69,66.53,96.77,9,16,29,1,0,37.14,36.43,2185,3815
73.34,58.74,97.97,8,20,9,0,-1,42.21,35.91,2154,3846
73.81,90.2,95.31,15,19,6,0,-1,63.45,62.17,3730,2270
62.09,75.9,98.61,9,17,30,0,0,46.47,47.38,2842,3158
86.4,92.92,93.97,15,0,19,0,-1,75.44,72.27,4336,1664
75.78,39.42,99.03,7,3,29,0,0,29.58,29.65,1779,4221
85.37,98.62,99.33,12,9,7,0,1,83.62,85.39,5123,877
95.67,83.09,89.43,16,2,2,0,1,71.08,77.47,4647,1353
65.26,56.75,98.83,8,17,24,0,0,36.6,35.89,2153,3847
78.62,68.76,97.0,9,4,21,0,1,52.43,57.5,3449,2551
91.73,91.92,92.39,15,5,8,0,1,77.9,82.27,4936,1064
65.22,85.7,87.64,16,13,30,0,0,48.98,49.84,2990,3010
65.79,82.57,100.0,10,17,24,0,1,54.33,60.31,3618,2382
84.41,81.41,99.16,10,9,12,0,0,68.13,68.8,4128,1872
71.25,71.18,79.86,17,20,11,0,-1,40.51,38.52,2311,3689
84.82,95.52,92.35,15,14,3,0,0,74.82,75.02,4501,1499
93.33,82.85,97.0,10,7,2,0,0,75.0,76.36,4581,1419
84.34,100.0,97.55,12,0,18,0,1,82.28,86.49,5189,811
94.91,85.34,88.74,16,7,0,0,-1,71.87,69.68,4180,1820
93.59,72.12,83.1,17,1,7,0,0,56.09,57.07,3424,2576
70.58,45.7,88.7,8,1,27,1,-1,28.61,27.15,1629,4371
90.68,91.18,91.74,15,7,8,0,1,75.86,79.94,4796,1204
79.06,84.1,98.51,10,17,4,0,0,65.5,67.38,4042,1958
68.05,55.98,76.02,18,18,18,0,1,28.96,34.68,2081,3919
84.57,97.26,95.43,14,13,6,0,1,78.49,82.23,4933,1067
69.98,66.76,73.09,17,13,11,1,1,34.15,37.89,2273,3727
83.83,95.0,95.95,14,1,21,0,1,76.41,81.56,4893,1107
95.06,70.59,83.36,17,3,1,0,0,55.94,57.99,3479,2521
72.75,100.0,99.54,13,10,25,0,0,72.42,72.59,4355,1645
91.03,56.76,97.35,8,7,6,0,-1,50.3,47.19,2831,3169
84.3,100.0,99.33,14,4,13,0,0,83.74,83.6,5016,984
81.47,73.87,99.47,9,8,14,0,0,59.86,60.19,3611,2389
88.18,85.39,97.58,10,2,14,0,-1,73.47,66.58,3994,2006
90.58,84.39,85.24,15,3,1,1,0,65.15,65.64,3938,2062
63.32,72.21,82.2,17,17,26,0,0,37.59,36.79,2207,3793
77.54,33.13,97.17,7,2,29,0,-1,24.96,18.75,1124,4876
84.85,84.23,97.83,10,5,13,0,0,69.92,69.7,4181,1819
80.0,97.05,97.59,14,15,6,0,0,75.77,73.47,4408,1592
97.97,99.5,98.86,13,1,5,0,0,96.37,96.68,5801,199
91.41,98.09,95.59,13,0,12,0,0,85.71,85.91,5154,846
78.73,90.64,100.0,11,14,9,0,0,71.36,72.24,4334,1666
68.42,98.28,100.0,13,17,21,0,0,67.24,67.78,4066,1934
80.89,52.23,79.39,18,15,4,0,-1,33.54,32.69,1961,4039
84.3,84.93,97.02,10,1,18,0,1,69.46,73.92,4435,1565
89.37,33.54,98.41,7,10,1,0,0,29.5,29.45,1766,4234
70.63,36.71,98.75,7,18,15,0,0,25.61,24.63,1477,4523
78.0,93.89,92.01,15,16,5,0,0,67.37,67.94,4076,1924
80.16,35.3,98.39,7,16,2,0,0,27.84,26.93,1615,4385
84.6,68.78,97.02,9,2,19,0,0,56.45,56.5,3390,2610
86.11,53.85,99.25,8,7,12,0,-1,46.02,42.41,2544,3456
76.69,82.21,88.87,16,7,18,0,0,56.03,55.82,3349,2651
86.26,82.59,88.13,16,1,19,0,1,62.78,64.96,3897,2103
69.91,70.38,82.27,17,18,18,0,1,40.47,44.13,2647,3353
79.73,96.95,99.31,11,6,21,0,1,76.77,81.31,4878,1122
80.54,81.78,95.19,10,8,12,0,1,62.71,64.88,3892,2108
81.69,70.76,84.24,17,9,14,0,0,48.7,46.49,2789,3211
95.78,100.0,98.51,12,2,0,0,0,94.35,93.94,5636,364
68.67,98.7,97.31,14,19,18,0,0,65.96,65.11,3906,2094
86.21,54.04,98.72,8,2,17,0,0,45.99,46.33,2779,3221
78.0,81.84,97.33,10,16,8,0,1,62.13,65.04,3902,2098
79.7,100.0,98.62,12,2,28,0,0,78.6,80.48,4828,1172
80.03,86.79,98.98,10,11,9,0,0,68.75,68.7,4121,1879
71.47,71.46,98.16,9,14,26,0,0,50.13,50.86,3051,2949
76.51,93.74,95.82,15,9,19,0,1,68.73,76.01,4560,1440
82.52,70.95,83.08,17,16,0,0,0,48.64,49.73,2984,3016
76.46,70.35,81.48,17,17,9,0,0,43.83,42.17,2530,3470
74.07,68.61,82.5,17,3,30,0,1,41.92,49.1,2946,3054
77.03,92.25,93.95,11,3,28,0,0,66.77,66.71,4002,1998
82.97,57.25,97.6,8,17,4,0,0,46.36,45.26,2715,3285
81.56,92.92,98.02,11,9,19,0,1,74.28,77.1,4626,1374
78.44,97.11,97.95,12,6,21,0,1,74.61,78.6,4716,1284
73.12,95.81,94.02,11,16,15,0,-1,65.87,63.95,3837,2163
83.49,34.46,95.89,7,2,20,0,0,27.58,26.81,1608,4392
92.7,100.0,99.08,13,8,1,0,0,91.85,90.72,5443,557
72.41,36.18,96.17,7,10,24,0,-1,25.19,23.38,1403,4597
79.97,93.69,97.46,11,5,23,0,-1,73.02,70.41,4224,1776
75.99,54.38,78.49,18,13,17,0,-1,32.43,29.14,1748,4252
83.32,57.1,96.94,8,4,17,0,1,46.12,46.85,2811,3189
68.18,100.0,94.88,12,18,17,0,0,64.69,66.38,3982,2018
83.38,72.0,97.94,9,13,4,0,1,58.8,62.07,3724,2276
78.85,98.09,98.46,12,1,28,0,1,76.16,77.88,4672,1328
78.56,70.83,83.03,17,7,21,0,0,46.2,46.55,2792,3208
72.49,53.04,98.61,8,11,24,0,0,37.92,36.22,2173,3827
74.08,94.77,95.5,15,13,19,0,1,67.05,73.06,4383,1617
74.74,81.24,97.06,10,5,25,0,1,58.93,64.2,3852,2148
96.78,98.49,97.08,13,0,5,0,0,92.54,91.13,5467,533
71.04,57.11,76.58,18,10,25,0,0,31.06,33.7,2021,3979
86.11,100.0,97.14,13,7,8,0,1,83.65,86.41,5184,816
90.32,53.59,77.95,18,3,12,0,0,37.73,39.5,2370,3630
81.16,34.08,98.95,7,15,7,0,0,27.37,28.34,1700,4300
77.21,83.3,97.89,10,14,11,0,0,62.96,63.58,3814,2186
88.67,94.02,98.84,11,7,7,0,0,82.4,83.48,5008,992
85.49,31.88,98.64,7,6,12,0,1,26.88,30.41,1824,4176
82.68,57.11,97.94,8,8,11,0,0,46.24,46.92,2815,3185
77.01,70.17,83.14,17,16,12,0,1,44.93,49.18,2950,3050
69.33,91.84,94.88,15,10,30,0,-1,60.42,57.41,3444,2556
84.57,93.19,99.55,11,5,18,0,0,78.46,76.97,4618,1382
97.02,94.93,97.22,11,1,3,0,0,89.55,90.96,5457,543
78.63,86.71,90.37,16,13,11,0,0,61.61,61.09,3665,2335
78.88,53.16,76.49,18,10,13,0,-1,32.08,26.89,1613,4387
88.55,93.27,95.33,15,3,12,0,-1,78.73,72.13,4327,1673
92.78,83.37,97.93,10,8,1,0,1,75.75,81.26,4875,1125
63.95,36.18,98.43,7,16,29,0,-1,22.78,20.01,1200,4800
85.37,70.09,82.04,17,6,11,0,-1,49.09,46.55,2793,3207
78.83,70.06,81.75,17,10,19,0,1,45.15,48.88,2932,3068
80.1,51.97,100.0,8,9,16,0,-1,41.63,40.19,2411,3589
80.68,99.22,98.43,13,10,12,0,1,78.8,83.92,5035,965
91.53,91.2,90.93,15,4,6,0,0,75.91,75.18,4510,1490
72.52,100.0,97.98,13,12,21,0,0,71.06,72.24,4334,1666
80.97,57.09,79.02,18,5,19,0,0,36.53,38.37,2302,3698
83.49,86.02,89.23,16,9,12,0,1,64.08,68.78,4126,1874
86.77,36.5,97.75,7,9,9,0,0,30.96,31.1,1866,4134
70.05,83.01,98.04,10,13,25,0,0,57.02,58.29,3497,2503
67.29,83.89,85.96,16,19,20,0,0,48.52,49.27,2956,3044
75.74,98.64,98.37,12,14,14,0,0,73.49,75.07,4504,1496
77.69,87.01,91.62,14,6,16,1,0,61.93,62.13,3727,2273
77.59,100.0,97.28,14,5,21,0,-1,75.47,73.26,4395,1605
67.25,91.75,92.8,15,20,19,0,1,57.26,58.57,3513,2487
83.55,82.99,96.16,10,9,7,0,0,66.67,66.49,3989,2011
97.68,86.42,97.67,10,4,0,0,0,82.45,81.3,4878,1122
80.66,38.52,99.35,7,7,15,0,0,30.87,30.66,1839,4161
88.31,83.34,89.43,16,2,14,0,-1,65.82,61.82,3708,2292
78.2,70.74,84.06,17,18,6,0,1,46.5,52.1,3126,2874
75.18,100.0,99.87,13,15,12,0,1,75.09,78.56,4713,1287
80.96,69.69,80.96,17,0,28,0,-1,45.68,40.36,2421,3579
79.71,56.13,97.05,8,13,7,0,-1,43.42,41.71,2502,3498
73.94,53.62,81.71,18,16,14,0,-1,32.4,29.7,1782,4218
87.76,84.76,97.96,10,3,14,0,0,72.87,72.3,4337,1663
74.9,71.15,98.79,9,14,21,0,-1,52.65,50.31,3018,2982
72.69,92.88,92.6,15,19,10,0,0,62.51,62.42,3745,2255
63.09,96.07,99.48,14,19,26,0,0,60.3,60.93,3655,2345
75.31,53.4,80.72,18,16,13,0,-1,32.46,27.5,1649,4351
65.53,94.98,93.17,15,14,28,0,0,57.99,58.94,3536,2464
75.8,75.57,97.45,9,15,14,0,0,55.82,56.02,3361,2639
73.25,91.74,98.93,11,7,26,0,-1,66.48,63.06,3783,2217
69.6,94.31,91.31,15,15,20,0,0,59.93,60.5,3629,2371
83.84,83.58,99.4,10,8,14,0,-1,69.65,68.21,4092,1908
85.06,96.8,97.84,11,7,8,0,0,80.56,82.34,4940,1060
67.95,97.05,99.2,12,10,28,0,1,65.42,69.76,4185,1815
93.17,72.75,98.6,9,4,7,0,0,66.83,66.15,3968,2032
81.09,99.42,95.52,13,4,22,0,-1,77.0,74.1,4445,1555
76.65,100.0,96.27,13,13,10,0,0,73.79,74.11,4446,1554
78.11,90.31,94.66,15,14,13,0,1,66.78,68.32,4098,1902
66.07,99.46,94.86,13,12,28,0,1,62.33,67.66,4059,1941
82.07,52.22,76.74,18,0,27,0,0,32.89,33.41,2004,3996
78.77,86.25,89.82,16,12,15,0,-1,61.02,58.91,3534,2466
73.75,98.96,97.51,12,9,24,0,0,71.16,70.61,4236,1764
74.9,97.93,97.72,13,13,17,0,0,71.68,72.13,4327,1673
65.71,55.91,77.8,18,17,25,0,-1,28.58,25.25,1515,4485
78.79,84.61,96.59,10,15,7,0,0,64.39,65.04,3902,2098
76.91,91.5,99.61,11,13,15,0,1,70.1,72.05,4323,1677
71.85,100.0,99.44,12,12,23,0,0,71.45,71.76,4305,1695
66.0,72.1,96.39,9,14,29,0,-1,45.86,44.02,2641,3359
81.84,84.39,89.51,16,17,0,0,0,61.82,61.57,3694,2306
70.25,100.0,95.47,13,18,18,0,0,67.07,66.13,3967,2033
99.68,72.47,84.93,17,0,2,0,1,61.36,65.67,3940,2060
80.58,67.91,96.67,9,14,5,0,0,52.9,54.46,3267,2733
81.66,34.0,98.25,7,8,12,0,-1,27.28,23.27,1396,4604
79.63,96.83,98.09,14,10,10,0,0,75.63,76.76,4605,1395
73.46,96.93,100.0,13,8,24,0,-1,71.21,63.58,3815,2185
74.82,100.0,97.62,13,8,26,0,0,73.04,73.43,4405,1595
84.72,56.11,97.95,8,15,0,0,-1,46.56,40.61,2436,3564
85.56,33.97,95.13,7,11,7,0,0,27.64,28.04,1682,4318
80.3,68.03,82.8,17,2,24,0,0,45.23,45.07,2704,3296
84.97,71.64,83.24,17,1,24,0,-1,50.67,47.61,2856,3144
77.9,83.65,97.13,10,6,26,0,1,63.29,65.44,3926,2074
92.01,71.97,97.57,9,7,4,0,1,64.61,68.91,4134,1866
62.72,54.4,97.59,8,18,30,0,0,33.3,34.05,2042,3958
71.8,82.68,100.0,10,14,22,0,1,59.37,61.56,3693,2307
85.03,95.72,98.79,12,5,19,0,0,80.41,79.68,4780,1220
82.04,87.05,85.69,16,3,24,0,-1,61.19,56.19,3371,2629
84.87,92.8,98.62,11,3,18,0,0,77.67,76.9,4613,1387
79.86,37.41,98.45,7,9,18,0,0,29.41,28.88,1732,4268
77.95,69.78,82.12,17,12,12,0,0,44.67,44.47,2668,3332
91.67,56.4,79.55,18,6,2,0,-1,41.13,36.87,2212,3788
89.14,68.73,84.04,17,7,3,0,0,51.49,53.44,3206,2794
72.24,53.64,76.51,18,9,27,0,0,29.65,30.28,1816,4184
65.88,70.59,84.97,17,19,25,0,-1,39.51,35.81,2148,3852
90.5,80.99,88.11,16,1,11,0,1,64.58,69.49,4169,1831
86.48,71.65,82.21,17,11,2,0,0,50.94,51.3,3077,2923
71.39,91.02,91.94,15,20,10,0,1,59.75,61.56,3693,2307
81.63,96.8,100.0,13,15,3,0,0,79.01,77.88,4672,1328
75.38,100.0,97.42,13,11,20,0,1,73.43,79.46,4767,1233
86.24,100.0,98.85,14,4,13,0,-1,85.25,83.15,4988,1012
72.62,92.09,91.45,15,20,8,0,-1,61.16,58.01,3480,2520
61.24,81.74,86.81,15,15,14,1,0,43.46,43.16,2589,3411
74.8,99.39,97.09,13,18,8,0,0,72.18,71.99,4319,1681
74.88,99.26,97.89,12,7,26,0,-1,72.77,67.51,4050,1950
79.69,92.51,96.19,11,14,7,0,0,70.91,71.51,4290,1710
68.38,100.0,98.22,14,18,19,0,0,67.16,66.83,4009,1991
68.16,65.16,72.92,17,12,10,1,-1,32.38,30.27,1816,4184
85.25,100.0,96.43,12,5,15,0,0,82.21,82.0,4920,1080
70.74,81.46,99.81,10,11,25,0,0,57.51,57.2,3431,2569
84.36,92.45,97.41,11,10,8,0,1,75.97,81.48,4888,1112
80.26,52.76,76.51,18,8,17,0,1,32.4,34.41,2064,3936
91.31,83.72,99.75,10,2,7,0,0,76.26,75.39,4523,1477
75.19,50.45,78.43,18,13,15,0,0,29.75,29.95,1797,4203
69.94,83.78,84.13,15,7,22,1,1,49.29,54.12,3247,2753
77.15,58.12,78.05,18,15,14,0,1,35.0,39.42,2365,3635
89.12,55.27,97.45,8,9,7,0,0,48.0,48.19,2891,3109
84.68,98.06,99.8,13,7,9,0,-1,82.87,77.56,4653,1347
74.88,99.64,99.49,12,15,17,0,-1,74.23,69.35,4160,1840
75.52,99.5,99.99,13,17,10,0,0,75.13,75.69,4541,1459
79.43,100.0,98.09,12,14,8,0,0,77.91,78.18,4690,1310
87.91,94.95,97.45,11,8,7,0,0,81.34,80.5,4829,1171
85.43,51.07,100.0,8,6,10,0,-1,43.63,40.05,2402,3598
90.47,92.25,93.46,15,5,6,0,-1,78.0,75.95,4556,1444
75.65,98.77,97.63,14,8,23,0,1,72.94,78.91,4734,1266
75.69,95.15,93.27,15,19,9,0,0,67.17,65.88,3952,2048
75.12,47.2,90.26,8,6,9,1,1,32.01,34.94,2096,3904
88.15,71.36,100.0,9,9,0,0,0,62.9,63.53,3811,2189
79.27,55.96,77.62,18,17,4,0,0,34.43,34.41,2064,3936
100.0,91.95,98.39,11,1,1,0,0,90.47,89.07,5344,656
74.83,90.58,93.42,15,9,22,0,0,63.32,64.77,3886,2114
58.93,68.99,97.32,9,20,27,0,1,39.56,43.75,2625,3375
86.17,50.81,98.88,8,0,18,0,1,43.3,46.77,2806,3194
81.52,96.7,99.75,14,14,10,0,0,78.63,78.06,4683,1317
96.72,70.61,98.19,9,1,8,0,0,67.06,66.37,3982,2018
81.25,100.0,97.06,14,3,26,0,0,78.86,79.69,4781,1219
79.17,53.7,99.42,8,12,15,0,0,42.27,42.95,2577,3423
67.35,53.23,96.74,8,18,20,0,0,34.68,34.54,2072,3928
96.48,72.35,85.79,17,1,4,0,0,59.89,58.82,3528,2472
62.72,70.59,99.8,9,18,30,0,-1,44.19,39.03,2342,3658
82.98,81.45,97.21,10,3,17,0,-1,65.7,61.42,3685,2315
65.05,83.41,87.45,16,19,25,0,0,47.45,47.85,2870,3130
74.53,83.7,88.31,16,7,24,0,0,55.09,54.71,3282,2718
79.55,94.36,93.53,15,12,14,0,0,70.21,69.11,4146,1854
72.63,98.44,96.54,14,9,27,0,1,69.02,72.48,4349,1651
77.14,98.15,97.54,13,9,18,0,1,73.86,79.91,4794,1206
75.21,83.77,88.15,16,3,30,0,-1,55.54,49.36,2961,3039
88.77,71.37,84.05,17,6,8,0,0,53.26,53.35,3201,2799
95.83,69.36,81.33,17,2,5,0,0,54.06,54.63,3277,2723
83.22,84.5,96.79,10,5,17,0,0,68.06,67.74,4064,1936
95.95,54.1,99.53,8,5,0,0,-1,51.66,50.69,3041,2959
70.06,55.3,78.57,18,19,15,0,1,30.44,35.42,2125,3875
73.7,83.68,97.33,10,9,22,0,0,60.03,62.04,3722,2278
83.53,92.95,100.0,11,14,2,0,0,77.64,77.7,4661,1339
71.76,72.4,81.94,17,7,29,0,-1,42.57,39.0,2340,3660
65.13,71.39,82.46,17,18,21,0,1,38.34,44.07,2644,3356
84.81,82.33,98.13,10,13,3,0,1,68.51,73.57,4414,1586
77.26,72.21,84.96,17,4,29,0,-1,47.4,43.77,2626,3374
81.63,62.56,93.22,9,2,1,1,-1,47.6,45.47,2728,3272
65.63,91.11,97.03,11,19,23,0,0,58.02,59.05,3542,2458
80.7,82.99,86.57,16,9,14,0,1,57.98,60.9,3653,2347
75.64,57.82,77.88,18,9,22,0,0,34.06,34.51,2070,3930
65.39,92.86,90.31,13,8,16,1,0,54.84,57.43,3445,2555
73.99,93.99,93.41,15,15,14,0,-1,64.96,62.94,3776,2224
70.44,31.29,97.75,7,13,23,0,0,21.55,22.85,1371,4629
74.65,100.0,98.82,12,19,8,0,0,73.77,72.93,4375,1625
92.25,34.38,97.01,7,2,7,0,-1,30.77,22.89,1373,4627
58.72,86.29,87.85,16,18,30,0,0,44.51,45.74,2744,3256
71.71,30.0,86.86,7,8,18,1,0,18.69,19.21,1152,4848
84.69,39.08,96.5,7,5,15,0,0,31.94,31.26,1875,4125
70.97,93.16,93.53,15,20,14,0,0,61.84,62.32,3739,2261
83.01,92.32,99.01,11,5,18,0,0,75.88,77.78,4666,1334
63.46,99.76,94.74,13,20,26,0,0,59.98,60.83,3649,2351
74.3,86.59,93.43,14,2,15,1,-1,60.11,56.28,3377,2623
76.63,97.15,98.99,12,10,21,0,1,73.69,75.73,4543,1457
79.53,71.38,95.17,9,10,13,0,0,54.03,53.74,3224,2776
80.28,53.27,78.64,18,15,9,0,0,33.63,34.53,2071,3929
70.9,69.9,83.12,17,12,26,0,1,41.2,45.77,2746,3254
70.19,30.0,87.93,7,14,2,1,1,18.52,22.42,1344,4656
76.15,99.56,97.02,12,3,24,0,0,73.55,71.72,4302,1698
65.59,100.0,100.0,13,16,26,0,0,65.59,66.91,4014,1986
73.31,32.0,97.63,7,17,14,0,0,22.9,22.06,1323,4677
94.98,100.0,98.07,13,1,6,0,0,93.15,94.84,5690,310
74.59,90.16,92.08,15,11,19,0,-1,61.92,56.86,3411,2589
67.09,71.03,80.74,17,14,24,0,0,38.48,39.24,2354,3646
87.94,33.7,98.48,7,6,8,0,0,29.18,30.52,1831,4169
75.46,94.14,93.32,15,4,29,0,0,66.29,65.54,3932,2068
68.01,92.84,100.0,11,14,28,0,0,63.15,63.09,3785,2215
72.62,44.1,69.93,18,15,3,1,-1,22.39,20.79,1247,4753
63.72,69.97,81.94,17,19,25,0,1,36.53,39.83,2389,3611
77.77,70.59,100.0,9,9,17,0,0,54.89,54.4,3264,2736
74.67,34.86,99.84,7,17,13,0,-1,25.99,24.77,1486,4514
65.31,56.52,98.57,8,14,30,0,0,36.38,37.02,2221,3779
61.89,53.51,95.45,8,20,26,0,1,31.61,33.58,2014,3986
76.86,56.47,79.28,18,9,16,0,0,34.41,35.7,2141,3859
85.66,53.51,76.58,18,8,13,0,0,35.1,34.01,2040,3960
80.89,99.18,95.27,14,15,7,0,0,76.43,75.74,4544,1456
82.58,99.76,96.52,14,17,4,0,0,79.51,80.99,4859,1141
72.25,99.14,98.07,13,6,29,0,0,70.25,70.09,4205,1795
67.67,82.37,89.67,16,16,23,0,0,49.98,48.8,2928,3072
95.24,70.28,97.93,9,2,8,0,0,65.54,64.4,3863,2137
69.55,100.0,96.35,13,10,29,0,0,67.01,66.65,3998,2002
71.09,92.09,92.86,15,8,26,0,1,60.8,63.04,3782,2218
70.49,52.03,78.79,18,9,26,0,0,28.9,26.86,1611,4389
69.66,84.3,87.67,16,18,21,0,0,51.48,52.71,3162,2838
84.31,96.47,98.09,14,4,14,0,0,79.78,80.27,4816,1184
77.04,90.58,92.69,15,15,11,0,0,64.69,67.02,4021,1979
66.64,100.0,100.0,12,17,24,0,1,66.64,71.94,4316,1684
71.05,97.06,95.71,14,10,27,0,0,66.01,66.25,3975,2025
67.1,81.42,87.31,10,7,18,1,1,47.7,51.51,3090,2910
92.57,99.94,99.69,13,1,10,0,1,92.22,97.15,5829,171
78.24,53.69,77.11,18,12,12,0,0,32.39,33.77,2026,3974
78.78,71.65,82.92,17,20,4,0,0,46.8,47.09,2825,3175
97.03,98.38,97.7,14,1,4,0,1,93.27,97.13,5827,173
71.99,77.92,88.98,16,10,27,0,0,49.91,50.11,3006,2994
85.59,56.9,96.84,8,14,3,0,0,47.16,47.56,2853,3147
85.06,94.52,94.43,15,14,0,0,0,75.92,76.44,4586,1414
87.99,56.03,77.04,18,4,13,0,-1,37.98,32.93,1975,4025
89.28,72.62,98.53,9,2,15,0,1,63.88,70.08,4204,1796
76.46,91.31,96.99,11,10,19,0,0,67.71,67.56,4053,1947
71.16,55.43,78.0,18,12,20,0,-1,30.76,27.63,1657,4343
72.19,96.67,96.85,12,17,12,0,0,67.59,66.65,3998,2002
65.84,97.81,97.6,12,20,22,0,1,62.86,66.41,3984,2016
82.39,98.75,100.0,14,17,1,0,0,81.36,80.06,4803,1197
88.57,84.17,90.7,16,2,7,0,1,67.62,73.38,4402,1598
78.11,90.85,98.71,11,7,23,0,0,70.05,70.56,4233,1767
85.49,53.98,97.96,8,13,3,0,0,45.21,43.44,2606,3394
86.41,71.5,81.77,17,3,14,0,-1,50.52,48.98,2938,3062
98.81,93.11,99.24,11,0,1,0,0,91.3,90.43,5425,575
90.68,96.56,97.29,12,1,9,0,-1,85.19,82.63,4957,1043
92.38,99.73,98.59,13,4,7,0,1,90.82,94.84,5690,310
87.84,83.53,90.13,16,5,5,0,0,66.14,67.06,4023,1977
86.15,73.67,98.13,9,2,19,0,-1,62.28,57.0,3419,2581
83.42,86.21,87.79,16,7,15,0,-1,63.14,57.04,3422,2578
73.95,59.03,87.33,9,7,14,1,0,38.12,37.97,2278,3722
81.61,72.17,82.44,17,8,14,0,1,48.55,53.68,3220,2780
67.86,38.4,96.89,7,14,28,0,-1,25.25,21.68,1300,4700
95.21,90.06,95.32,15,5,2,0,0,81.74,80.98,4858,1142
75.08,95.37,95.38,14,11,18,0,1,68.3,71.62,4297,1703
79.91,97.73,97.67,13,8,14,0,-1,76.28,68.26,4095,1905
68.98,83.83,98.81,10,12,27,0,0,57.14,57.1,3425,2575
93.68,96.75,98.18,14,3,7,0,0,88.99,90.54,5432,568
66.29,95.26,91.81,13,18,11,1,-1,57.97,52.93,3175,2825
91.25,55.1,78.26,18,9,0,0,0,39.35,39.59,2375,3625
80.0,69.54,82.85,17,12,8,0,0,46.09,44.45,2666,3334
63.13,35.66,96.11,7,18,27,0,0,21.64,21.02,1261,4739
80.62,72.32,81.33,17,1,29,0,-1,47.42,43.24,2594,3406
76.57,96.17,96.78,14,9,24,0,0,71.27,70.01,4200,1800
64.98,83.65,97.52,10,19,25,0,0,53.01,53.16,3189,2811
77.75,100.0,95.59,12,7,20,0,-1,74.32,71.74,4304,1696
81.71,92.09,97.73,11,4,20,0,0,73.54,74.91,4494,1506
63.86,54.47,97.36,8,20,20,0,0,33.86,34.45,2067,3933
61.73,30.0,86.45,7,9,25,1,-1,16.01,11.59,695,5305
72.94,84.94,87.87,16,11,23,0,1,54.44,55.73,3343,2657
75.99,95.15,98.35,11,10,23,0,-1,71.11,66.24,3974,2026
79.43,83.39,98.94,10,4,25,0,0,65.53,64.26,3855,2145
78.5,94.23,92.77,15,11,16,0,0,68.62,67.75,4065,1935
72.61,93.48,91.86,15,8,26,0,0,62.35,60.78,3646,2354
69.68,67.99,98.37,9,8,29,0,1,46.61,52.06,3123,2877
69.18,88.07,94.9,14,9,23,1,0,57.82,56.57,3394,2606
87.22,96.29,97.39,12,3,14,0,1,81.79,88.33,5299,701
66.9,57.76,85.6,9,7,27,1,0,33.08,31.75,1904,4096
69.12,70.39,82.46,17,12,30,0,1,40.12,42.03,2521,3479
86.77,90.75,92.45,15,11,2,0,0,72.8,73.24,4394,1606
94.42,100.0,99.9,13,0,8,0,-1,94.32,89.81,5388,612
75.86,99.68,96.57,14,11,21,0,0,73.02,73.44,4406,1594
78.54,51.67,79.04,18,8,18,0,0,32.07,29.51,1770,4230
57.9,97.95,96.46,13,20,30,0,1,54.71,57.44,3446,2554
84.33,72.84,82.62,17,7,15,0,0,50.75,51.88,3113,2887
62.7,36.36,97.31,7,19,28,0,0,22.18,21.05,1262,4738
71.89,89.36,92.1,15,10,29,0,1,59.17,63.84,3830,2170
84.72,70.06,83.85,17,2,20,0,0,49.77,49.88,2992,3008
74.62,99.79,99.46,14,9,20,0,0,74.05,74.86,4491,1509
90.74,100.0,99.62,13,3,4,0,0,90.39,91.39,5483,517
94.33,37.05,97.37,7,1,9,0,1,34.03,40.69,2441,3559
90.15,52.56,99.59,8,3,7,0,-1,47.18,42.57,2554,3446
74.61,71.05,98.68,9,12,14,0,1,52.31,55.26,3315,2685
73.81,55.91,79.16,18,17,13,0,0,32.67,31.67,1899,4101
79.13,83.88,87.64,16,4,28,0,0,58.17,58.44,3506,2494
76.41,99.44,96.32,13,20,3,0,0,73.19,72.17,4330,1670
70.93,99.74,99.67,14,19,13,0,0,70.51,72.44,4346,1654
83.7,91.52,96.5,11,1,22,0,1,73.92,76.3,4578,1422
66.83,96.46,96.97,14,14,30,0,0,62.51,62.36,3741,2259
89.62,82.49,97.35,10,11,3,0,0,71.97,71.8,4308,1692
79.18,73.49,81.22,17,11,17,0,1,47.27,53.39,3203,2797
87.86,70.14,82.24,17,11,1,0,1,50.68,52.61,3156,2844
59.3,78.16,90.93,10,3,30,1,-1,42.15,36.14,2168,3832
81.06,96.9,97.87,14,2,21,0,0,76.87,75.42,4525,1475
66.31,83.94,96.92,10,20,20,0,0,53.94,54.12,3247,2753
98.48,83.26,90.51,16,0,1,0,1,74.21,80.7,4841,1159
79.72,81.5,99.23,10,4,25,0,0,64.47,66.01,3960,2040
94.13,84.34,88.83,16,6,2,0,0,70.52,70.86,4251,1749
82.97,95.14,92.66,15,6,18,0,0,73.14,73.1,4385,1615
86.86,83.68,99.69,10,7,10,0,0,72.45,72.12,4327,1673
80.96,70.85,98.34,9,19,0,0,0,56.41,56.04,3362,2638
92.54,89.59,100.0,11,4,4,0,0,82.91,84.29,5057,943
73.75,93.33,93.44,15,8,25,0,-1,64.31,61.38,3682,2318
96.02,69.82,81.63,17,0,4,0,-1,54.72,51.83,3109,2891
76.02,86.77,97.13,10,18,10,0,0,64.08,64.31,3858,2142
75.82,30.0,89.04,7,5,8,1,1,20.25,21.23,1273,4727
75.52,53.76,78.23,18,13,16,0,0,31.76,32.53,1951,4049
88.72,54.46,99.66,8,2,15,0,0,48.15,48.79,2927,3073
79.05,96.17,95.58,14,11,16,0,0,72.65,70.62,4237,1763
86.48,80.25,86.96,16,3,14,0,1,60.36,64.38,3862,2138
83.28,83.05,90.62,16,1,23,0,1,62.68,66.79,4007,1993
78.51,69.12,83.2,17,16,9,0,-1,45.16,41.49,2489,3511
86.99,32.97,98.15,7,1,15,0,-1,28.15,21.1,1265,4735
88.07,99.07,97.0,13,3,15,0,0,84.63,85.64,5138,862
82.88,52.27,79.06,18,14,2,0,1,34.25,39.86,2391,3609
79.8,93.92,95.9,12,19,4,0,-1,71.87,69.62,4177,1823
67.26,93.13,97.42,11,19,20,0,0,61.02,62.61,3756,2244
66.12,84.87,86.44,16,17,22,0,-1,48.51,45.95,2757,3243
77.87,87.29,87.58,16,16,9,0,-1,59.53,56.14,3368,2632
85.06,80.75,85.87,16,13,3,0,-1,58.98,54.41,3264,2736
64.89,53.6,98.17,8,20,20,0,0,34.15,34.59,2075,3925
86.91,88.14,94.63,15,6,13,0,0,72.49,73.54,4412,1588
85.42,97.72,98.82,14,7,13,0,0,82.49,84.71,5082,918
77.1,96.62,98.65,12,14,12,0,0,73.49,72.68,4360,1640
89.8,100.0,93.97,13,3,10,0,0,84.39,84.65,5078,922
75.23,98.47,100.0,13,10,21,0,1,74.08,78.06,4683,1317
85.47,71.46,98.54,9,15,2,0,0,60.19,60.53,3631,2369
96.24,57.86,98.5,8,2,2,0,0,54.85,54.55,3273,2727
80.62,98.6,97.59,13,3,23,0,0,77.58,78.52,4711,1289
71.79,53.88,77.71,18,11,25,0,1,30.06,31.91,1914,4086
59.38,33.82,96.12,7,18,30,0,0,19.31,17.83,1070,4930
78.64,92.23,94.93,15,17,10,0,0,68.86,69.83,4189,1811
87.59,75.42,83.4,17,3,13,0,-1,55.09,53.19,3191,2809
70.19,72.03,84.13,17,13,27,0,1,42.54,48.82,2929,3071
79.31,38.25,96.92,7,9,19,0,-1,29.4,26.68,1600,4400
71.33,55.44,98.81,8,18,16,0,1,39.07,43.37,2602,3398
82.9,73.42,82.86,17,15,7,0,1,50.43,54.6,3276,2724
74.35,96.18,96.86,12,17,11,0,0,69.27,68.59,4115,1885
77.34,55.06,98.33,8,8,18,0,1,41.88,44.3,2658,3342
67.86,100.0,99.39,13,17,24,0,1,67.45,71.62,4297,1703
65.97,86.01,86.77,16,20,17,0,1,49.23,50.73,3043,2957
89.71,72.44,84.57,17,8,0,0,-1,54.95,52.77,3166,2834
69.28,57.87,77.31,18,9,29,0,1,30.99,34.29,2057,3943
75.6,36.18,97.19,7,5,27,0,-1,26.59,24.08,1444,4556
87.61,70.62,82.3,17,12,2,0,0,50.91,51.56,3093,2907
81.74,69.58,98.55,9,20,0,0,-1,56.05,54.0,3239,2761
79.15,86.64,86.73,15,6,12,1,-1,59.47,55.2,3311,2689
88.23,100.0,98.58,12,5,11,0,0,86.98,88.07,5284,716
73.57,94.89,98.22,11,10,24,0,0,68.57,68.59,4115,1885
78.37,86.86,88.75,16,19,2,0,0,60.42,59.02,3541,2459
93.05,31.0,98.94,7,4,5,0,1,28.54,34.44,2066,3934
95.33,34.19,96.41,7,2,8,0,-1,31.42,29.13,1747,4253
74.64,100.0,99.52,13,15,19,0,-1,74.28,71.86,4311,1689
79.05,96.17,98.84,11,6,24,0,-1,75.14,70.21,4212,1788
84.4,98.88,100.0,12,13,3,0,0,83.46,84.31,5058,942
71.57,93.92,94.21,11,18,15,0,1,63.32,67.13,4027,1973
94.68,92.39,100.0,11,1,7,0,0,87.48,89.05,5342,658
80.19,99.1,98.29,13,19,1,0,-1,78.11,75.32,4519,1481
75.5,94.05,98.94,11,6,24,0,1,70.26,72.0,4320,1680
84.38,94.44,97.95,11,9,10,0,1,78.05,80.99,4859,1141
82.73,97.81,97.69,14,13,5,0,-1,79.04,75.78,4546,1454
81.53,89.7,92.26,15,7,16,0,-1,67.48,62.96,3777,2223
87.51,72.16,84.31,17,11,2,0,-1,53.24,49.0,2940,3060
89.17,54.3,76.85,18,1,13,0,0,37.2,35.91,2154,3846
66.59,34.09,97.38,7,14,29,0,-1,22.1,18.87,1131,4869
72.85,96.5,98.86,12,18,13,0,-1,69.5,63.42,3805,2195
71.18,60.39,78.52,18,20,13,0,-1,33.75,29.59,1775,4225
78.88,98.33,99.37,13,0,30,0,0,77.08,76.53,4591,1409
80.11,97.56,100.0,12,5,25,0,0,78.15,78.97,4737,1263
68.39,79.94,87.58,16,14,26,0,1,47.89,53.49,3209,2791
88.82,100.0,99.87,12,2,13,0,0,88.71,88.64,5318,682
81.34,53.15,100.0,8,7,13,0,1,43.24,47.32,2839,3161
92.46,96.05,96.33,15,2,12,0,-1,85.55,79.9,4794,1206
87.32,52.66,78.33,18,10,7,0,0,36.02,34.92,2095,3905
92.69,97.12,97.18,12,5,2,0,0,87.48,88.31,5298,702
76.24,93.24,94.83,15,20,3,0,1,67.41,71.02,4261,1739
83.07,84.19,97.2,10,11,11,0,-1,67.98,63.55,3813,2187
91.71,70.58,81.74,17,4,7,0,-1,52.92,49.62,2977,3023
91.3,95.26,97.04,11,6,5,0,1,84.4,89.27,5356,644
94.45,69.38,81.6,17,2,5,0,0,53.47,52.8,3168,2832
71.84,66.96,82.09,17,15,14,0,1,39.49,44.96,2697,3303
70.51,86.58,87.42,16,14,21,0,0,53.37,53.75,3225,2775
66.21,79.54,89.15,16,20,20,0,-1,46.95,41.22,2473,3527
69.87,100.0,97.57,12,20,10,0,0,68.18,68.46,4107,1893
83.75,71.86,95.72,9,14,2,0,0,57.61,58.36,3501,2499
71.32,100.0,97.2,14,14,20,0,0,69.33,69.68,4181,1819
80.43,96.5,97.74,11,8,18,0,-1,75.85,74.3,4457,1543
91.85,95.39,91.92,15,2,9,0,-1,80.54,77.43,4646,1354
91.44,35.7,97.83,7,1,11,0,-1,31.94,26.83,1609,4391
62.4,54.09,96.67,8,20,27,0,0,32.63,33.58,2015,3985
69.01,57.95,97.09,8,19,19,0,1,38.83,42.63,2557,3443
71.59,97.27,98.96,14,18,17,0,0,68.91,68.72,4123,1877
89.69,52.7,78.13,18,1,14,0,-1,36.93,28.3,1698,4302
77.61,85.35,88.7,16,20,6,0,0,58.76,60.28,3616,2384
69.08,100.0,99.4,12,19,15,0,1,68.66,72.43,4345,1655
85.6,32.99,96.76,7,14,3,0,1,27.32,31.96,1917,4083
88.63,97.68,98.53,12,2,16,0,0,85.31,84.74,5084,916
91.43,71.06,80.95,17,5,1,0,0,52.59,54.58,3274,2726
77.57,84.01,99.9,10,14,14,0,-1,65.1,60.15,3609,2391
87.7,86.34,89.1,16,5,11,0,1,67.47,71.25,4274,1726
78.72,92.99,96.3,11,12,13,0,0,70.49,72.9,4374,1626
82.57,99.4,98.11,12,19,1,0,1,80.53,85.47,5128,872
88.99,68.72,83.5,17,10,2,0,-1,51.06,47.59,2855,3145
78.84,91.08,92.38,15,12,9,0,1,66.33,71.23,4273,1727
62.83,68.11,84.62,17,19,27,0,0,36.21,35.74,2144,3856
86.67,68.41,97.12,9,10,2,0,0,57.58,58.62,3517,2483
73.42,78.14,87.32,16,4,29,0,-1,50.1,47.25,2834,3166
84.58,73.51,80.2,17,12,4,0,1,49.86,53.85,3231,2769
79.39,55.9,97.24,8,9,17,0,-1,43.15,39.68,2380,3620
81.98,96.24,98.09,12,4,21,0,0,77.39,77.83,4669,1331
81.16,54.59,78.92,18,16,2,0,-1,34.96,30.53,1831,4169
77.37,95.9,99.74,13,16,11,0,-1,74.01,71.6,4295,1705
71.94,91.38,97.57,11,5,30,0,0,64.14,63.36,3801,2199
68.17,84.21,96.2,10,10,30,0,0,55.22,54.82,3289,2711
88.96,97.14,95.73,14,6,7,0,1,82.73,89.05,5342,658
92.04,72.59,96.1,9,2,9,0,0,64.2,65.9,3954,2046
66.1,58.64,99.16,8,16,24,0,0,38.43,38.99,2339,3661
85.1,93.08,90.05,15,16,1,0,1,71.33,74.86,4491,1509
82.62,86.24,85.07,16,4,19,0,0,60.61,60.75,3645,2355
92.36,100.0,96.7,13,4,5,0,0,89.31,90.59,5435,565
63.31,72.36,96.94,9,19,25,0,1,44.41,50.87,3052,2948
75.89,51.3,70.3,18,14,1,1,-1,27.37,24.3,1457,4543
82.71,70.52,85.24,17,7,14,0,0,49.72,49.25,2954,3046
72.94,83.35,86.3,16,9,24,0,-1,52.47,47.82,2869,3131
80.54,97.19,97.11,14,7,17,0,-1,76.01,72.95,4376,1624
85.76,98.04,97.73,14,6,11,0,0,82.17,82.2,4931,1069
72.35,70.19,83.52,17,18,14,0,0,42.41,42.34,2540,3460
72.67,100.0,97.64,14,9,24,0,0,70.95,71.73,4304,1696
74.62,99.46,97.11,13,16,16,0,-1,72.07,69.05,4143,1857
73.52,69.98,99.02,9,6,25,0,1,50.94,54.59,3275,2725
82.1,91.45,99.01,11,1,20,0,0,74.34,71.97,4318,1682
78.01,99.63,97.74,14,11,17,0,0,75.97,75.8,4547,1453
67.65,53.27,100.0,8,16,27,0,0,36.04,35.18,2110,3890
90.39,54.35,97.53,8,9,2,0,0,47.91,48.52,2911,3089
83.34,68.91,98.77,9,8,14,0,0,56.73,57.7,3461,2539
78.52,91.41,95.1,15,4,26,0,0,68.26,67.12,4027,1973
77.91,100.0,99.58,13,2,30,0,-1,77.58,72.16,4329,1671
66.73,100.0,95.25,14,11,29,0,0,63.56,62.77,3766,2234
87.69,36.29,100.0,7,13,1,0,1,31.82,35.7,2142,3858
85.6,96.75,98.88,12,7,12,0,1,81.89,87.47,5248,752
92.32,99.99,99.35,12,7,0,0,-1,91.71,90.13,5407,593
70.42,58.66,99.38,8,20,10,0,0,41.05,40.28,2416,3584
96.23,68.57,96.79,9,4,1,0,0,63.86,64.57,3874,2126
71.21,93.45,97.57,11,15,22,0,-1,64.93,57.49,3449,2551
74.72,54.95,77.72,18,15,14,0,0,31.92,31.59,1895,4105
82.56,79.39,87.18,16,0,28,0,0,57.14,56.27,3376,2624
96.83,58.9,96.84,8,0,8,0,1,55.23,58.1,3485,2515
62.94,70.72,96.4,9,17,30,0,0,42.91,42.63,2557,3443
72.65,55.49,78.17,18,19,16,0,0,31.51,31.67,1899,4101
80.03,100.0,98.98,13,3,24,0,0,79.21,78.07,4684,1316
88.45,90.31,95.04,11,7,9,0,0,75.92,76.63,4597,1403
92.96,55.57,100.0,8,1,7,0,-1,51.66,47.33,2839,3161
82.65,82.28,88.04,16,14,2,0,-1,59.88,57.13,3427,2573
70.01,100.0,98.15,14,19,17,0,1,68.72,69.94,4196,1804
75.02,91.61,92.58,15,18,7,0,0,63.62,63.0,3780,2220
89.65,55.55,79.6,18,4,9,0,-1,39.64,36.02,2161,3839
75.2,78.01,83.97,16,11,7,1,0,49.26,50.4,3024,2976
83.82,81.75,89.65,16,13,5,0,0,61.43,62.5,3749,2251
89.44,71.2,81.23,17,2,16,0,1,51.73,58.08,3484,2516
75.23,52.97,97.46,8,16,17,0,0,38.84,39.25,2355,3645
72.02,90.84,94.68,15,16,17,0,1,61.94,66.34,3980,2020
85.29,96.39,95.68,14,1,20,0,-1,78.66,75.37,4522,1478
75.9,97.02,96.36,12,8,23,0,1,70.96,73.86,4431,1569
86.48,56.15,100.0,8,11,7,0,0,48.56,47.22,2833,3167
78.65,58.59,79.06,18,20,3,0,-1,36.43,31.11,1866,4134
85.66,57.46,76.55,18,10,4,0,0,37.68,39.31,2358,3642
78.12,34.93,97.22,7,11,17,0,0,26.53,26.18,1571,4429
75.61,97.87,98.12,12,20,5,0,1,72.61,75.8,4547,1453
68.87,67.83,80.31,17,14,22,0,0,37.51,36.16,2169,3831
75.71,98.56,98.6,14,20,5,0,0,73.57,73.7,4422,1578
84.78,74.81,95.48,9,2,22,0,0,60.56,59.53,3571,2429
93.46,96.74,100.0,14,1,9,0,0,90.42,91.61,5496,504
83.16,82.67,96.78,10,1,25,0,0,66.53,66.61,3996,2004
89.63,82.19,97.89,10,1,10,0,1,72.12,77.78,4666,1334
70.56,95.78,96.41,15,12,26,0,0,65.15,64.75,3884,2116
79.69,92.6,93.65,15,15,8,0,1,69.11,68.73,4123,1877
87.37,75.29,81.99,17,6,9,0,1,53.93,56.96,3417,2583
72.17,34.91,99.26,7,20,10,0,0,25.01,25.21,1512,4488
78.59,92.65,98.64,11,3,25,0,-1,71.82,68.76,4125,1875
66.78,100.0,98.67,13,14,28,0,0,65.89,66.99,4019,1981
87.28,99.8,100.0,13,10,5,0,0,87.11,88.0,5280,720
75.37,98.79,98.22,14,15,11,0,0,73.13,72.51,4350,1650
75.54,90.52,92.83,15,8,25,0,0,63.48,62.67,3760,2240
84.88,52.49,97.81,8,13,2,0,-1,43.58,39.3,2357,3643
78.33,70.45,98.03,9,17,9,0,0,54.1,52.92,3175,2825
98.14,100.0,98.24,12,3,2,0,-1,96.41,94.12,5647,353
70.01,84.81,92.79,11,9,14,1,-1,55.09,50.46,3027,2973
77.14,100.0,98.48,13,5,22,0,-1,75.97,72.33,4339,1661
81.72,98.4,96.33,14,1,23,0,0,77.46,79.23,4753,1247
72.07,99.21,96.63,12,19,13,0,0,69.09,70.22,4213,1787
63.43,94.88,95.89,11,20,25,0,-1,57.71,54.57,3273,2727
70.25,52.38,98.75,8,20,12,0,-1,36.34,32.54,1952,4048
71.71,51.6,77.1,18,5,30,0,-1,28.53,27.48,1648,4352
87.1,84.37,88.51,16,14,1,0,0,65.04,65.32,3919,2081
92.72,69.06,94.68,9,2,7,0,0,60.63,61.74,3704,2296
81.9,69.54,81.5,17,11,11,0,1,46.42,49.66,2979,3021
87.75,81.46,84.06,16,1,19,0,1,60.09,62.18,3730,2270
79.53,98.73,100.0,14,11,11,0,0,78.52,77.16,4629,1371
87.21,96.95,95.57,14,2,18,0,-1,80.8,78.68,4721,1279
81.99,99.86,97.61,12,12,10,0,0,79.91,82.35,4940,1060
89.81,68.25,80.23,17,8,7,0,0,49.18,49.3,2957,3043
85.39,53.18,98.1,8,0,23,0,0,44.55,44.19,2651,3349
72.46,71.08,99.28,9,15,16,0,-1,51.13,49.71,2982,3018
91.34,92.9,94.4,15,3,8,0,0,80.11,80.29,4817,1183
84.14,91.92,98.22,11,14,6,0,1,75.96,82.77,4966,1034
79.86,91.3,98.78,11,15,6,0,0,72.02,70.19,4211,1789
76.01,55.4,95.77,8,4,27,0,0,40.33,40.42,2425,3575
84.51,57.37,97.84,8,14,5,0,0,47.43,48.43,2905,3095
85.32,55.4,78.97,18,14,2,0,0,37.33,36.96,2217,3783
74.89,72.1,82.29,17,10,21,0,-1,44.43,40.68,2440,3560
69.4,56.52,99.19,8,17,17,0,0,38.91,39.69,2381,3619
72.94,93.18,99.51,11,9,27,0,0,67.63,66.93,4015,1985
76.36,72.03,98.57,9,20,5,0,0,54.22,53.4,3203,2797
79.13,95.28,96.97,12,16,7,0,0,73.11,71.33,4279,1721
75.75,52.16,96.75,8,6,25,0,0,38.23,37.59,2255,3745
77.51,69.81,95.74,9,7,25,0,1,51.81,54.63,3277,2723
69.96,97.29,99.49,12,17,18,0,0,67.72,67.13,4027,1973
67.65,99.05,98.5,12,14,25,0,0,66.0,66.14,3968,2032
86.03,92.82,91.43,15,4,19,0,0,73.01,73.04,4382,1618
91.51,55.68,99.8,8,2,9,0,1,50.85,55.22,3313,2687
75.03,54.15,78.6,18,15,16,0,1,31.93,34.85,2091,3909
81.43,99.27,97.69,13,18,2,0,0,78.97,80.77,4846,1154
76.51,70.53,95.98,9,10,20,0,0,51.79,52.01,3120,2880
74.91,59.59,98.57,8,14,14,0,0,44.0,44.38,2662,3338
77.01,73.07,81.53,17,16,11,0,-1,45.88,44.78,2686,3314
67.07,90.94,93.11,15,20,18,0,0,56.79,56.98,3418,2582
88.39,69.74,96.47,9,4,13,0,0,59.47,59.17,3549,2451
80.71,93.24,90.95,15,1,26,0,0,68.44,67.19,4031,1969
81.22,57.1,96.29,8,16,4,0,0,44.66,44.68,2680,3320
80.87,83.77,95.34,11,5,5,1,-1,64.59,60.91,3654,2346
83.5,50.37,79.29,18,7,11,0,0,33.35,32.52,1951,4049
73.29,92.56,92.31,15,9,27,0,0,62.62,62.46,3747,2253
86.73,56.04,98.48,8,8,6,0,0,47.87,48.04,2882,3118
74.13,71.56,85.14,17,17,8,0,-1,45.17,41.19,2471,3529
70.98,91.9,96.96,11,19,17,0,-1,63.25,58.91,3534,2466
82.82,71.16,83.48,17,5,18,0,0,49.2,49.18,2951,3049
92.84,83.84,86.54,16,4,5,0,-1,67.35,64.02,3841,2159
75.0,53.89,79.5,18,19,10,0,0,32.13,31.64,1898,4102
79.63,82.28,85.34,16,1,26,0,0,55.91,56.39,3383,2617
94.19,35.03,97.77,7,2,1,0,0,32.26,31.93,1915,4085
77.1,70.1,83.47,17,18,8,0,0,45.11,44.23,2653,3347
77.47,73.81,83.88,17,6,24,0,-1,47.96,43.26,2595,3405
80.01,83.15,87.75,16,20,0,0,1,58.38,62.59,3755,2245
74.62,68.0,81.17,17,17,9,0,0,41.19,41.35,2480,3520
80.55,67.26,83.98,17,9,15,0,-1,45.5,43.33,2600,3400
80.42,71.4,81.1,17,12,9,0,-1,46.56,40.96,2457,3543
94.93,54.75,77.4,18,1,5,0,0,40.23,39.05,2342,3658
75.9,98.74,97.93,14,13,15,0,-1,73.39,69.72,4183,1817
76.44,99.18,99.77,12,19,4,0,0,75.63,76.11,4566,1434
75.45,95.35,96.54,12,10,23,0,0,69.46,69.07,4143,1857
83.75,97.58,97.08,12,12,4,0,1,79.33,83.67,5019,981
83.31,94.46,94.64,15,17,3,0,0,74.47,74.01,4440,1560
82.41,99.19,99.94,12,7,14,0,0,81.7,80.59,4835,1165
81.65,54.7,95.91,8,8,14,0,0,42.83,43.42,2605,3395
93.22,82.22,97.99,10,4,3,0,-1,75.11,72.69,4361,1639
72.38,100.0,98.21,13,19,13,0,0,71.08,72.08,4324,1676
75.15,80.85,96.89,10,5,26,0,-1,58.87,56.75,3405,2595
81.73,77.49,76.01,16,10,6,1,0,48.13,47.94,2876,3124
74.25,71.0,97.14,9,15,16,0,0,51.2,48.3,2898,3102
67.67,99.0,97.19,14,15,28,0,1,65.11,69.41,4164,1836
78.79,34.09,98.24,7,2,30,0,1,26.39,30.53,1831,4169
88.3,100.0,97.81,14,7,6,0,1,86.37,90.13,5408,592
91.59,37.78,96.3,7,1,9,0,0,33.32,33.81,2028,3972
60.42,96.34,97.83,14,19,28,0,0,56.94,58.61,3516,2484
77.37,66.02,83.09,17,15,9,0,1,42.45,47.54,2852,3148
82.65,54.71,99.13,8,13,4,0,0,44.82,43.63,2617,3383
72.91,91.36,100.0,11,11,24,0,0,66.61,67.27,4036,1964
85.51,100.0,97.14,13,11,1,0,1,83.07,86.87,5211,789
80.31,82.7,85.53,16,17,6,0,-1,56.81,54.86,3291,2709
90.88,92.06,98.15,11,2,12,0,1,82.11,85.99,5159,841
71.99,92.3,93.47,15,8,26,0,-1,62.1,57.99,3479,2521
79.85,67.45,83.62,17,19,3,0,-1,45.03,43.4,2603,3397
80.8,55.34,95.47,8,12,11,0,1,42.69,48.06,2883,3117
61.45,96.79,100.0,12,17,30,0,0,59.48,60.73,3643,2357
93.99,95.21,98.12,12,4,6,0,-1,87.8,83.51,5010,990
84.97,100.0,97.63,13,16,1,0,-1,82.96,83.28,4996,1004
70.38,71.38,97.22,9,10,25,0,0,48.84,49.35,2960,3040
73.06,100.0,98.67,14,16,14,0,0,72.08,70.38,4222,1778
61.41,72.84,99.77,9,19,28,0,1,44.63,47.83,2869,3131
74.9,97.74,98.04,12,19,10,0,0,71.77,71.5,4289,1711
78.29,71.95,97.85,9,12,19,0,0,55.12,53.52,3211,2789
77.33,53.78,80.36,18,9,18,0,-1,33.42,30.1,1806,4194
74.27,92.37,92.22,15,17,15,0,0,63.27,61.68,3701,2299
78.23,58.69,76.15,18,18,9,0,0,34.96,33.84,2030,3970
92.63,97.55,98.42,14,0,11,0,0,88.93,89.94,5396,604
86.81,100.0,100.0,12,3,13,0,0,86.81,86.69,5201,799
74.81,83.74,89.39,16,9,25,0,0,56.0,58.2,3492,2508
80.29,57.29,76.59,18,20,0,0,0,35.23,35.26,2115,3885
81.46,80.53,88.35,16,15,8,0,1,57.96,63.29,3797,2203
77.43,81.78,87.25,16,18,7,0,0,55.25,56.67,3400,2600
86.78,56.62,77.41,18,1,18,0,0,38.03,37.26,2235,3765
84.95,100.0,96.63,14,5,16,0,1,82.08,86.02,5161,839
86.04,81.15,87.86,16,12,4,0,0,61.35,61.1,3666,2334
91.86,70.48,82.39,17,7,1,0,-1,53.34,50.52,3031,2969
92.71,53.99,78.12,18,3,6,0,-1,39.1,37.09,2225,3775
83.89,99.72,97.73,12,13,4,0,0,81.76,81.92,4915,1085
85.15,100.0,98.84,13,6,13,0,1,84.16,87.99,5279,721
67.63,85.34,88.97,16,15,27,0,0,51.35,52.16,3129,2871
82.13,52.82,79.82,18,1,22,0,0,34.63,34.13,2048,3952
78.79,69.01,97.12,9,16,6,0,1,52.8,58.47,3507,2493
72.54,72.7,82.78,17,15,16,0,0,43.66,43.34,2600,3400
67.26,96.64,98.18,13,10,30,0,-1,63.82,60.49,3629,2371
80.63,94.8,95.55,15,10,17,0,-1,73.03,68.93,4135,1865
62.08,55.2,78.23,18,20,25,0,0,26.81,26.76,1605,4395
79.08,55.97,80.01,18,8,19,0,0,35.41,35.78,2146,3854
69.46,97.17,96.85,14,6,30,0,0,65.37,65.34,3920,2080
79.73,84.44,98.33,10,8,17,0,0,66.2,67.46,4047,1953
69.21,93.02,99.72,11,7,30,0,1,64.2,69.99,4199,1801
75.01,91.36,97.77,11,9,22,0,-1,67.0,65.68,3940,2060
78.69,54.65,76.01,18,15,10,0,-1,32.69,28.71,1722,4278
84.24,94.76,92.85,15,8,9,0,0,74.13,73.02,4381,1619
67.06,56.87,95.44,8,18,21,0,0,36.4,39.04,2342,3658
67.94,94.27,94.02,15,12,28,0,1,60.21,66.32,3979,2021
72.5,91.46,90.02,12,4,9,1,0,59.69,60.29,3617,2383
70.17,33.95,98.74,7,9,30,0,1,23.52,25.52,1531,4469
71.62,97.12,99.2,12,14,20,0,0,69.0,67.14,4028,1972
80.87,93.92,100.0,11,15,6,0,-1,75.95,72.66,4359,1641
72.19,89.19,89.41,15,8,29,0,1,57.57,62.66,3759,2241
93.89,95.16,95.94,11,4,3,0,1,85.72,90.7,5441,559
88.51,83.82,85.64,16,7,7,0,0,63.54,64.9,3893,2107
76.76,32.84,100.0,7,16,7,0,-1,25.21,20.31,1218,4782
85.14,36.98,97.12,7,3,13,0,1,30.58,34.6,2075,3925
82.55,100.0,98.74,14,3,21,0,0,81.51,81.45,4886,1114
79.31,69.02,98.35,9,0,30,0,1,53.84,59.07,3544,2456
72.86,69.42,99.5,9,13,20,0,0,50.33,50.04,3002,2998
72.14,97.62,97.91,14,15,20,0,1,68.95,72.24,4334,1666
82.02,94.66,97.8,11,10,9,0,0,75.93,75.41,4524,1476
75.67,71.0,82.1,17,1,29,0,0,44.11,43.14,2588,3412
55.71,45.29,91.27,8,20,18,1,0,23.03,24.0,1439,4561
67.12,82.48,96.76,10,17,23,0,0,53.57,54.25,3255,2745
78.49,57.41,77.34,18,1,29,0,-1,34.85,28.82,1729,4271
62.65,88.95,92.28,13,5,29,1,-1,51.42,45.06,2703,3297
80.04,100.0,96.04,13,15,5,0,0,76.87,75.27,4516,1484
64.77,49.25,68.07,18,9,28,1,1,21.71,22.12,1326,4674
70.79,90.71,97.41,11,18,19,0,1,62.55,64.81,3888,2112
78.62,96.37,99.57,12,9,14,0,-1,75.44,70.24,4214,1786
72.8,89.22,94.4,15,16,15,0,1,61.32,67.97,4078,1922
61.67,68.31,93.16,9,16,14,1,-1,39.25,37.72,2262,3738
87.91,55.38,100.0,8,10,5,0,0,48.69,49.71,2982,3018
71.93,51.84,76.59,18,14,20,0,-1,28.56,24.97,1497,4503
83.53,67.85,98.61,9,0,23,0,0,55.89,56.6,3396,2604
79.29,99.56,98.46,12,9,18,0,1,77.72,81.6,4895,1105
80.81,88.0,97.21,10,5,19,0,0,69.12,69.15,4149,1851
67.19,70.11,81.36,17,12,26,0,-1,38.32,34.75,2084,3916
86.04,100.0,98.44,12,2,12,0,1,84.7,88.6,5316,684
84.5,71.6,97.09,9,4,15,0,1,58.74,61.63,3697,2303
94.62,84.97,98.77,10,0,8,0,0,79.41,80.23,4813,1187
84.46,97.28,96.65,13,7,14,0,0,79.41,78.45,4706,1294
85.32,94.69,98.73,11,10,9,0,-1,79.76,76.5,4590,1410
94.21,85.49,87.83,16,0,8,0,-1,70.74,65.74,3944,2056
91.3,54.88,76.41,18,7,1,0,0,38.28,35.79,2147,3853
87.59,67.3,82.47,17,3,14,0,0,48.62,46.4,2784,3216
88.48,94.69,96.65,11,5,12,0,0,80.98,79.85,4790,1210
63.85,70.23,80.33,17,16,29,0,0,36.03,33.79,2027,3973
74.77,56.39,79.76,18,9,22,0,0,33.63,33.36,2001,3999
57.66,55.45,98.83,8,20,29,0,-1,31.6,26.52,1590,4410
73.19,96.68,96.68,12,19,7,0,1,68.42,71.39,4283,1717
81.46,70.2,99.72,9,15,4,0,0,57.03,57.33,3439,2561
75.2,98.78,96.26,14,19,11,0,-1,71.51,66.51,3990,2010
69.98,96.5,94.26,15,15,24,0,0,63.66,64.82,3889,2111
78.48,93.64,93.16,15,6,24,0,0,68.46,68.84,4130,1870
62.58,86.37,99.94,10,19,27,0,-1,54.02,49.42,2964,3036
74.11,94.31,90.91,15,14,16,0,1,63.54,69.41,4164,1836
65.99,49.34,86.72,8,18,3,1,-1,28.23,24.39,1463,4537
79.81,96.04,91.15,15,16,6,0,-1,69.86,66.25,3974,2026
90.2,72.28,97.24,9,5,10,0,0,63.4,61.54,3692,2308
82.35,90.71,94.3,15,14,3,0,1,70.45,73.21,4392,1608
72.25,54.41,78.44,18,18,15,0,1,30.83,32.46,1947,4053
68.43,93.78,93.23,15,14,25,0,-1,59.82,57.98,3478,2522
74.04,70.65,100.0,9,16,13,0,-1,52.31,48.13,2887,3113
71.48,36.28,100.0,7,17,14,0,-1,25.94,19.98,1199,4801
93.15,95.73,99.46,11,0,12,0,0,88.69,88.58,5315,685
85.54,95.2,96.36,11,0,23,0,1,78.47,82.13,4928,1072
90.09,55.17,100.0,8,1,13,0,-1,49.71,44.96,2697,3303
83.9,53.45,98.2,8,17,1,0,0,44.04,43.93,2635,3365
84.11,54.52,98.35,8,15,1,0,0,45.1,45.82,2749,3251
85.67,89.95,98.42,11,13,5,0,0,75.84,75.54,4532,1468
66.34,67.98,97.63,9,20,23,0,0,44.04,44.47,2668,3332
78.27,69.51,83.33,17,13,11,0,1,45.34,51.39,3083,2917
66.51,100.0,97.24,13,14,27,0,0,64.67,63.82,3829,2171
85.93,100.0,97.62,13,12,2,0,0,83.88,83.22,4993,1007
63.56,59.86,78.98,17,17,4,1,0,30.05,29.88,1792,4208
86.89,72.77,82.72,17,11,3,0,0,52.3,53.49,3209,2791
73.91,69.04,97.08,9,17,12,0,0,49.54,49.73,2984,3016
79.89,93.12,92.58,15,4,23,0,0,68.87,70.16,4209,1791
82.88,85.67,100.0,10,0,24,0,0,71.0,72.32,4338,1662
80.68,36.18,99.03,7,9,14,0,-1,28.91,23.37,1402,4598
77.26,91.78,93.08,15,13,17,0,0,66.0,65.69,3941,2059
88.08,99.79,97.32,13,7,7,0,0,85.53,87.26,5235,765
86.73,100.0,97.0,14,11,4,0,-1,84.13,80.3,4817,1183
93.98,53.92,78.58,18,3,1,0,1,39.82,45.9,2753,3247
64.98,97.56,94.97,13,19,24,0,0,60.21,57.38,3442,2558
88.46,37.98,98.96,7,7,6,0,1,33.25,37.13,2227,3773
86.77,83.34,87.63,16,1,14,0,-1,63.37,59.61,3576,2424
88.86,51.68,71.35,18,1,7,1,0,32.76,31.96,1917,4083
90.11,52.68,78.3,18,1,12,0,-1,37.17,33.82,2028,3972
75.35,94.72,91.61,15,6,24,0,0,65.38,65.58,3935,2065
70.74,30.0,88.52,7,4,16,1,-1,18.78,14.37,862,5138
77.21,82.4,96.44,10,18,10,0,0,61.36,62.02,3721,2279
62.03,82.83,87.88,16,19,24,0,0,45.16,45.4,2723,3277
86.53,72.25,82.71,17,10,7,0,-1,51.71,48.31,2898,3102
79.29,70.26,96.51,9,16,7,0,0,53.77,52.32,3139,2861
86.27,99.74,100.0,13,9,8,0,1,86.04,87.8,5268,732
80.09,84.99,88.61,16,5,20,0,1,60.31,65.39,3923,2077
87.88,95.17,94.08,15,15,1,0,1,78.69,84.69,5081,919
70.54,70.59,82.88,17,12,25,0,1,41.27,42.2,2531,3469
80.29,55.04,76.22,18,13,13,0,0,33.68,33.63,2017,3983
83.04,73.12,96.81,9,9,12,0,-1,58.78,56.08,3364,2636
80.88,93.79,93.0,15,15,7,0,0,70.55,70.96,4257,1743
72.31,81.63,96.7,10,9,27,0,1,57.07,62.0,3720,2280
86.75,97.39,97.2,14,1,17,0,1,82.11,86.06,5163,837
70.8,100.0,96.1,13,17,16,0,0,68.04,68.71,4122,1878
81.61,71.7,96.23,9,12,7,0,1,56.3,59.07,3544,2456
78.62,96.25,98.97,12,20,2,0,1,74.89,80.6,4836,1164
86.06,100.0,96.36,12,2,17,0,0,82.93,79.75,4785,1215
90.76,53.04,82.13,18,6,1,0,1,39.54,42.31,2538,3462
64.56,70.86,82.6,17,19,19,0,1,37.79,39.55,2372,3628
76.27,52.47,98.73,8,6,25,0,0,39.51,37.56,2253,3747
79.56,83.69,85.91,16,17,6,0,0,57.2,56.49,3389,2611
73.99,99.5,100.0,14,6,27,0,0,73.62,73.21,4392,1608
70.99,96.59,98.46,12,9,30,0,0,67.51,67.27,4036,1964
74.64,34.64,97.76,7,6,29,0,0,25.28,25.09,1505,4495
80.81,84.28,98.13,10,3,23,0,-1,66.83,61.63,3697,2303
78.9,95.83,98.88,14,7,22,0,0,74.77,75.39,4523,1477
84.9,82.28,90.03,16,6,12,0,0,62.89,62.23,3734,2266
77.03,83.52,99.75,10,17,10,0,-1,64.17,59.6,3575,2425
73.26,100.0,94.06,13,14,17,0,0,68.91,71.46,4287,1713
84.47,75.89,84.31,17,11,9,0,1,54.04,58.04,3482,2518
74.49,91.15,91.97,15,15,14,0,1,62.44,63.48,3809,2191
68.49,54.93,78.22,18,15,24,0,0,29.42,28.9,1734,4266
90.92,100.0,96.13,12,6,11,0,1,87.4,90.88,5453,547
61.09,36.06,96.98,7,18,27,0,0,21.37,22.33,1340,4660
97.49,86.55,96.72,10,4,0,0,-1,81.61,79.04,4742,1258
64.74,87.02,88.34,16,18,23,0,1,49.77,54.08,3244,2756
85.77,68.76,97.15,9,6,10,0,1,57.29,60.09,3605,2395
79.97,81.56,89.01,16,7,15,0,-1,58.05,54.45,3267,2733
82.86,70.45,83.97,17,10,8,0,0,49.02,49.95,2996,3004
64.3,96.55,97.22,14,20,23,0,0,60.36,61.69,3701,2299
80.59,98.62,99.59,14,14,5,0,1,79.16,83.71,5022,978
94.7,98.81,98.88,12,5,4,0,0,92.52,93.94,5636,364
71.83,55.48,76.06,18,17,15,0,1,30.31,32.9,1974,4026
60.64,88.42,95.3,15,20,30,0,-1,51.1,49.99,2999,3001
77.0,37.66,99.47,7,2,30,0,-1,28.85,22.18,1330,4670
91.02,33.74,100.0,7,0,13,0,1,30.71,34.3,2058,3942
91.02,72.07,83.36,17,7,2,0,0,54.68,55.94,3356,2644
96.49,52.22,77.71,18,4,0,0,0,39.16,40.22,2412,3588
59.2,74.5,87.5,10,16,14,1,0,38.59,38.36,2301,3699
84.61,92.54,97.17,12,1,19,0,1,76.08,81.94,4916,1084
70.96,79.31,87.23,16,15,21,0,0,49.09,50.23,3014,2986
98.61,96.28,98.22,14,0,0,0,0,93.25,93.53,5611,389
74.03,92.13,97.52,15,17,13,0,0,66.51,67.14,4028,1972
87.48,30.39,98.47,7,0,16,0,-1,26.18,23.07,1384,4616
89.94,93.84,92.74,15,9,0,0,-1,78.28,72.91,4374,1626
71.52,57.59,77.53,18,13,25,0,-1,31.93,27.4,1644,4356
76.79,71.77,97.17,9,3,29,0,0,53.55,53.57,3214,2786
81.26,55.99,99.0,8,16,4,0,1,45.04,47.94,2876,3124
76.01,83.38,84.29,16,16,8,0,-1,53.42,46.48,2789,3211
86.62,90.28,98.74,11,12,2,0,0,77.21,78.2,4691,1309
78.55,100.0,97.3,12,12,14,0,1,76.42,80.71,4842,1158
88.07,59.11,76.69,18,7,9,0,0,39.93,40.89,2453,3547
86.26,70.16,82.98,17,2,20,0,-1,50.22,42.45,2547,3453
98.24,72.86,82.67,17,1,2,0,0,59.18,59.46,3567,2433
79.11,100.0,98.19,13,12,12,0,-1,77.68,71.49,4289,1711
81.41,34.42,96.09,7,20,0,0,-1,26.93,21.68,1300,4700
66.31,55.45,98.46,8,15,27,0,0,36.21,36.21,2172,3828
61.84,96.75,96.84,13,20,25,0,-1,57.94,55.51,3330,2670
66.02,55.17,100.0,8,16,29,0,0,36.42,38.48,2308,3692
86.2,35.64,98.13,7,7,6,0,-1,30.15,24.12,1447,4553
70.4,54.95,79.81,18,18,15,0,1,30.87,34.14,2048,3952
66.43,45.14,91.12,8,8,28,1,0,27.32,27.22,1633,4367
66.15,92.94,94.54,15,18,21,0,0,58.12,58.62,3517,2483
75.3,35.6,96.46,7,5,29,0,1,25.86,31.31,1878,4122
80.68,40.28,97.94,7,6,18,0,-1,31.83,27.85,1670,4330
59.17,46.73,64.23,18,12,29,1,0,17.76,17.32,1039,4961
86.52,56.22,97.92,8,9,5,0,0,47.64,46.81,2808,3192
81.28,85.13,87.49,16,7,18,0,-1,60.55,55.34,3320,2680
76.06,100.0,98.87,13,17,10,0,1,75.2,78.29,4697,1303
77.83,53.88,78.95,18,4,25,0,1,33.11,38.44,2306,3694
86.16,57.12,78.29,18,2,16,0,-1,38.53,34.74,2084,3916
98.1,95.85,97.85,12,1,3,0,1,92.0,96.74,5804,196
76.64,51.49,98.18,8,10,19,0,-1,38.74,32.83,1969,4031
68.3,82.45,91.83,16,12,24,0,-1,51.71,49.06,2943,3057
73.18,74.01,81.51,17,8,25,0,1,44.15,49.56,2973,3027
87.35,96.2,94.91,14,7,11,0,-1,79.76,76.64,4598,1402
84.19,100.0,96.82,13,13,5,0,0,81.51,80.12,4807,1193
67.68,69.96,81.8,17,18,21,0,1,38.73,39.79,2387,3613
73.16,86.68,86.66,16,9,25,0,-1,54.96,50.45,3026,2974
91.52,54.3,98.4,8,2,8,0,0,48.9,48.75,2924,3076
70.04,73.66,98.16,9,12,22,0,0,50.64,52.03,3121,2879
80.99,71.32,84.14,17,4,23,0,-1,48.6,44.65,2678,3322
94.33,99.48,98.05,12,3,2,0,-1,92.01,87.66,5259,741
77.69,87.71,99.98,11,14,11,0,-1,68.13,63.25,3795,2205
95.4,58.67,96.9,8,4,2,0,1,54.23,58.65,3518,2482
74.42,98.98,99.01,14,17,17,0,0,72.94,72.67,4360,1640
87.27,92.18,92.96,15,13,3,0,-1,74.78,74.14,4448,1552
82.92,97.81,98.46,12,17,2,0,0,79.85,80.51,4830,1170
62.9,85.43,87.18,16,19,25,0,-1,46.85,42.87,2572,3428
92.48,99.2,98.92,13,0,9,0,0,90.74,89.02,5341,659
71.89,100.0,96.85,13,12,24,0,0,69.63,70.8,4247,1753
62.86,53.26,97.09,8,17,28,0,-1,32.51,27.27,1636,4364
71.34,85.74,98.54,10,18,16,0,-1,60.27,55.98,3359,2641
92.97,99.25,99.67,13,5,4,0,0,91.97,90.87,5452,548
86.31,88.64,99.02,11,9,8,0,0,75.76,74.68,4480,1520
95.83,100.0,99.68,14,4,2,0,0,95.53,95.0,5700,300
80.37,73.99,97.42,9,13,8,0,0,57.93,56.06,3363,2637
83.52,100.0,99.15,13,9,15,0,1,82.81,86.96,5217,783
69.77,97.86,95.75,12,8,30,0,1,65.37,68.01,4080,1920
74.56,68.33,82.61,17,15,19,0,1,42.09,45.9,2753,3247
93.93,100.0,96.52,14,3,4,0,1,90.66,93.43,5605,395
72.06,98.07,97.89,13,10,26,0,1,69.18,74.79,4487,1513
66.01,89.68,91.69,12,14,10,1,0,54.27,54.09,3245,2755
58.9,92.01,93.46,13,20,19,1,0,50.65,51.42,3085,2915
83.62,68.79,99.5,9,9,10,0,0,57.24,56.34,3380,2620
83.26,82.83,88.93,16,6,15,0,1,61.33,61.0,3660,2340
84.31,100.0,99.91,13,10,9,0,0,84.24,84.44,5066,934
68.98,51.08,77.06,18,20,15,0,0,27.15,26.86,1611,4389
85.65,83.14,84.36,16,7,10,0,-1,60.08,55.28,3316,2684
84.14,98.37,99.61,13,11,3,0,0,82.45,81.73,4903,1097
81.23,86.68,87.46,16,6,18,0,-1,61.58,55.09,3305,2695
82.76,74.91,98.67,9,17,0,0,1,61.17,67.0,4020,1980
76.28,89.54,95.23,14,6,14,1,-1,65.04,59.7,3582,2418
81.83,51.97,76.0,18,2,26,0,1,32.32,35.54,2132,3868
82.35,100.0,95.88,13,15,4,0,-1,78.96,75.23,4514,1486
74.46,84.42,96.22,10,8,21,0,0,60.48,60.09,3605,2395
68.22,71.21,95.7,9,13,25,0,1,46.5,51.15,3069,2931
69.71,97.15,96.85,14,19,15,0,0,65.59,66.47,3988,2012
75.53,79.85,87.14,16,12,17,0,-1,52.55,47.35,2840,3160
76.49,54.82,77.73,18,13,17,0,0,32.59,33.25,1994,4006
72.44,31.65,96.97,7,11,22,0,1,22.24,27.2,1631,4369
68.03,91.57,92.91,15,19,20,0,0,57.89,59.07,3544,2456
79.3,53.73,96.72,8,3,24,0,1,41.21,43.67,2619,3381
83.48,74.74,83.48,17,11,5,0,1,52.08,55.26,3315,2685
70.56,32.98,99.46,7,18,20,0,-1,23.15,19.84,1190,4810
67.45,99.59,97.95,13,10,30,0,-1,65.79,61.27,3675,2325
94.95,54.96,98.44,8,0,3,0,1,51.37,54.65,3279,2721
74.37,93.56,92.44,15,16,17,0,-1,64.33,59.5,3570,2430
82.95,87.07,87.73,16,7,14,0,-1,63.36,59.84,3590,2410
69.54,99.1,98.12,14,18,22,0,0,67.62,67.66,4059,1941
88.5,93.66,91.93,15,4,11,0,0,76.2,75.82,4548,1452
82.33,39.37,98.65,7,15,3,0,0,31.97,30.7,1841,4159
63.41,96.0,99.05,11,13,29,0,0,60.3,60.83,3649,2351
79.05,52.24,97.27,8,3,26,0,-1,40.17,35.25,2114,3886
82.36,70.92,98.2,9,11,9,0,0,57.36,58.09,3485,2515
70.29,95.16,98.76,12,14,25,0,1,66.06,69.51,4170,1830
77.38,96.88,99.13,14,11,15,0,0,74.31,73.7,4421,1579
71.58,55.03,97.73,8,14,23,0,-1,38.49,33.6,2015,3985
93.67,98.62,97.76,12,2,9,0,0,90.31,92.81,5568,432
95.42,34.49,96.15,7,3,0,0,1,31.65,37.99,2279,3721
84.14,70.8,82.45,17,3,21,0,0,49.12,47.45,2846,3154
81.06,73.86,96.54,9,7,16,0,0,57.8,58.2,3492,2508
79.4,68.3,98.11,9,17,5,0,0,53.21,54.26,3255,2745
72.33,98.15,97.06,12,17,13,0,0,68.91,69.65,4179,1821
75.55,99.58,99.63,14,7,25,0,1,74.95,79.26,4755,1245
81.0,70.13,97.48,9,5,20,0,0,55.38,55.0,3300,2700
77.6,71.59,80.98,17,13,12,0,0,44.98,45.0,2699,3301
63.87,35.98,99.75,7,19,28,0,0,22.92,22.2,1331,4669
75.18,86.88,97.17,10,14,18,0,0,63.47,63.21,3792,2208
86.87,100.0,99.69,13,12,0,0,1,86.6,89.67,5380,620
75.81,83.25,98.17,10,8,24,0,-1,61.96,57.6,3456,2544
79.58,56.94,98.63,8,18,3,0,-1,44.69,39.71,2382,3618
88.65,92.88,93.99,15,5,11,0,-1,77.38,75.85,4550,1450
92.96,98.39,97.23,14,3,8,0,-1,88.93,81.69,4901,1099
63.59,97.89,97.52,14,16,30,0,0,60.7,58.92,3535,2465
79.27,71.0,83.49,17,10,19,0,-1,47.0,44.39,2663,3337
78.79,100.0,98.23,13,18,3,0,-1,77.39,74.3,4457,1543
80.63,96.18,97.49,14,19,5,0,-1,75.6,70.58,4234,1766
61.7,45.65,69.57,18,9,29,1,1,19.59,22.31,1338,4662
90.61,57.02,95.48,8,4,10,0,0,49.33,49.04,2942,3058
86.29,56.75,97.41,8,7,9,0,0,47.7,47.94,2876,3124
86.24,56.32,95.62,8,5,11,0,1,46.44,51.22,3073,2927
77.81,94.25,93.25,15,12,13,0,1,68.38,73.51,4410,1590
80.67,87.94,89.93,16,12,13,0,0,63.79,60.26,3615,2385
69.37,71.45,97.78,9,15,20,0,1,48.46,53.12,3187,2813
82.24,69.72,80.43,17,5,17,0,0,46.11,44.74,2684,3316
77.9,69.69,96.23,9,15,9,0,0,52.23,52.27,3135,2865
88.43,71.48,97.18,9,5,10,0,0,61.43,61.05,3663,2337
80.06,98.15,97.11,14,19,1,0,1,76.31,81.69,4901,1099
85.73,34.1,98.56,7,15,4,0,0,28.81,29.66,1779,4221
64.3,84.33,98.19,10,12,30,0,1,53.24,57.14,3428,2572
76.44,71.84,82.67,17,15,13,0,-1,45.4,41.05,2462,3538
74.56,100.0,95.56,13,14,15,0,0,71.25,70.88,4252,1748
84.92,66.39,95.95,9,2,18,0,0,54.09,52.99,3179,2821
72.87,30.0,89.87,7,7,9,1,0,19.64,19.31,1158,4842
87.61,33.21,98.03,7,8,7,0,-1,28.53,22.91,1374,4626
72.82,71.6,97.97,9,14,18,0,0,51.09,50.11,3006,2994
73.03,52.53,80.09,18,15,17,0,1,30.73,33.41,2004,3996
92.26,83.14,87.22,16,3,8,0,0,66.9,67.75,4065,1935
77.14,93.83,91.53,15,11,17,0,-1,66.25,59.56,3573,2427
74.26,34.56,98.94,7,14,17,0,1,25.39,28.19,1691,4309
83.73,99.67,99.05,13,3,23,0,0,82.66,81.83,4909,1091
87.38,70.49,83.04,17,7,9,0,0,51.15,51.85,3110,2890
81.09,39.4,97.79,7,14,8,0,-1,31.24,28.44,1706,4294
64.48,55.19,95.56,8,14,27,0,0,34.01,31.5,1889,4111
88.37,54.79,100.0,8,7,6,0,1,48.42,53.4,3204,2796
70.54,83.32,87.38,16,11,27,0,1,51.36,58.03,3481,2519
80.04,70.48,87.05,17,13,5,0,1,49.11,53.34,3200,2800
78.15,86.68,98.33,10,6,25,0,1,66.62,68.01,4080,1920
73.75,99.57,96.78,12,17,8,0,-1,71.06,66.85,4011,1989
74.65,71.74,96.33,9,10,22,0,-1,51.59,49.61,2976,3024
70.1,80.45,87.84,16,8,30,0,1,49.54,55.01,3300,2700
93.85,70.96,81.35,17,3,4,0,0,54.17,54.99,3299,2701
90.54,100.0,96.16,13,1,8,0,0,87.06,86.47,5188,812
81.14,68.81,80.76,17,4,22,0,1,45.09,48.43,2905,3095
84.99,81.81,96.62,10,4,22,0,1,67.18,69.9,4194,1806
78.42,81.84,95.93,10,12,15,0,0,61.57,59.77,3586,2414
67.55,69.94,99.87,9,18,20,0,0,47.18,48.41,2904,3096
70.05,91.6,97.01,11,20,13,0,0,62.25,61.55,3693,2307
83.65,100.0,98.54,13,14,2,0,-1,82.43,76.98,4618,1382
74.37,55.76,96.77,8,12,16,0,0,40.13,40.46,2427,3573
77.61,52.0,75.78,18,8,22,0,0,30.58,32.25,1935,4065
61.6,97.5,97.66,12,14,30,0,0,58.65,59.37,3562,2438
78.08,100.0,95.64,14,10,18,0,0,74.67,75.76,4545,1455
81.96,37.38,97.89,7,2,23,0,-1,29.99,21.58,1294,4706
69.87,73.32,81.66,17,11,27,0,-1,41.83,39.19,2351,3649
86.31,91.0,93.76,15,12,6,0,0,73.64,73.55,4412,1588
83.15,98.21,99.2,13,6,15,0,1,81.01,82.21,4932,1068
79.07,90.6,99.88,11,10,17,0,-1,71.55,67.4,4044,1956
68.47,83.96,85.37,16,15,25,0,-1,49.08,44.84,2690,3310
100.0,72.01,81.55,17,1,1,0,1,58.72,60.32,3619,2381
98.05,93.57,100.0,14,0,3,0,-1,91.75,86.48,5188,812
78.07,75.66,96.02,9,14,14,0,0,56.72,57.49,3449,2551
82.8,32.11,98.74,7,13,6,0,-1,26.25,21.1,1266,4734
71.2,68.21,98.2,9,20,9,0,0,47.69,47.72,2863,3137
89.53,72.82,98.8,9,8,2,0,-1,64.41,60.65,3638,2362
89.63,96.91,96.78,11,2,11,0,0,84.06,86.17,5170,830
78.55,71.45,84.28,17,20,5,0,0,47.3,48.53,2911,3089
75.46,35.2,99.03,7,12,20,0,0,26.31,24.15,1449,4551
86.38,94.05,98.36,11,7,13,0,0,79.9,80.39,4823,1177
85.59,71.99,85.39,17,2,22,0,0,52.61,52.04,3122,2878
96.45,54.21,98.81,8,0,6,0,-1,51.66,48.06,2883,3117
75.6,72.24,99.3,9,18,7,0,1,54.23,58.48,3508,2492
100.0,95.86,96.33,14,0,0,0,0,92.34,91.71,5502,498
71.48,56.67,77.52,18,10,26,0,-1,31.4,27.33,1640,4360
85.41,100.0,98.3,13,4,15,0,0,83.96,85.05,5103,897
87.87,55.39,97.78,8,7,12,0,0,47.59,48.55,2913,3087
98.64,54.45,97.52,8,3,3,0,1,52.38,55.75,3344,2656
84.65,91.63,95.55,11,4,12,0,0,74.11,73.69,4421,1579
63.16,71.34,99.29,9,20,21,0,0,44.74,43.04,2582,3418
88.03,72.83,99.43,9,2,16,0,-1,63.75,60.72,3643,2357
76.66,82.97,88.0,16,20,5,0,0,55.98,57.51,3450,2550
74.97,100.0,97.46,14,11,23,0,0,73.06,73.91,4434,1566
64.01,85.85,100.0,10,20,23,0,0,54.95,55.55,3333,2667
73.77,72.64,97.45,9,13,19,0,1,52.23,59.36,3561,2439
77.15,85.99,99.3,10,2,28,0,1,65.88,67.78,4066,1934
66.76,51.98,98.28,8,18,23,0,1,34.11,38.1,2285,3715
70.58,98.21,96.0,13,10,25,0,0,66.54,67.88,4072,1928
89.72,71.84,99.83,9,7,8,0,-1,64.35,59.9,3594,2406
69.23,80.7,98.4,10,17,19,0,0,54.98,54.94,3296,2704
74.46,82.06,88.11,16,19,9,0,1,53.83,59.69,3581,2419
81.45,53.56,77.12,18,0,27,0,-1,33.64,28.49,1709,4291
81.46,94.93,100.0,11,6,16,0,-1,77.32,72.04,4322,1678
83.26,81.27,98.72,10,12,9,0,0,66.8,65.93,3955,2045
82.73,69.53,83.83,17,1,25,0,0,48.22,47.87,2872,3128
75.46,84.22,100.0,10,15,12,0,-1,63.55,60.32,3619,2381
65.48,95.29,98.45,14,20,19,0,0,61.43,60.88,3652,2348
63.2,52.71,99.63,8,16,28,0,0,33.19,32.62,1956,4044
67.97,35.11,97.98,7,11,29,0,0,23.38,24.06,1443,4557
87.7,97.46,95.78,12,4,12,0,1,81.86,87.56,5253,747
78.14,82.06,89.09,16,13,11,0,0,57.12,57.57,3454,2546
77.96,90.96,93.14,15,5,24,0,-1,66.05,60.6,3636,2364
87.62,56.74,96.12,8,0,18,0,1,47.79,48.53,2911,3089
95.0,92.49,97.76,11,6,1,0,0,85.9,86.34,5180,820
76.23,32.56,98.51,7,12,16,0,-1,24.45,21.04,1262,4738
69.59,56.75,79.45,18,16,24,0,0,31.38,31.07,1864,4136
71.51,98.5,98.63,13,13,22,0,0,69.47,70.64,4238,1762
85.62,97.85,96.99,13,2,20,0,0,81.26,82.22,4932,1068
67.55,91.85,92.55,15,17,19,0,0,57.42,57.07,3423,2577
89.77,69.01,100.0,9,8,2,0,-1,61.95,60.58,3634,2366
75.9,93.06,92.91,15,6,25,0,0,65.62,64.96,3897,2103
75.29,68.59,96.66,9,17,10,0,1,49.91,51.84,3110,2890
64.9,73.94,84.8,17,20,21,0,0,40.69,40.66,2439,3561
92.48,70.54,80.86,17,2,9,0,0,52.75,53.15,3188,2812
71.34,54.27,77.72,18,13,23,0,1,30.09,33.42,2005,3995
93.15,83.91,96.87,10,1,7,0,0,75.71,76.07,4564,1436
86.9,56.86,97.09,8,13,3,0,0,47.97,48.47,2908,3092
65.16,100.0,97.15,14,19,19,0,1,63.3,65.16,3909,2091
92.32,66.79,85.08,17,5,3,0,0,52.46,51.12,3067,2933
79.09,34.54,100.0,7,4,22,0,-1,27.32,26.05,1562,4438
76.9,98.48,98.11,14,11,16,0,0,74.3,75.27,4516,1484
87.96,94.28,92.86,15,8,5,0,1,77.01,79.41,4764,1236
77.27,54.63,76.19,18,8,23,0,-1,32.16,26.67,1600,4400
73.88,37.24,97.11,7,10,25,0,1,26.72,29.82,1789,4211
94.57,92.17,92.64,15,2,8,0,-1,80.75,77.37,4642,1358
76.81,85.16,86.61,16,20,2,0,1,56.65,59.5,3570,2430
87.97,89.92,94.44,15,11,1,0,0,74.7,75.83,4549,1451
75.58,100.0,96.78,14,18,5,0,1,73.15,77.48,4648,1352
77.12,95.22,96.14,11,3,28,0,-1,70.6,66.92,4015,1985
95.59,53.94,79.44,18,3,7,0,1,40.96,45.82,2748,3252
79.52,37.81,97.26,7,1,27,0,1,29.24,33.28,1997,4003
90.59,84.02,99.98,10,1,15,0,-1,76.1,71.28,4276,1724
74.53,71.37,99.04,9,5,29,0,-1,52.68,46.39,2783,3217
64.11,34.97,97.78,7,17,25,0,1,21.92,27.42,1644,4356
61.89,50.9,73.48,18,20,13,1,0,23.15,22.11,1326,4674
85.08,83.11,97.1,10,10,7,0,1,68.66,70.36,4221,1779
86.76,53.85,79.36,18,10,8,0,0,37.08,37.58,2255,3745
71.59,57.37,95.03,8,18,11,0,0,39.03,38.88,2332,3668
69.77,53.64,98.59,8,16,21,0,-1,36.9,31.44,1886,4114
78.65,68.43,98.04,9,7,25,0,-1,52.77,49.13,2948,3052
86.22,32.53,99.89,7,12,2,0,-1,28.01,22.84,1370,4630
72.15,83.48,92.25,11,9,10,1,0,55.56,57.13,3427,2573
58.5,46.98,92.57,8,17,14,1,0,25.44,24.15,1449,4551
82.86,37.05,99.11,7,11,6,0,-1,30.42,26.55,1593,4407
78.32,90.74,97.77,11,19,7,0,1,69.48,72.7,4361,1639
55.19,73.56,85.54,16,15,24,1,0,34.72,34.59,2075,3925
64.49,82.16,99.95,10,17,24,0,1,52.96,58.28,3497,2503
78.87,72.22,96.78,9,0,29,0,1,55.13,60.27,3616,2384
74.36,78.56,95.78,10,17,11,0,1,55.95,59.16,3549,2451
76.98,54.44,78.76,18,0,30,0,0,33.01,33.53,2011,3989
81.12,100.0,99.18,12,0,24,0,0,80.46,79.56,4773,1227
67.95,70.28,79.62,17,12,27,0,-1,38.02,33.41,2004,3996
91.15,91.56,95.74,11,3,6,0,0,79.91,78.9,4734,1266
82.85,93.05,92.43,15,7,13,0,0,71.26,69.99,4199,1801
94.39,99.82,96.73,14,1,4,0,0,91.13,90.65,5438,562
90.66,54.37,78.19,18,8,2,0,1,38.54,38.34,2300,3700
76.46,81.98,97.63,10,16,13,0,0,61.19,61.49,3689,2311
80.24,50.94,76.67,18,11,14,0,1,31.34,36.91,2214,3786
79.56,52.19,98.6,8,18,3,0,0,40.94,42.26,2535,3465
83.44,94.13,91.46,15,4,20,0,0,71.83,72.21,4332,1668
85.3,99.28,99.84,13,2,18,0,0,84.55,83.34,5000,1000
91.5,83.28,89.9,16,1,13,0,0,68.51,69.0,4140,1860
89.27,74.05,85.33,17,4,7,0,-1,56.4,54.12,3247,2753
72.82,96.79,100.0,12,12,22,0,-1,70.48,65.3,3917,2083
79.68,98.05,97.45,12,10,14,0,0,76.13,76.94,4616,1384
91.09,92.72,98.03,11,7,2,0,1,82.79,87.76,5265,735
69.59,62.61,87.59,9,18,3,1,0,38.16,38.99,2339,3661
92.71,70.22,96.64,9,3,5,0,-1,62.91,57.31,3438,2562
82.57,100.0,99.11,12,13,3,0,0,81.83,81.43,4885,1115
66.35,92.77,91.53,15,11,30,0,1,56.34,62.07,3724,2276
80.99,98.44,100.0,14,9,14,0,-1,79.73,76.43,4585,1415
96.63,54.32,99.04,8,2,5,0,1,51.99,57.16,3429,2571
81.17,93.83,96.06,11,19,1,0,0,73.16,73.38,4403,1597
88.29,84.99,97.95,10,10,4,0,1,73.5,75.35,4520,1480
78.53,84.24,96.27,10,11,12,0,1,63.69,66.78,4006,1994
85.96,70.38,82.45,17,9,8,0,-1,49.88,44.1,2646,3354
78.54,74.29,98.78,9,0,30,0,0,57.63,58.9,3533,2467
71.05,97.52,98.77,13,14,17,0,-1,68.43,64.99,3899,2101
87.8,80.9,98.78,10,3,14,0,-1,70.16,65.08,3904,2096
96.33,72.5,98.67,9,3,0,0,0,68.91,68.91,4134,1866
90.51,33.62,99.38,7,7,4,0,0,30.24,30.93,1855,4145
81.99,83.49,98.0,10,12,11,0,0,67.08,67.68,4060,1940
55.65,74.96,83.09,17,20,30,0,0,34.67,33.04,1982,4018
83.76,70.92,85.27,17,2,18,0,0,50.65,51.06,3063,2937
70.46,82.31,86.94,16,8,29,0,0,50.42,50.07,3004,2996
87.31,48.87,94.33,8,0,2,1,0,40.25,38.66,2319,3681
68.92,82.46,96.53,10,20,14,0,0,54.86,56.66,3399,2601
80.06,71.6,98.39,9,2,28,0,0,56.4,56.05,3363,2637
95.48,100.0,96.1,12,3,1,0,-1,91.75,87.52,5251,749
60.99,30.0,93.64,7,5,29,1,0,17.13,14.43,865,5135
68.13,80.34,88.16,16,13,26,0,-1,48.26,43.26,2595,3405
93.57,100.0,98.22,14,0,12,0,-1,91.9,87.09,5225,775
84.4,71.55,95.64,9,11,6,0,0,57.75,57.83,3470,2530
86.26,68.98,96.12,9,8,8,0,1,57.19,61.19,3671,2329
84.03,69.27,99.16,9,1,19,0,0,57.72,57.9,3473,2527
78.07,85.67,86.32,16,19,7,0,-1,57.74,54.31,3258,2742
67.28,99.8,97.76,14,13,28,0,1,65.64,71.03,4261,1739
94.22,30.41,97.93,7,2,8,0,-1,28.07,24.14,1448,4552
81.1,100.0,98.06,13,6,20,0,0,79.52,79.18,4750,1250
77.75,92.0,92.89,15,7,20,0,0,66.44,67.44,4046,1954
93.15,93.98,91.4,15,0,12,0,0,80.02,81.68,4900,1100
76.43,51.88,78.38,18,11,15,0,1,31.08,34.55,2073,3927
68.0,98.59,100.0,14,11,29,0,0,67.04,67.52,4051,1949
77.44,85.28,87.94,16,16,10,0,-1,58.07,55.56,3333,2667
92.82,73.04,96.93,9,0,10,0,1,65.71,68.6,4115,1885
92.29,34.35,98.31,7,8,1,0,0,31.17,30.67,1840,4160
76.16,97.85,98.62,14,16,11,0,0,73.5,73.78,4426,1574
91.11,83.63,88.12,16,7,5,0,0,67.14,68.74,4124,1876
78.3,54.98,98.36,8,7,21,0,1,42.34,45.71,2742,3258
82.64,88.49,91.57,15,1,24,0,0,66.96,68.78,4126,1874
62.85,81.42,100.0,10,18,27,0,1,51.17,56.28,3376,2624
68.38,100.0,97.63,13,11,29,0,0,66.75,66.38,3983,2017
76.63,63.39,84.95,9,5,7,1,1,41.26,46.35,2780,3220
67.05,56.37,77.87,18,11,29,0,0,29.43,28.98,1738,4262
84.3,86.6,90.31,16,0,22,0,1,65.93,72.3,4338,1662
77.78,81.99,84.47,16,18,4,0,0,53.87,55.54,3332,2668
74.43,85.19,87.44,16,6,26,0,-1,55.44,48.19,2891,3109
75.44,93.99,95.86,14,17,9,0,0,67.97,68.15,4089,1911
81.35,68.24,98.0,9,15,1,0,1,54.4,56.22,3373,2627
74.8,84.91,99.12,10,19,7,0,0,62.96,62.36,3741,2259
71.26,35.18,97.74,7,16,15,0,-1,24.5,22.06,1323,4677
74.77,84.02,88.58,16,6,25,0,0,55.65,54.47,3268,2732
73.73,70.68,97.05,9,10,22,0,0,50.58,50.01,3000,3000
92.96,72.07,98.14,9,10,1,0,0,65.75,66.23,3973,2027
81.72,33.69,98.05,7,4,18,0,0,26.99,25.27,1516,4484
79.43,54.41,77.07,18,4,24,0,0,33.31,34.21,2052,3948
68.0,55.51,97.98,8,16,27,0,0,36.99,38.02,2281,3719
89.51,95.56,98.61,12,2,11,0,1,84.35,89.83,5389,611
73.38,69.4,83.83,17,12,18,0,-1,42.69,39.55,2373,3627
87.48,92.71,96.91,11,10,4,0,0,78.6,78.41,4704,1296
67.29,74.81,97.05,9,13,25,0,0,48.85,48.76,2925,3075
69.13,72.1,81.94,17,15,20,0,0,40.84,40.3,2418,3582
71.42,87.51,94.94,12,5,22,1,1,59.34,65.27,3915,2085
63.1,53.04,77.21,18,19,25,0,1,25.84,28.56,1713,4287
64.69,70.97,84.1,17,18,26,0,0,38.61,37.88,2273,3727
81.05,72.81,99.2,9,12,9,0,-1,58.54,55.51,3330,2670
91.89,93.26,99.07,11,4,5,0,0,84.9,85.2,5112,888
78.26,58.43,76.45,18,0,30,0,-1,34.96,29.87,1792,4208
71.48,83.52,87.8,16,12,27,0,-1,52.42,44.74,2684,3316
82.39,80.82,81.01,16,1,5,1,0,53.94,53.62,3217,2783
71.65,85.72,85.31,16,10,29,0,0,52.4,53.48,3208,2792
78.45,85.21,86.0,16,7,20,0,0,57.48,58.66,3519,2481
75.2,80.29,88.14,16,3,29,0,0,53.22,55.03,3301,2699
93.0,98.39,99.68,14,4,10,0,-1,91.21,86.46,5187,813
82.29,84.87,97.13,10,11,10,0,1,67.84,70.44,4226,1774
62.3,54.9,100.0,8,20,23,0,0,34.2,35.37,2121,3879
86.48,100.0,100.0,12,14,0,0,1,86.48,87.59,5255,745
89.88,82.46,96.12,10,2,11,0,0,71.24,70.68,4241,1759
80.87,92.68,98.88,11,3,23,0,0,74.11,75.07,4504,1496
89.65,34.6,99.15,7,1,12,0,0,30.76,30.23,1814,4186
78.93,83.04,89.05,14,13,5,1,0,58.36,58.13,3487,2513
67.59,100.0,99.31,13,15,28,0,0,67.12,69.2,4152,1848
70.6,95.06,90.9,13,11,17,1,0,61.01,58.28,3497,2503
77.96,100.0,99.71,13,3,26,0,0,77.74,78.14,4688,1312
66.26,98.85,95.95,14,18,20,0,0,62.85,62.32,3739,2261
91.91,73.65,80.64,17,7,5,0,0,54.59,53.65,3219,2781
81.65,97.37,98.69,14,2,25,0,0,78.46,76.94,4616,1384
91.02,35.01,96.09,7,9,0,0,1,30.62,32.75,1964,4036
92.58,55.65,98.21,8,2,10,0,1,50.6,51.55,3093,2907
81.83,100.0,100.0,13,5,23,0,-1,81.83,80.13,4807,1193
77.05,53.12,97.42,8,10,19,0,-1,39.88,33.73,2023,3977
92.71,96.33,95.94,14,0,13,0,0,85.68,86.86,5211,789
82.9,75.32,83.84,17,5,19,0,0,52.35,52.19,3131,2869
93.13,98.7,97.54,13,5,1,0,0,89.65,87.55,5252,748
85.88,56.73,97.28,8,10,6,0,0,47.4,49.07,2944,3056
72.61,80.37,100.0,10,13,22,0,0,58.36,58.29,3497,2503
77.07,92.55,93.15,15,17,8,0,0,66.44,66.14,3968,2032
81.8,70.9,79.45,17,9,9,0,1,46.08,49.38,2962,3038
77.37,33.3,99.59,7,12,18,0,-1,25.66,21.03,1261,4739
94.04,99.57,97.35,14,4,1,0,0,91.15,90.31,5418,582
81.21,89.11,87.66,12,0,13,1,0,63.44,64.06,3843,2157
73.89,51.45,96.93,8,9,26,0,-1,36.85,31.51,1890,4110
81.42,84.85,88.15,16,15,6,0,1,60.9,60.81,3648,2352
80.25,83.81,97.3,10,5,20,0,0,65.44,66.97,4018,1982
88.74,94.2,99.18,11,2,15,0,0,82.91,83.84,5030,970
70.45,54.27,96.83,8,9,25,0,0,37.02,38.19,2291,3709
72.72,100.0,97.97,13,15,15,0,0,71.24,70.46,4227,1773
90.02,72.57,84.78,17,8,2,0,0,55.38,53.49,3209,2791
73.55,72.03,81.86,17,17,12,0,0,43.37,42.92,2575,3425
69.7,71.4,100.0,9,11,28,0,-1,49.77,47.98,2878,3122
88.94,70.05,100.0,9,14,1,0,0,62.3,61.88,3712,2288
76.06,93.79,100.0,11,14,14,0,0,71.34,72.1,4325,1675
67.33,85.71,95.06,11,7,26,1,-1,54.86,52.43,3145,2855
77.26,34.39,98.02,7,4,24,0,0,26.04,26.61,1596,4404
93.93,51.52,79.66,18,3,2,0,0,38.55,36.28,2176,3824
71.48,68.96,82.91,17,11,25,0,0,40.87,40.82,2449,3551
68.64,96.18,93.37,15,13,24,0,0,61.64,62.36,3741,2259
80.71,84.36,86.6,16,7,17,0,0,58.96,57.97,3477,2523
68.52,33.91,99.05,7,12,26,0,1,23.02,26.48,1588,4412
69.52,89.86,93.5,15,15,18,0,-1,58.41,52.15,3129,2871
90.68,100.0,97.88,14,9,2,0,0,88.75,89.4,5364,636
90.78,100.0,98.58,13,1,16,0,0,89.49,90.85,5450,550
66.28,82.49,89.31,16,16,25,0,1,48.83,53.19,3191,2809
94.17,82.13,85.42,16,4,3,0,-1,66.07,60.51,3630,2370
75.36,97.75,100.0,14,5,30,0,1,73.66,78.89,4733,1267
91.08,85.34,96.84,10,6,4,0,-1,75.27,74.46,4467,1533
85.75,54.92,99.87,8,13,6,0,-1,47.04,39.99,2399,3601
79.1,71.17,78.57,17,4,26,0,0,44.23,43.59,2615,3385
85.18,82.96,86.76,16,8,10,0,0,61.32,60.26,3615,2385
95.61,53.97,77.31,18,2,2,0,0,39.89,40.23,2414,3586
76.13,100.0,96.42,13,17,12,0,0,73.41,72.44,4346,1654
71.44,88.91,91.32,15,10,27,0,0,58.0,59.54,3572,2428
74.73,89.18,98.95,11,16,14,0,0,65.95,65.83,3949,2051
69.11,36.62,99.77,7,19,18,0,-1,25.25,21.56,1293,4707
92.31,100.0,100.0,13,3,13,0,-1,92.31,91.11,5466,534
69.76,84.4,87.95,16,18,18,0,1,51.78,55.08,3304,2696
83.5,55.82,99.28,8,3,18,0,0,46.28,45.37,2722,3278
70.87,52.42,96.65,8,9,27,0,0,35.91,37.33,2239,3761
68.65,95.16,94.97,15,11,28,0,-1,62.03,59.25,3555,2445
67.71,100.0,96.86,13,20,15,0,1,65.59,70.54,4232,1768
97.06,99.73,100.0,14,1,5,0,1,96.79,99.43,5965,35
68.01,71.32,97.41,9,19,19,0,-1,47.25,40.62,2436,3564
91.3,100.0,98.86,13,1,12,0,0,90.25,90.65,5439,561
91.83,96.61,97.63,12,7,1,0,1,86.61,91.91,5514,486
88.53,93.43,98.66,11,11,0,0,1,81.6,85.78,5147,853
83.44,92.11,98.07,11,9,8,0,1,75.37,78.9,4734,1266
78.67,57.73,77.05,18,3,27,0,1,35.0,38.48,2308,3692
69.04,92.43,96.84,11,14,24,0,1,61.8,68.76,4125,1875
70.89,95.16,99.58,11,13,19,0,0,67.17,67.27,4036,1964
97.23,67.67,84.17,17,2,6,0,0,55.39,54.48,3268,2732
73.67,97.7,97.36,14,6,29,0,-1,70.08,64.77,3886,2114
65.51,56.08,77.51,18,15,24,0,0,28.47,27.3,1638,4362
70.86,89.95,93.69,15,11,26,0,0,59.72,58.8,3527,2473
65.34,35.08,95.73,7,16,25,0,-1,21.95,19.94,1196,4804
75.74,94.38,95.33,11,16,12,0,0,68.14,69.64,4178,1822
65.56,70.23,99.86,9,16,28,0,1,45.98,50.0,3000,3000
72.8,73.24,96.42,9,6,28,0,-1,51.41,45.03,2701,3299
91.37,32.5,97.09,7,7,1,0,-1,28.84,24.98,1498,4502
77.14,86.51,86.78,12,6,8,1,0,57.92,57.55,3452,2548
75.35,99.88,99.93,12,14,16,0,0,75.21,74.1,4445,1555
61.75,99.89,98.04,13,20,29,0,0,60.47,61.36,3681,2319
96.16,55.7,97.46,8,0,7,0,0,52.2,52.82,3169,2831
72.94,95.18,98.03,12,15,19,0,-1,68.06,61.99,3719,2281
70.84,96.05,97.37,14,18,17,0,0,66.25,63.04,3782,2218
85.63,95.21,98.6,12,11,5,0,1,80.39,87.39,5243,757
90.39,92.65,95.7,11,2,9,0,0,80.15,80.94,4856,1144
86.1,35.32,99.39,7,12,1,0,0,30.22,31.7,1902,4098
65.56,74.77,95.57,9,18,24,0,0,46.84,45.89,2753,3247
78.18,84.24,99.47,10,7,20,0,1,65.51,68.31,4098,1902
77.72,84.98,97.59,10,8,20,0,1,64.46,69.24,4154,1846
87.62,35.94,96.07,7,0,15,0,0,30.26,28.96,1737,4263
76.45,70.17,100.0,9,20,5,0,0,53.64,54.96,3297,2703
97.99,83.89,89.78,16,0,7,0,-1,73.8,71.1,4266,1734
71.01,94.07,99.73,11,20,8,0,0,66.62,65.09,3905,2095
68.56,100.0,97.79,13,12,27,0,0,67.05,66.52,3991,2009
79.31,96.41,96.29,12,14,8,0,0,73.62,73.78,4426,1574
78.93,84.78,95.4,10,14,9,0,1,63.84,67.42,4045,1955
75.97,82.62,85.77,16,12,18,0,0,53.83,53.18,3191,2809
86.98,53.52,97.61,8,0,16,0,0,45.45,45.39,2723,3277
77.29,70.46,83.97,17,11,17,0,-1,45.72,41.7,2501,3499
86.04,85.91,88.56,16,9,9,0,-1,65.46,60.49,3629,2371
91.63,99.82,98.17,14,2,10,0,1,89.79,95.97,5758,242
70.84,69.85,81.99,17,10,27,0,0,40.57,42.0,2520,3480
76.37,92.07,97.04,11,8,20,0,0,68.24,68.55,4113,1887
73.63,54.32,77.98,18,20,9,0,0,31.19,30.77,1846,4154
84.32,81.89,99.65,10,4,16,0,0,68.81,69.47,4168,1832
80.53,81.99,97.26,10,1,25,0,0,64.22,63.55,3813,2187
74.27,83.98,88.8,16,12,21,0,0,55.39,54.24,3254,2746
78.61,96.42,99.07,12,4,23,0,0,75.09,74.12,4447,1553
68.19,38.29,97.5,7,20,15,0,0,25.46,24.33,1460,4540
71.72,91.26,98.15,11,8,29,0,1,64.24,65.85,3950,2050
86.73,100.0,95.35,13,1,18,0,0,82.7,82.29,4937,1063
60.72,52.64,77.64,18,18,26,0,0,24.81,25.96,1557,4443
74.23,87.14,98.86,10,10,23,0,-1,63.95,59.72,3583,2417
68.14,73.43,79.92,17,17,20,0,0,39.99,39.31,2358,3642
77.17,99.45,97.84,14,11,16,0,-1,75.08,70.34,4220,1780
78.34,70.13,99.41,9,17,5,0,-1,54.62,52.2,3132,2868
78.94,99.04,97.16,14,4,23,0,0,75.96,75.43,4525,1475
65.9,96.11,99.06,11,17,24,0,-1,62.73,57.89,3473,2527
74.3,72.97,84.52,17,10,20,0,0,45.83,46.48,2788,3212
85.01,56.09,97.97,8,7,11,0,-1,46.71,42.84,2570,3430
68.14,91.18,99.13,11,13,25,0,-1,61.59,56.18,3370,2630
80.27,95.74,98.82,12,8,18,0,1,75.94,78.46,4707,1293
86.34,54.27,100.0,8,15,1,0,-1,46.86,39.33,2359,3641
49.75,76.58,78.19,16,18,30,1,0,29.79,30.5,1830,4170
86.89,83.8,88.18,16,2,15,0,-1,64.21,56.98,3418,2582
82.17,93.84,93.32,15,3,27,0,0,71.95,72.56,4353,1647
75.85,72.4,83.58,17,12,16,0,1,45.9,48.28,2896,3104
94.29,37.98,98.03,7,4,4,0,1,35.11,41.4,2483,3517
75.62,96.75,98.08,12,13,18,0,1,71.75,77.45,4647,1353
86.89,95.6,99.97,14,4,10,0,0,83.05,83.76,5025,975
80.4,54.94,81.9,18,5,24,0,-1,36.18,32.13,1927,4073
77.84,97.79,97.56,12,20,5,0,0,74.26,74.71,4482,1518
80.86,96.16,97.66,12,20,1,0,1,75.94,77.01,4620,1380
77.36,98.01,98.29,11,6,24,0,0,74.53,74.59,4475,1525
65.11,73.46,98.17,9,18,24,0,0,46.95,46.16,2769,3231
67.61,73.59,95.99,9,15,25,0,-1,47.76,42.38,2542,3458
82.92,51.33,96.75,8,4,19,0,-1,41.18,36.76,2205,3795
78.66,98.89,98.64,13,12,13,0,-1,76.73,72.59,4355,1645
100.0,99.64,98.23,13,0,1,0,0,97.88,97.48,5849,151
77.03,91.01,92.33,15,6,23,0,1,64.73,68.45,4107,1893
72.46,35.77,99.44,7,10,24,0,0,25.77,26.94,1616,4384
93.91,92.36,93.29,15,6,0,0,-1,80.91,75.06,4503,1497
89.06,70.66,83.33,17,7,7,0,0,52.44,51.61,3096,2904
82.29,54.28,77.91,18,11,9,0,1,34.79,36.86,2211,3789
73.79,100.0,96.66,13,16,18,0,1,71.33,74.62,4477,1523
91.72,54.35,100.0,8,1,9,0,1,49.85,55.34,3320,2680
69.2,96.49,96.19,14,16,19,0,0,64.23,63.34,3800,2200
83.98,93.1,90.88,15,10,13,0,0,71.05,70.41,4224,1776
90.29,72.82,81.27,17,4,10,0,0,53.43,54.16,3249,2751
76.5,96.4,100.0,14,11,24,0,0,73.74,73.39,4403,1597
73.13,84.6,96.02,10,5,30,0,-1,59.4,53.54,3212,2788
95.31,100.0,99.76,13,0,7,0,1,95.08,96.32,5779,221
78.15,73.32,96.21,9,6,23,0,1,55.13,56.2,3372,2628
90.0,91.7,95.0,15,5,3,0,1,78.4,81.74,4904,1096
88.59,70.23,80.77,17,1,12,0,1,50.25,54.63,3277,2723
71.37,92.66,98.13,11,17,19,0,0,64.89,64.61,3876,2124
80.8,36.33,97.68,7,19,1,0,1,28.67,33.86,2031,3969
98.89,70.29,81.97,17,0,1,0,-1,56.97,52.68,3160,2840
79.57,100.0,96.12,13,14,12,0,1,76.47,80.26,4815,1185
68.24,93.08,98.47,11,15,22,0,0,62.55,61.07,3663,2337
78.34,73.92,97.72,9,6,22,0,0,56.58,57.43,3446,2554
82.24,70.63,80.04,17,20,0,0,0,46.5,46.78,2807,3193
70.13,93.69,98.62,11,13,21,0,-1,64.8,61.45,3687,2313
80.16,92.82,90.88,15,8,19,0,1,67.62,73.02,4381,1619
62.83,56.57,91.13,9,13,26,1,0,32.39,34.49,2069,3931
70.16,56.56,100.0,8,16,23,0,-1,39.68,34.73,2083,3917
78.9,90.67,98.44,11,3,25,0,-1,70.42,68.31,4098,1902
75.38,85.41,98.28,10,19,6,0,0,63.28,63.32,3799,2201
78.71,91.11,94.98,11,16,6,0,0,68.11,68.24,4094,1906
79.33,98.16,96.8,12,13,9,0,0,75.38,75.61,4536,1464
87.79,70.61,97.46,9,1,17,0,-1,60.41,56.61,3396,2604
78.48,85.99,98.92,10,15,10,0,0,66.75,65.43,3926,2074
100.0,87.66,97.27,10,0,0,0,-1,85.27,80.63,4838,1162
69.77,52.3,99.02,8,18,21,0,1,36.13,40.78,2446,3554
83.94,54.5,96.8,8,16,2,0,1,44.28,48.23,2893,3107
75.84,54.12,98.47,8,8,20,0,1,40.41,43.13,2587,3413
81.42,97.48,99.13,11,8,14,0,0,78.68,78.49,4709,1291
78.76,30.88,99.88,7,3,26,0,0,24.29,21.47,1288,4712
79.05,70.06,100.0,9,1,27,0,0,55.38,54.27,3256,2744
67.99,91.57,100.0,11,11,25,0,0,62.26,60.95,3656,2344
80.81,71.34,83.51,17,10,13,0,1,48.14,52.14,3128,2872
98.61,55.74,98.27,8,1,0,0,-1,54.01,48.95,2937,3063
76.69,68.04,82.2,17,20,5,0,-1,42.89,38.68,2320,3680
76.32,96.95,98.34,14,19,8,0,-1,72.76,67.31,4038,1962
72.1,55.3,98.82,8,11,26,0,-1,39.4,37.3,2238,3762
80.01,53.76,100.0,8,12,12,0,0,43.01,43.41,2604,3396
73.94,94.76,99.29,14,8,26,0,-1,69.57,65.62,3937,2063
75.16,99.05,99.46,14,13,20,0,1,74.04,79.1,4745,1255
94.01,68.23,96.29,9,3,4,0,0,61.76,60.87,3652,2348
73.87,45.59,75.87,18,1,30,1,-1,25.55,20.18,1210,4790
67.35,55.33,94.41,8,13,29,0,0,35.18,34.5,2070,3930
65.76,79.84,87.94,16,15,25,0,0,46.17,46.99,2819,3181
81.05,79.94,85.36,16,14,5,0,1,55.31,58.49,3509,2491
79.67,97.88,96.48,12,19,0,0,1,75.23,81.02,4861,1139
87.21,52.64,78.63,18,4,15,0,-1,36.1,30.4,1824,4176
78.52,53.11,97.73,8,13,14,0,0,40.75,41.03,2461,3539
92.82,38.87,95.7,7,2,8,0,0,34.53,34.4,2064,3936
87.57,71.89,82.05,17,10,0,0,-1,51.66,46.11,2766,3234
68.83,71.15,83.94,17,16,24,0,-1,41.11,37.8,2267,3733
77.8,53.91,77.24,18,18,7,0,0,32.4,30.88,1852,4148
79.07,69.13,83.65,17,10,16,0,1,45.73,49.06,2943,3057
80.09,54.96,75.35,18,19,3,0,0,33.16,36.15,2169,3831
81.37,99.77,97.18,13,7,15,0,0,78.9,80.16,4809,1191
70.89,100.0,100.0,12,20,12,0,0,70.89,72.42,4345,1655
58.54,71.79,98.0,9,17,28,0,1,41.19,47.28,2836,3164
86.84,36.46,99.02,7,0,20,0,0,31.36,32.3,1938,4062
64.99,71.38,98.16,9,16,27,0,1,45.54,50.42,3024,2976
96.91,98.36,92.25,14,5,2,0,0,87.93,89.16,5349,651
84.5,97.31,98.92,14,10,7,0,0,81.34,79.78,4786,1214
92.23,99.48,96.82,12,8,1,0,-1,88.84,83.83,5029,971
70.84,93.28,95.23,15,20,12,0,1,62.93,64.49,3869,2131
85.72,85.73,98.82,10,2,14,0,0,72.62,73.07,4384,1616
71.55,100.0,97.63,14,18,14,0,1,69.86,72.94,4376,1624
75.93,97.04,99.58,14,14,10,0,0,73.38,74.17,4450,1550
70.27,53.03,100.0,8,15,23,0,1,37.26,40.91,2454,3546
78.64,57.68,96.94,8,12,13,0,1,43.97,44.76,2685,3315
86.87,94.15,92.39,15,0,26,0,0,75.56,74.5,4470,1530
60.17,57.85,99.68,8,19,30,0,0,34.7,34.93,2095,3905
72.92,87.24,87.72,16,20,9,0,-1,55.8,50.15,3009,2991
81.25,90.66,91.87,15,6,20,0,0,67.68,68.48,4108,1892
62.79,73.32,82.2,17,14,30,0,1,37.84,40.81,2448,3552
77.79,36.76,96.7,7,7,27,0,-1,27.66,24.97,1498,4502
68.91,86.91,91.49,15,19,19,0,0,54.8,55.74,3344,2656
72.65,94.39,97.87,14,11,22,0,0,67.11,69.32,4159,1841
96.22,100.0,100.0,14,3,3,0,0,96.22,96.6,5796,204
95.18,70.24,81.92,17,7,0,0,0,54.77,54.9,3294,2706
72.05,99.8,95.86,12,11,26,0,-1,68.93,66.3,3978,2022
70.45,98.2,98.36,11,17,16,0,-1,68.04,63.7,3821,2179
79.12,56.68,96.76,8,1,28,0,1,43.39,45.56,2733,3267
87.61,74.48,98.1,9,13,3,0,0,64.01,65.68,3940,2060
76.56,92.31,98.08,11,19,6,0,1,69.32,71.95,4316,1684
84.43,100.0,99.55,13,6,14,0,0,84.04,84.43,5065,935
88.12,83.46,98.13,10,10,3,0,0,72.17,72.15,4329,1671
75.72,100.0,97.44,13,1,29,0,0,73.77,74.09,4445,1555
77.64,70.09,83.64,17,18,3,0,0,45.51,46.28,2777,3223
71.21,96.42,97.15,14,14,21,0,0,66.71,66.12,3967,2033
79.21,82.93,89.32,16,16,4,0,1,58.67,64.88,3892,2108
70.34,35.67,97.42,7,16,23,0,1,24.44,25.72,1543,4457
71.22,99.59,95.95,13,18,15,0,0,68.06,67.13,4027,1973
79.75,93.41,93.14,15,5,22,0,1,69.39,74.94,4496,1504
96.35,55.74,77.12,18,4,3,0,0,41.41,40.16,2409,3591
70.06,99.31,96.74,13,19,19,0,1,67.31,73.74,4424,1576
79.91,92.72,93.35,15,12,13,0,1,69.17,76.26,4575,1425
89.43,50.27,81.08,18,7,8,0,1,36.45,38.33,2300,3700
80.98,100.0,96.41,12,9,14,0,-1,78.08,73.12,4387,1613
72.83,71.79,97.9,9,13,19,0,-1,51.19,46.48,2788,3212
78.13,56.89,77.1,18,16,9,0,-1,34.27,28.03,1681,4319
75.85,90.99,90.33,15,10,22,0,1,62.34,66.75,4005,1995
74.84,94.28,92.57,15,20,6,0,-1,65.32,62.67,3760,2240
61.86,75.84,82.15,16,9,21,1,-1,38.54,36.56,2193,3807
83.25,73.7,86.06,17,4,22,0,-1,52.8,48.68,2920,3080
72.5,70.94,99.17,9,16,17,0,0,51.01,49.88,2993,3007
73.51,56.35,75.57,18,20,10,0,0,31.3,29.96,1797,4203
78.1,57.76,78.65,18,3,24,0,-1,35.48,32.67,1960,4040
70.37,96.84,95.69,14,18,18,0,0,65.21,65.13,3907,2093
71.24,72.64,79.1,17,13,21,0,-1,40.94,37.37,2242,3758
71.18,94.97,92.94,15,9,28,0,1,62.83,67.94,4076,1924
80.44,36.05,96.37,7,16,3,0,0,27.95,28.45,1706,4294
85.05,35.29,100.0,7,12,4,0,0,30.02,29.28,1757,4243
96.59,38.77,97.61,7,1,6,0,1,36.56,37.43,2245,3755
75.41,74.74,97.09,9,9,21,0,0,54.72,54.09,3245,2755
78.97,94.12,99.28,11,4,26,0,0,73.79,73.79,4427,1573
88.52,33.95,99.55,7,9,6,0,0,29.92,29.4,1763,4237
89.8,89.33,94.84,15,1,11,0,-1,76.08,70.12,4207,1793
61.72,53.99,99.92,8,19,27,0,0,33.29,32.7,1962,4038
63.39,71.84,83.78,17,17,27,0,0,38.15,38.99,2339,3661
66.67,85.08,97.65,10,20,17,0,1,55.39,56.15,3369,2631
76.19,91.33,92.31,15,9,22,0,1,64.23,68.9,4133,1867
76.57,100.0,97.52,13,12,13,0,1,74.67,79.62,4777,1223
69.11,72.14,83.46,17,10,30,0,0,41.61,42.4,2544,3456
100.0,92.63,91.95,15,1,0,0,1,85.17,89.76,5385,615
62.1,82.45,100.0,10,19,27,0,0,51.2,49.77,2986,3014
75.35,99.16,98.37,14,7,29,0,0,73.5,73.21,4392,1608
71.17,70.58,81.7,17,20,11,0,1,41.04,46.07,2764,3236
68.36,90.61,89.36,15,19,6,1,-1,55.35,52.05,3122,2878
84.0,79.52,96.95,10,9,14,0,0,64.75,64.55,3872,2128
97.4,71.47,97.86,9,2,5,0,0,68.12,67.93,4075,1925
81.25,73.3,96.4,9,16,3,0,-1,57.4,54.24,3254,2746
79.52,98.48,100.0,13,8,17,0,-1,78.31,75.67,4540,1460
60.97,74.7,94.24,9,18,27,0,0,42.92,42.15,2529,3471
93.33,92.47,97.98,11,0,10,0,-1,84.56,79.71,4782,1218
97.24,74.37,96.81,9,1,4,0,0,70.01,70.71,4242,1758
81.83,98.62,97.49,12,19,1,0,0,78.68,79.64,4778,1222
60.81,70.62,85.27,17,19,26,0,1,36.62,42.41,2544,3456
72.01,95.93,98.76,14,18,17,0,0,68.23,67.61,4056,1944
82.93,96.66,99.72,12,2,25,0,-1,79.93,75.28,4516,1484
68.7,92.36,93.37,15,7,30,0,0,59.24,58.12,3486,2514
83.44,70.92,99.17,9,16,2,0,-1,58.69,52.37,3142,2858
75.2,71.45,100.0,9,13,17,0,0,53.73,52.33,3140,2860
86.11,94.52,91.53,15,12,2,0,0,74.5,73.81,4428,1572
73.98,99.8,99.68,12,7,28,0,-1,73.59,72.31,4338,1662
81.79,100.0,98.31,12,10,11,0,0,80.41,80.85,4851,1149
71.31,93.01,95.47,11,6,30,0,0,63.32,64.15,3849,2151
74.81,84.45,86.32,16,16,15,0,1,54.53,61.9,3714,2286
98.67,71.6,83.8,17,0,3,0,0,59.2,59.08,3544,2456
79.15,73.01,86.52,17,11,14,0,-1,50.0,45.64,2738,3262
63.09,70.02,80.84,17,19,29,0,0,35.71,36.35,2180,3820
74.62,85.13,88.31,16,7,30,0,1,56.09,58.66,3519,2481
67.53,97.29,96.25,12,12,29,0,0,63.24,62.91,3774,2226
84.06,56.13,98.97,8,12,8,0,-1,46.7,42.68,2561,3439
79.24,93.18,98.42,11,0,29,0,0,72.67,72.99,4379,1621
77.59,92.05,97.74,15,11,16,0,-1,69.8,65.5,3929,2071
83.62,97.94,98.44,14,15,1,0,1,80.62,81.93,4915,1085
87.31,70.72,85.22,17,6,10,0,0,52.62,51.14,3068,2932
77.2,94.57,96.08,15,2,30,0,0,70.14,69.45,4166,1834
64.15,47.25,89.74,8,5,30,1,1,27.2,32.83,1970,4030
77.88,83.6,85.46,15,0,20,1,0,55.64,55.41,3324,2676
77.52,56.16,97.9,8,6,21,0,0,42.62,42.16,2529,3471
75.18,72.76,82.44,17,6,27,0,1,45.09,51.4,3084,2916
84.25,52.25,97.48,8,6,17,0,-1,42.91,38.74,2324,3676
71.9,56.91,79.78,18,13,20,0,1,32.64,36.75,2204,3796
96.94,54.4,99.02,8,4,0,0,-1,52.22,47.67,2860,3140
94.43,97.35,98.09,12,1,2,0,0,90.18,89.9,5394,606
94.73,56.8,99.88,8,1,5,0,0,53.74,54.93,3295,2705
82.34,94.07,98.6,11,17,2,0,0,76.38,74.36,4461,1539
71.4,83.74,88.73,16,7,29,0,-1,53.05,50.79,3047,2953
72.13,100.0,98.47,13,14,20,0,0,71.02,71.09,4265,1735
80.73,100.0,98.57,13,13,10,0,-1,79.57,78.85,4730,1270
85.5,69.9,84.33,17,3,17,0,1,50.4,51.05,3063,2937
80.37,52.51,77.43,18,19,2,0,-1,32.68,27.05,1622,4378
84.66,83.76,87.18,16,1,22,0,0,61.82,60.47,3628,2372
67.64,56.44,97.89,8,11,29,0,1,37.37,41.1,2465,3535
77.18,93.04,97.25,11,9,19,0,0,69.84,70.51,4230,1770
71.7,51.0,97.77,8,9,24,0,0,35.75,35.09,2105,3895
77.2,94.57,98.44,14,12,12,0,1,71.87,77.29,4637,1363
82.21,37.74,98.42,7,15,5,0,0,30.54,29.69,1781,4219
91.79,92.96,90.35,15,7,4,0,0,77.09,76.79,4607,1393
70.09,52.55,78.85,18,12,25,0,1,29.04,33.58,2014,3986
71.47,92.03,95.61,15,9,30,0,0,62.88,63.31,3798,2202
90.21,70.94,82.9,17,4,9,0,1,53.05,57.5,3449,2551
70.9,52.85,76.32,18,20,11,0,0,28.59,30.64,1838,4162
62.51,36.45,97.83,7,17,27,0,1,22.29,26.72,1603,4397
97.54,55.32,97.36,8,1,0,0,-1,52.53,47.48,2848,3152
71.95,100.0,96.68,13,17,17,0,0,69.56,68.74,4124,1876
71.99,48.17,92.36,8,9,6,1,-1,32.03,26.53,1591,4409
84.76,54.45,78.57,18,11,6,0,0,36.26,35.42,2124,3876
61.43,97.23,98.66,13,20,27,0,0,58.93,58.18,3490,2510
87.79,94.39,93.74,15,4,5,0,-1,77.67,76.29,4577,1423
88.0,84.94,85.81,16,8,6,0,0,64.14,64.57,3874,2126
79.44,51.29,96.87,8,5,21,0,1,39.47,45.19,2711,3289
73.63,34.69,95.55,7,17,14,0,0,24.4,22.85,1370,4630
81.1,73.01,82.59,17,17,2,0,0,48.9,48.6,2916,3084
94.34,93.64,98.2,11,2,8,0,0,86.76,86.99,5219,781
80.18,54.16,96.0,8,6,23,0,1,41.69,45.34,2720,3280
87.3,96.93,99.21,12,11,4,0,0,83.95,83.82,5029,971
72.79,70.83,82.5,17,20,7,0,0,42.53,41.19,2471,3529
76.02,56.95,97.09,8,9,19,0,0,42.03,42.0,2520,3480
86.81,54.95,98.71,8,6,10,0,1,47.08,50.0,3000,3000
67.55,96.64,96.33,12,19,21,0,1,62.89,67.29,4037,1963
84.93,83.55,89.76,16,4,18,0,-1,63.69,59.15,3548,2452
83.8,100.0,96.58,12,13,5,0,-1,80.93,78.66,4719,1281
77.33,82.06,98.7,10,7,22,0,-1,62.63,57.45,3447,2553
76.59,100.0,99.91,13,8,26,0,1,76.52,80.07,4804,1196
68.32,70.98,83.26,17,10,28,0,-1,40.37,36.5,2189,3811
69.36,100.0,96.96,14,11,24,0,1,67.25,71.44,4286,1714
92.31,87.15,92.58,15,3,5,0,-1,74.48,69.85,4190,1810
72.7,55.14,98.26,8,8,27,0,-1,39.38,34.04,2042,3958
89.29,92.23,92.45,15,6,8,0,0,76.14,76.66,4599,1401
80.48,52.62,76.45,18,20,2,0,0,32.38,33.04,1982,4018
81.03,53.85,78.62,18,2,28,0,-1,34.3,31.03,1862,4138
80.55,95.13,94.63,15,20,0,0,0,72.51,70.42,4225,1775
71.05,81.69,90.14,16,18,12,0,-1,52.32,46.7,2802,3198
86.08,80.47,98.35,10,1,17,0,1,68.13,72.62,4357,1643
68.72,91.46,93.51,15,15,20,0,-1,58.77,54.41,3264,2736
82.41,96.27,97.54,12,12,7,0,0,77.38,77.27,4636,1364
90.33,82.4,85.87,16,9,4,0,1,63.92,69.23,4153,1847
90.26,94.47,93.18,15,2,12,0,0,79.45,78.72,4723,1277
84.3,100.0,97.59,12,16,0,0,-1,82.26,76.65,4598,1402
82.07,84.15,89.25,16,5,24,0,1,61.63,66.21,3972,2028
87.29,96.07,98.49,14,5,5,0,1,82.6,84.15,5048,952
81.15,85.0,89.44,16,4,23,0,0,61.69,63.29,3797,2203
63.8,55.23,77.59,18,15,30,0,1,27.34,31.89,1913,4087
82.09,83.22,96.58,10,15,7,0,1,65.97,68.21,4092,1908
91.03,97.97,99.41,12,7,1,0,0,88.66,87.94,5276,724
83.17,72.33,82.94,17,6,16,0,0,49.89,49.93,2995,3005
78.83,100.0,96.61,12,12,15,0,1,76.16,83.6,5016,984
84.54,39.19,97.57,7,1,20,0,1,32.33,36.33,2179,3821
70.11,57.88,77.52,18,16,20,0,1,31.46,36.36,2181,3819
78.68,57.4,77.1,18,8,18,0,0,34.82,35.99,2159,3841
79.71,92.34,91.9,15,18,5,0,-1,67.64,63.48,3809,2191
70.03,90.71,92.77,13,11,18,1,-1,58.93,53.2,3191,2809
78.27,58.22,96.59,8,16,8,0,-1,44.01,38.7,2321,3679
76.53,84.49,96.49,10,16,12,0,1,62.39,64.27,3856,2144
63.77,97.28,100.0,12,15,25,0,0,62.04,61.56,3693,2307
79.32,94.79,99.58,14,19,0,0,-1,74.87,69.02,4141,1859
82.87,72.97,95.82,9,14,5,0,-1,57.95,54.1,3246,2754
76.22,93.87,92.07,15,20,8,0,1,65.87,69.92,4195,1805
85.95,70.37,98.43,9,5,11,0,1,59.54,63.76,3825,2175
85.31,51.94,95.76,8,7,13,0,-1,42.43,37.37,2241,3759
83.85,55.04,77.92,18,3,15,0,-1,35.96,31.91,1914,4086
83.17,95.58,98.8,14,6,18,0,0,78.54,76.86,4611,1389
60.54,68.77,99.17,9,20,26,0,1,41.29,44.87,2692,3308
96.18,81.59,97.55,10,1,4,0,-1,76.55,71.49,4289,1711
83.99,67.85,96.79,9,4,20,0,0,55.16,56.84,3410,2590
79.73,91.85,91.75,15,1,28,0,0,67.19,66.09,3965,2035
99.45,83.3,85.11,16,4,1,0,1,70.51,74.67,4479,1521
61.6,72.55,97.63,9,16,30,0,0,43.63,41.7,2502,3498
70.64,100.0,96.5,13,19,18,0,0,68.17,69.2,4152,1848
79.76,72.0,82.31,17,0,28,0,0,47.26,46.96,2817,3183
68.74,56.4,78.3,18,9,30,0,1,30.36,30.18,1810,4190
70.53,99.98,96.99,14,19,15,0,1,68.4,74.2,4452,1548
77.73,69.21,96.86,9,7,26,0,-1,52.11,47.75,2865,3135
50.42,59.33,89.37,9,18,26,1,0,26.73,24.96,1497,4503
63.82,74.93,99.65,9,19,21,0,0,47.65,48.14,2888,3112
88.31,90.13,92.5,15,8,5,0,1,73.62,78.97,4738,1262
70.92,97.43,95.97,12,14,19,0,-1,66.32,60.5,3629,2371
74.59,77.43,89.63,10,12,12,1,1,51.77,53.66,3219,2781
81.6,37.35,98.34,7,6,16,0,-1,29.97,25.14,1508,4492
67.94,94.54,93.76,15,13,26,0,1,60.23,62.64,3758,2242
86.59,54.58,98.05,8,5,15,0,-1,46.33,40.75,2444,3556
81.5,84.69,88.05,16,1,28,0,-1,60.77,55.47,3328,2672
96.51,92.14,93.49,15,3,2,0,0,83.13,83.61,5016,984
73.16,99.17,98.99,14,4,28,0,-1,71.81,68.15,4088,1912
70.31,35.82,100.0,7,20,13,0,-1,25.18,22.51,1350,4650
72.01,83.64,88.8,12,1,22,1,0,53.49,54.82,3289,2711
81.25,91.83,92.56,15,13,7,0,0,69.06,68.62,4116,1884
82.76,96.28,94.82,14,12,11,0,0,75.56,75.55,4533,1467
80.37,85.09,90.53,16,18,3,0,-1,61.91,57.52,3451,2549
64.24,91.13,96.07,11,15,24,0,1,56.24,59.62,3577,2423
78.21,55.72,97.54,8,9,19,0,1,42.5,47.8,2868,3132
80.37,89.37,92.36,13,8,6,1,0,66.34,66.46,3987,2013
86.82,37.91,97.95,7,0,18,0,-1,32.24,27.24,1634,4366
92.44,91.99,91.16,15,0,12,0,-1,77.52,72.01,4320,1680
81.06,54.5,78.44,18,10,13,0,0,34.65,34.93,2095,3905
95.5,98.25,96.53,12,3,4,0,1,90.58,93.67,5620,380
87.69,82.14,87.58,16,8,8,0,0,63.08,62.45,3746,2254
74.57,92.58,94.24,15,13,18,0,0,65.06,64.96,3897,2103
73.94,98.36,100.0,12,19,8,0,0,72.73,70.99,4259,1741
70.63,72.68,82.74,17,12,24,0,-1,42.47,40.07,2404,3596
73.67,91.34,94.17,15,17,15,0,-1,63.36,60.7,3641,2359
73.07,92.72,92.86,15,17,15,0,1,62.91,66.19,3971,2029
75.11,90.3,100.0,11,18,11,0,1,67.82,71.06,4263,1737
76.07,99.81,98.62,13,4,27,0,1,74.88,81.91,4914,1086
80.01,55.06,98.41,8,7,14,0,0,43.35,44.95,2696,3304
93.78,54.13,75.89,18,5,3,0,0,38.52,38.8,2327,3673
75.36,86.19,97.28,10,16,12,0,0,63.18,63.45,3807,2193
69.05,98.98,96.61,12,17,19,0,1,66.03,69.61,4176,1824
95.6,58.33,77.6,18,1,5,0,1,43.27,48.15,2889,3111
85.27,73.18,82.82,17,0,25,0,0,51.68,52.41,3144,2856
84.89,56.66,94.41,8,4,15,0,1,45.41,50.1,3005,2995
98.07,99.5,98.31,13,2,2,0,1,95.93,97.64,5858,142
87.47,100.0,97.7,12,2,19,0,1,85.46,87.21,5232,768
76.13,100.0,96.62,13,12,19,0,0,73.55,72.74,4364,1636
75.92,72.08,83.26,17,16,9,0,1,45.56,50.26,3015,2985
75.71,82.61,89.23,16,1,30,0,0,55.81,55.34,3320,2680
67.57,70.6,98.49,9,20,15,0,0,46.98,46.41,2784,3216
97.91,97.95,99.01,14,0,6,0,1,94.95,100.0,6000,0
87.34,92.94,93.83,15,9,6,0,0,76.17,75.95,4556,1444
69.15,39.22,95.79,7,19,16,0,1,25.98,30.78,1846,4154
77.02,82.19,98.86,10,19,5,0,-1,62.58,59.28,3556,2444
79.71,98.41,96.52,12,7,20,0,1,75.71,78.22,4693,1307
91.84,70.08,97.27,9,2,8,0,0,62.6,59.85,3591,2409
71.88,100.0,96.38,13,11,21,0,0,69.28,68.94,4136,1864
73.1,100.0,99.72,13,12,18,0,0,72.9,71.33,4279,1721
80.91,85.4,99.31,10,16,0,0,1,68.62,73.26,4395,1605
87.98,57.27,98.15,8,2,17,0,1,49.46,52.14,3128,2872
75.15,92.15,89.7,15,18,11,0,-1,62.13,60.0,3600,2400
80.99,95.85,93.8,11,7,19,0,0,72.81,73.24,4394,1606
65.89,85.07,97.25,10,14,29,0,-1,54.51,49.03,2941,3059
90.02,32.86,99.54,7,8,5,0,-1,29.44,25.17,1509,4491
81.87,56.78,96.16,8,17,2,0,1,44.71,48.04,2882,3118
78.21,100.0,100.0,12,3,25,0,0,78.21,78.11,4686,1314
72.3,89.99,92.89,15,8,28,0,0,60.43,61.93,3715,2285
73.85,93.55,93.4,15,18,8,0,-1,64.52,59.81,3588,2412
72.25,99.94,98.47,13,18,15,0,-1,71.11,66.24,3974,2026
72.99,99.55,98.29,12,14,21,0,1,71.42,76.78,4606,1394
90.41,80.12,89.96,16,0,15,0,0,65.16,65.29,3917,2083
77.31,47.85,89.33,8,8,2,1,0,33.05,32.67,1960,4040
61.0,100.0,100.0,13,20,25,0,1,61.0,66.31,3978,2022
75.1,66.33,80.5,17,7,25,0,0,40.1,39.44,2366,3634
65.3,97.74,97.95,12,13,30,0,1,62.52,65.71,3942,2058
82.09,92.38,92.97,15,0,22,0,1,70.5,76.82,4609,1391
90.44,83.5,95.37,10,9,2,0,-1,72.03,69.44,4166,1834
88.66,51.44,79.16,18,10,2,0,1,36.1,41.81,2508,3492
79.7,68.91,97.41,9,15,10,0,0,53.5,52.1,3126,2874
74.3,99.1,96.02,12,6,28,0,-1,70.7,66.79,4007,1993
84.18,68.74,97.82,9,6,15,0,1,56.61,61.91,3714,2286
76.29,83.8,98.64,10,7,27,0,-1,63.07,59.07,3544,2456
75.17,87.92,97.4,10,6,26,0,0,64.37,64.74,3884,2116
74.14,81.62,97.35,10,19,11,0,-1,58.9,56.9,3414,2586
77.59,53.9,97.21,8,3,29,0,0,40.65,41.06,2463,3537
73.47,52.12,98.2,8,15,19,0,1,37.6,39.09,2345,3655
78.09,91.03,90.54,15,1,27,0,1,64.35,66.97,4018,1982
79.85,87.43,87.56,16,10,15,0,1,61.12,67.35,4041,1959
76.97,82.36,88.98,16,8,15,0,0,56.41,55.66,3339,2661
79.7,68.94,98.26,9,16,8,0,1,53.98,58.04,3482,2518
97.1,80.44,88.19,16,4,1,0,1,68.88,71.78,4306,1694
60.29,100.0,97.6,13,15,30,0,0,58.84,59.2,3551,2449
81.27,81.7,84.09,15,1,16,1,-1,55.83,52.23,3133,2867
88.66,69.17,84.23,17,5,14,0,1,51.66,56.25,3375,2625
66.92,45.27,70.26,18,16,14,1,-1,21.28,17.81,1068,4932
86.43,35.62,97.33,7,0,21,0,1,29.96,32.49,1949,4051
91.1,83.06,87.14,16,3,10,0,0,65.93,66.84,4010,1990
58.37,96.12,96.74,12,19,27,0,-1,54.28,50.7,3042,2958
86.02,94.77,91.84,15,8,7,0,1,74.86,77.24,4634,1366
84.65,85.4,86.25,16,10,11,0,0,62.35,63.36,3801,2199
74.15,69.98,95.88,9,15,13,0,0,49.75,48.97,2938,3062
71.0,84.81,98.12,10,13,22,0,1,59.08,63.94,3836,2164
83.29,99.34,97.07,12,12,8,0,0,80.32,79.22,4752,1248
84.73,98.69,98.6,14,5,18,0,-1,82.45,80.37,4822,1178
73.0,86.8,87.39,16,7,26,0,-1,55.37,53.8,3227,2773
73.96,84.69,89.51,11,7,17,1,-1,56.06,52.58,3154,2846
89.54,100.0,98.07,13,6,4,0,1,87.81,92.76,5565,435
83.7,55.9,78.82,18,4,15,0,-1,36.87,30.56,1833,4167
76.88,68.96,99.88,9,13,15,0,0,52.96,53.87,3232,2768
68.6,69.64,97.33,9,20,16,0,-1,46.5,42.09,2525,3475
80.1,98.94,96.32,12,15,9,0,0,76.34,76.3,4577,1423
65.05,97.45,99.59,11,17,27,0,0,63.13,64.55,3872,2128
89.52,85.39,88.98,16,1,12,0,0,68.02,68.31,4098,1902
94.02,55.19,96.46,8,5,1,0,1,50.05,53.14,3188,2812
58.87,86.1,86.53,11,15,26,1,1,43.86,48.15,2888,3112
83.63,99.37,96.75,14,10,8,0,1,80.4,83.17,4990,1010
63.64,93.51,91.08,15,17,29,0,1,54.21,61.03,3661,2339
93.52,94.08,95.44,12,0,13,0,-1,83.97,81.93,4915,1085
78.56,70.38,86.29,17,19,6,0,0,47.72,46.68,2800,3200
67.52,84.88,88.71,16,18,20,0,1,50.84,55.18,3310,2690
85.37,72.73,97.05,9,9,11,0,-1,60.25,55.96,3357,2643
68.42,94.43,92.89,15,15,24,0,0,60.02,61.74,3704,2296
69.06,55.62,79.05,18,14,28,0,-1,30.36,27.15,1628,4372
80.33,86.77,89.67,16,9,14,0,0,62.51,63.26,3795,2205
68.3,60.72,78.1,17,4,27,1,0,32.39,33.14,1988,4012
61.03,69.66,100.0,9,20,25,0,0,42.51,42.7,2562,3438
74.79,100.0,95.0,12,13,20,0,0,71.05,70.35,4220,1780
72.58,83.19,87.1,16,18,12,0,1,52.59,58.1,3485,2515
96.0,53.44,96.73,8,2,5,0,1,49.62,53.81,3228,2772
74.03,97.27,99.23,12,10,20,0,0,71.45,71.49,4289,1711
77.63,96.39,100.0,11,8,19,0,-1,74.82,70.85,4251,1749
70.35,95.76,98.37,11,14,24,0,1,66.26,71.46,4287,1713
68.24,98.03,99.24,12,18,16,0,-1,66.39,61.47,3688,2312
92.26,98.92,95.03,13,5,5,0,1,86.73,91.65,5498,502
79.23,75.17,98.19,9,7,21,0,-1,58.48,55.25,3315,2685
92.56,55.24,78.68,18,2,6,0,-1,40.23,37.77,2266,3734
92.94,56.27,96.99,8,3,2,0,1,50.73,55.38,3322,2678
81.97,94.84,98.72,14,17,1,0,-1,76.74,73.19,4391,1609
68.53,100.0,95.95,13,16,24,0,0,65.76,65.7,3942,2058
91.72,54.29,97.34,8,3,8,0,-1,48.48,42.89,2573,3427
61.18,55.92,99.38,8,20,29,0,-1,34.0,28.15,1688,4312
88.64,90.72,100.0,11,7,7,0,0,80.41,79.11,4746,1254
82.1,55.35,76.55,18,9,14,0,0,34.79,33.4,2004,3996
92.54,68.92,79.31,17,4,4,0,0,50.59,49.61,2976,3024
94.83,96.0,94.01,15,5,0,0,1,85.58,88.03,5281,719
73.21,98.6,94.85,12,10,27,0,0,68.46,67.79,4067,1933
67.94,97.99,97.88,14,14,27,0,-1,65.17,62.32,3739,2261
72.19,92.98,97.58,11,17,14,0,0,65.5,65.62,3937,2063
78.37,68.95,100.0,9,17,5,0,1,54.04,57.92,3475,2525
63.48,97.95,98.71,14,20,23,0,0,61.37,58.65,3519,2481
73.39,69.13,81.72,17,18,13,0,0,41.46,41.18,2470,3530
64.21,89.13,94.53,15,20,20,0,-1,54.1,48.67,2920,3080
72.18,96.55,98.34,12,15,17,0,0,68.53,69.65,4178,1822
85.6,83.01,98.05,10,2,14,0,-1,69.68,65.59,3935,2065
89.32,100.0,96.35,13,8,4,0,0,86.06,85.44,5126,874
97.76,92.46,98.42,11,0,0,0,0,88.97,88.87,5331,669
90.58,93.03,91.45,15,4,11,0,0,77.07,76.55,4593,1407
74.06,93.51,97.01,11,15,17,0,0,67.18,66.98,4018,1982
55.8,31.0,91.13,7,15,30,1,0,15.76,16.38,982,5018
90.63,96.94,98.36,14,9,0,0,-1,86.42,81.26,4875,1125
74.19,92.94,97.92,11,19,7,0,0,67.52,67.72,4063,1937
77.48,38.96,98.82,7,17,11,0,0,29.83,30.43,1825,4175
63.74,83.79,97.14,10,13,28,0,0,51.88,52.02,3121,2879
78.06,89.99,92.84,15,13,12,0,1,65.22,68.89,4133,1867
75.01,55.67,77.67,18,20,12,0,0,32.43,33.82,2029,3971
89.27,97.45,98.69,13,7,8,0,0,85.85,87.58,5254,746
71.5,53.03,96.77,8,13,20,0,-1,36.69,34.62,2077,3923
86.21,83.3,87.83,16,8,9,0,0,63.07,62.24,3734,2266
64.54,67.84,82.55,17,17,25,0,0,36.14,36.89,2213,3787
69.86,80.43,86.69,11,13,6,1,-1,48.72,41.7,2501,3499
90.49,69.66,98.07,9,4,9,0,0,61.83,60.47,3628,2372
71.23,54.48,97.35,8,20,14,0,1,37.77,42.21,2532,3468
71.39,92.49,99.15,11,19,15,0,0,65.46,65.86,3951,2049
89.78,84.81,97.45,10,10,0,0,-1,74.2,71.2,4271,1729
95.36,93.94,93.18,15,0,5,0,0,83.47,83.86,5031,969
85.92,54.88,99.56,8,9,8,0,0,46.94,47.18,2830,3170
64.36,64.81,91.38,9,14,23,1,0,38.12,37.36,2241,3759
92.24,39.18,100.0,7,7,2,0,0,36.14,35.28,2116,3884
90.15,71.47,97.61,9,0,15,0,0,62.89,64.07,3844,2156
81.42,83.89,99.18,10,10,13,0,-1,67.74,64.53,3871,2129
78.4,98.39,95.61,14,11,14,0,1,73.75,79.15,4748,1252
89.9,33.89,96.66,7,10,2,0,1,29.45,34.2,2052,3948
85.22,62.78,85.85,9,1,8,1,0,45.93,47.61,2856,3144
86.31,100.0,98.77,13,2,17,0,0,85.25,86.32,5178,822
89.64,97.13,100.0,14,5,6,0,1,87.07,92.5,5550,450
70.1,92.67,96.77,11,12,26,0,-1,62.86,62.43,3745,2255
83.92,51.0,77.02,18,7,12,0,0,32.96,32.0,1919,4081
78.23,100.0,99.17,14,7,23,0,1,77.58,83.35,5000,1000
64.2,72.69,93.06,10,14,23,1,-1,43.43,40.92,2455,3545
84.39,90.54,91.58,15,6,15,0,1,69.98,73.66,4419,1581
89.14,93.92,98.91,11,10,5,0,-1,82.81,77.22,4632,1368
74.45,33.18,96.81,7,17,16,0,0,23.91,22.44,1346,4654
81.63,55.09,100.0,8,8,15,0,-1,44.97,41.19,2471,3529
67.53,82.36,98.18,10,11,28,0,0,54.61,53.48,3208,2792
91.46,33.9,97.81,7,6,3,0,0,30.32,29.76,1785,4215
71.38,87.62,95.0,10,20,13,0,0,59.41,58.25,3494,2506
97.84,99.82,95.46,12,0,5,0,-1,93.23,87.38,5242,758
88.63,81.06,87.34,16,3,12,0,-1,62.75,58.17,3490,2510
85.46,34.8,100.0,7,1,18,0,1,29.74,36.86,2211,3789
74.96,98.43,100.0,14,19,4,0,1,73.78,77.74,4664,1336
89.83,56.42,97.68,8,7,5,0,0,49.51,49.71,2982,3018
82.65,97.28,95.11,14,2,21,0,0,76.47,76.09,4565,1435
68.2,79.99,87.79,16,10,29,0,1,47.9,54.7,3281,2719
97.42,71.85,84.86,17,1,1,0,0,59.4,59.14,3548,2452
78.78,100.0,96.24,12,20,4,0,0,75.82,77.07,4624,1376
68.14,54.75,75.08,18,17,25,0,0,28.01,27.31,1638,4362
84.83,54.49,97.56,8,4,15,0,-1,45.09,42.06,2523,3477
64.97,90.35,93.92,15,20,24,0,0,55.13,56.78,3406,2594
61.37,92.38,94.5,12,14,23,1,-1,53.57,51.55,3092,2908
81.96,54.51,75.99,18,12,11,0,0,33.95,34.56,2073,3927
90.04,56.92,76.52,18,4,8,0,1,39.22,44.04,2642,3358
72.47,96.83,96.94,14,14,17,0,-1,68.03,64.59,3875,2125
82.67,55.27,80.31,18,15,6,0,-1,36.7,33.76,2025,3975
82.03,94.33,92.41,15,11,10,0,1,71.51,74.56,4473,1527
59.26,92.8,97.86,11,19,29,0,0,53.81,52.4,3144,2856
91.91,95.34,90.66,15,5,2,0,0,79.44,81.56,4893,1107
83.36,92.68,93.34,15,4,14,0,-1,72.11,68.84,4130,1870
77.0,92.86,100.0,11,17,11,0,0,71.5,70.97,4258,1742
80.77,95.77,99.65,14,0,24,0,0,77.08,75.91,4554,1446
73.51,71.57,83.1,17,16,12,0,0,43.72,40.91,2454,3546
75.93,56.81,77.42,18,5,28,0,0,33.39,34.11,2046,3954
60.15,32.28,99.51,7,19,27,0,0,19.32,17.81,1068,4932
75.95,100.0,97.34,12,19,7,0,1,73.93,77.82,4669,1331
68.25,52.12,99.93,8,17,26,0,0,35.55,36.2,2172,3828
82.08,100.0,95.23,13,6,16,0,-1,78.16,72.91,4374,1626
81.03,93.67,92.72,15,4,19,0,-1,70.37,66.76,4005,1995
71.37,100.0,97.27,13,20,10,0,1,69.42,69.64,4178,1822
98.54,93.44,93.6,15,2,1,0,0,86.18,85.81,5148,852
75.98,72.87,98.5,9,5,27,0,-1,54.54,52.91,3174,2826
81.55,56.77,98.43,8,15,6,0,-1,45.57,43.53,2611,3389
60.52,81.43,88.27,16,20,26,0,1,43.5,45.2,2711,3289
72.4,96.86,97.7,14,16,19,0,1,68.51,74.44,4466,1534
91.57,93.39,98.56,11,1,11,0,0,84.29,84.03,5041,959
64.97,84.7,98.69,10,19,22,0,0,54.3,55.66,3339,2661
81.5,54.43,99.95,8,0,29,0,-1,44.34,37.94,2276,3724
66.52,71.41,82.5,17,15,29,0,0,39.19,37.66,2259,3741
67.31,52.62,97.31,8,14,25,0,0,34.46,34.44,2066,3934
92.9,70.78,81.82,17,1,11,0,0,53.8,54.03,3241,2759
71.75,93.47,92.46,15,13,26,0,1,62.0,63.95,3837,2163
80.22,51.67,76.72,18,1,26,0,-1,31.8,28.79,1727,4273
85.05,91.03,94.01,15,1,23,0,-1,72.78,69.32,4159,1841
79.11,93.29,99.42,11,2,30,0,-1,73.37,68.8,4127,1873
96.18,94.63,93.1,15,3,3,0,1,84.73,89.03,5341,659
82.49,90.96,90.78,15,12,6,0,1,68.12,70.38,4222,1778
82.05,71.56,82.21,17,7,18,0,1,48.27,53.57,3214,2786
66.63,72.76,95.63,9,17,23,0,-1,46.36,41.28,2476,3524
82.02,53.99,77.23,18,3,24,0,0,34.2,35.07,2104,3896
75.33,69.05,85.07,17,18,11,0,1,44.24,51.09,3065,2935
68.18,50.83,77.16,18,13,28,0,-1,26.74,24.94,1496,4504
75.48,69.79,98.05,9,17,12,0,0,51.65,50.75,3045,2955
77.06,97.03,90.85,15,10,21,0,0,67.94,66.01,3960,2040
69.77,72.7,100.0,9,17,19,0,0,50.72,50.92,3055,2945
69.44,98.34,98.96,14,11,28,0,0,67.58,66.87,4012,1988
75.35,95.24,94.56,12,17,10,0,-1,67.86,61.37,3682,2318
70.12,98.92,96.52,13,20,13,0,-1,66.96,58.42,3505,2495
78.36,96.2,97.38,12,19,7,0,-1,73.41,67.7,4062,1938
69.96,83.02,100.0,10,12,24,0,1,58.08,62.21,3732,2268
81.46,54.68,78.49,18,8,11,0,0,34.96,36.06,2163,3837
64.13,98.19,97.78,14,14,30,0,0,61.57,61.45,3687,2313
85.3,100.0,97.52,13,0,23,0,0,83.19,84.79,5087,913
73.17,38.36,99.19,7,9,19,0,0,27.84,29.85,1790,4210
82.52,37.9,100.0,7,16,4,0,0,31.27,31.49,1889,4111
94.28,92.95,96.13,11,0,9,0,-1,84.25,76.68,4600,1400
88.89,85.42,100.0,10,10,0,0,-1,75.92,71.75,4305,1695
69.09,54.09,77.61,18,8,29,0,1,29.0,32.72,1963,4037
53.45,85.04,82.96,15,18,29,1,0,37.71,38.93,2335,3665
93.83,86.71,88.64,16,4,3,0,0,72.12,71.04,4262,1738
76.84,33.72,99.5,7,14,11,0,1,25.78,29.28,1756,4244
69.62,90.88,97.41,11,11,28,0,0,61.63,62.96,3777,2223
87.82,83.34,88.42,16,7,7,0,1,64.72,66.31,3978,2022
85.29,91.1,96.79,11,2,18,0,0,75.2,75.92,4555,1445
60.92,100.0,97.06,13,18,29,0,1,59.13,60.87,3652,2348
73.53,56.77,97.46,8,10,25,0,1,40.68,44.96,2697,3303
64.15,96.95,96.94,14,18,26,0,0,60.29,60.56,3633,2367
68.74,56.8,96.59,8,19,20,0,1,37.71,40.08,2404,3596
70.88,56.58,77.32,18,18,12,0,-1,31.0,29.15,1749,4251
81.27,35.14,96.69,7,10,11,0,-1,27.62,22.08,1324,4676
67.14,97.36,98.85,13,13,29,0,1,64.61,70.75,4244,1756
60.89,85.1,100.0,10,20,27,0,1,51.82,56.56,3393,2607
61.74,33.41,99.09,7,20,24,0,1,20.44,24.01,1440,4560
78.19,36.86,99.06,7,9,16,0,0,28.55,27.2,1631,4369
79.36,35.53,100.0,7,10,17,0,1,28.2,32.33,1939,4061
67.2,96.15,98.33,12,16,22,0,0,63.53,63.26,3795,2205
95.8,81.38,96.72,10,4,1,0,0,75.4,74.53,4471,1529
78.1,71.05,85.33,17,12,14,0,0,47.35,45.73,2743,3257
67.23,82.33,88.62,16,18,16,0,0,49.05,48.25,2895,3105
71.18,46.97,89.5,8,7,13,1,0,29.92,30.3,1818,4182
83.63,92.38,97.39,11,12,4,0,-1,75.24,74.57,4473,1527
72.77,52.86,99.03,8,15,18,0,-1,38.09,32.71,1962,4038
78.66,94.12,91.32,15,12,8,0,1,67.61,68.91,4134,1866
71.58,95.22,92.03,15,13,24,0,1,62.73,68.31,4098,1902
72.06,73.25,99.27,9,15,17,0,0,52.4,52.71,3162,2838
73.37,84.25,98.52,10,15,12,0,-1,60.9,56.43,3385,2615
68.58,84.38,98.43,10,17,19,0,0,56.96,56.79,3407,2593
80.05,52.95,78.92,18,16,7,0,-1,33.45,30.95,1857,4143
82.75,93.79,96.55,11,13,10,0,1,74.93,79.91,4794,1206
85.84,71.76,73.19,16,2,3,1,-1,45.08,40.7,2441,3559
82.15,99.13,98.36,13,11,11,0,1,80.09,81.78,4906,1094
68.15,99.44,98.43,12,19,20,0,0,66.71,66.87,4012,1988
87.77,32.95,95.37,7,9,5,0,-1,27.58,22.76,1365,4635
72.78,84.22,88.83,16,14,19,0,-1,54.45,50.88,3052,2948
88.07,34.67,97.0,7,7,6,0,0,29.61,28.87,1732,4268
87.86,66.25,82.31,17,11,4,0,-1,47.91,43.1,2586,3414
78.94,53.28,99.05,8,3,23,0,0,41.66,41.79,2507,3493
69.84,35.4,100.0,7,7,30,0,1,24.72,29.47,1768,4232
91.62,68.67,97.65,9,9,0,0,1,61.44,64.63,3877,2123
80.25,54.28,96.11,8,9,14,0,0,41.86,42.24,2534,3466
94.21,97.91,94.21,14,0,10,0,1,86.9,89.68,5380,620
90.18,91.43,95.21,15,6,6,0,-1,78.5,74.25,4454,1546
72.53,97.93,97.69,11,17,15,0,0,69.38,69.74,4184,1816
81.06,83.12,86.69,16,4,22,0,0,58.41,57.1,3426,2574
93.56,52.47,77.73,18,0,12,0,0,38.16,37.28,2236,3764
83.97,80.75,86.85,16,16,1,0,1,58.89,62.88,3772,2228
87.37,33.14,97.11,7,9,6,0,0,28.11,27.89,1673,4327
77.74,52.91,75.89,18,19,8,0,1,31.22,33.88,2032,3968
98.07,73.62,83.02,17,0,2,0,0,59.94,60.47,3628,2372
78.87,98.77,98.34,13,8,21,0,1,76.61,80.57,4834,1166
71.93,74.68,82.47,17,11,27,0,0,44.3,43.53,2611,3389
92.8,53.9,100.0,8,0,9,0,-1,50.02,44.25,2655,3345
83.98,71.31,80.97,17,12,7,0,-1,48.49,40.72,2443,3557
63.39,86.39,83.86,15,3,28,1,0,45.92,46.54,2792,3208
65.05,100.0,95.64,12,15,27,0,0,62.21,62.6,3756,2244
82.14,86.13,88.27,16,17,2,0,-1,62.45,58.36,3501,2499
73.29,92.43,91.25,15,14,17,0,0,61.82,63.29,3797,2203
100.0,56.8,76.96,18,0,1,0,0,43.71,44.05,2643,3357
77.59,82.98,96.16,10,16,9,0,0,61.91,59.44,3566,2434
76.0,97.86,98.98,12,15,12,0,0,73.61,75.42,4525,1475
92.09,59.72,81.4,18,5,0,0,0,44.77,44.95,2697,3303
81.14,97.97,99.34,12,11,11,0,0,78.97,79.31,4758,1242
87.09,72.22,83.39,17,9,7,0,-1,52.45,47.4,2844,3156
73.96,93.16,87.94,15,8,25,0,-1,60.59,57.89,3473,2527
67.7,90.72,99.51,11,12,28,0,1,61.11,67.66,4059,1941
63.24,31.75,97.76,7,17,30,0,1,19.63,22.47,1348,4652
69.88,72.9,95.13,9,10,28,0,0,48.46,50.24,3014,2986
95.96,97.1,97.0,13,4,2,0,1,90.38,95.18,5710,290
62.78,91.62,93.73,15,19,27,0,1,53.91,60.09,3605,2395
83.11,84.96,98.76,10,13,7,0,1,69.73,75.14,4508,1492
71.66,99.23,96.62,13,9,29,0,1,68.71,72.86,4371,1629
80.09,94.88,99.29,14,17,4,0,-1,75.44,69.85,4190,1810
69.71,71.22,98.45,9,18,17,0,0,48.88,48.29,2897,3103
74.96,71.56,81.03,17,6,27,0,1,43.47,46.06,2763,3237
63.38,57.28,77.47,18,16,29,0,1,28.12,30.89,1853,4147
61.65,71.04,98.32,9,20,29,0,1,43.06,47.22,2833,3167
90.46,70.68,99.93,9,10,2,0,-1,63.89,59.56,3573,2427
93.04,56.24,73.91,18,3,5,0,-1,38.67,35.41,2124,3876
82.37,70.05,97.93,9,0,24,0,0,56.51,55.14,3308,2692
66.42,99.82,99.64,12,13,30,0,0,66.06,67.3,4037,1963
80.12,100.0,99.06,13,9,14,0,0,79.37,80.15,4808,1192
62.53,55.02,78.64,18,20,29,0,-1,27.06,21.12,1267,4733
95.1,70.53,97.54,9,6,3,0,-1,65.42,62.55,3752,2248
66.91,32.47,96.82,7,19,19,0,-1,21.04,19.92,1195,4805
77.87,87.47,85.34,16,19,7,0,0,58.13,56.9,3413,2587
87.65,82.91,88.33,16,7,7,0,-1,64.19,59.47,3568,2432
81.11,97.1,97.63,12,2,22,0,0,76.89,75.76,4545,1455
84.61,96.05,96.73,14,4,16,0,0,78.61,77.3,4638,1362
70.96,84.61,87.9,16,15,22,0,0,52.77,51.98,3118,2882
73.47,63.92,77.95,17,11,5,1,1,36.6,42.93,2575,3425
79.7,99.62,98.4,14,15,4,0,1,78.13,80.5,4829,1171
87.94,86.63,98.11,10,1,13,0,1,74.74,82.11,4926,1074
69.96,34.98,98.22,7,8,30,0,1,24.04,29.16,1749,4251
79.04,55.9,80.65,18,6,24,0,-1,35.64,30.8,1848,4152
67.92,68.53,100.0,9,14,27,0,0,46.55,47.31,2838,3162
72.59,84.69,87.64,16,15,22,0,1,53.88,56.36,3381,2619
83.98,97.08,100.0,14,7,13,0,0,81.53,80.64,4838,1162
83.78,97.7,96.34,13,1,19,0,0,78.86,78.62,4717,1283
73.22,54.55,82.66,18,12,23,0,0,33.02,32.78,1966,4034
59.83,88.04,92.19,12,12,19,1,1,48.56,53.82,3229,2771
70.01,83.24,85.93,16,19,17,0,1,50.07,54.59,3275,2725
88.59,50.22,76.75,18,1,16,0,1,34.15,35.89,2153,3847
79.34,97.78,97.76,14,1,28,0,0,75.84,75.13,4507,1493
71.14,81.64,98.57,10,16,17,0,1,57.25,61.4,3684,2316
85.94,58.04,77.53,18,1,17,0,-1,38.67,36.65,2199,3801
95.4,71.7,83.05,17,1,6,0,0,56.81,56.17,3369,2631
77.15,94.48,98.28,11,14,12,0,0,71.63,72.24,4334,1666
80.85,92.12,96.27,11,9,14,0,1,71.7,74.0,4439,1561
60.58,93.93,97.6,11,19,29,0,0,55.53,55.88,3352,2648
61.88,32.78,97.72,7,16,28,0,0,19.82,21.1,1266,4734
67.77,69.77,97.18,9,14,26,0,1,45.95,50.97,3057,2943
81.32,56.65,99.44,8,16,3,0,-1,45.81,41.42,2485,3515
77.48,81.73,91.66,16,17,4,0,0,58.05,58.66,3519,2481
78.89,99.24,98.88,13,13,10,0,0,77.41,77.85,4670,1330
100.0,97.92,97.51,14,0,5,0,0,95.48,95.59,5735,265
64.33,97.95,96.26,14,18,28,0,-1,60.65,55.64,3338,2662
77.06,75.06,93.68,10,14,2,1,1,54.19,57.29,3437,2563
57.98,55.14,77.85,18,20,29,0,1,24.89,28.22,1693,4307
97.72,70.38,98.53,9,3,2,0,0,67.76,66.53,3991,2009
70.84,60.67,97.47,8,14,20,0,0,41.89,41.68,2500,3500
87.4,99.22,98.37,12,2,16,0,1,85.31,92.43,5545,455
71.41,56.82,78.51,18,16,19,0,0,31.85,33.73,2023,3977
78.06,70.08,99.5,9,12,17,0,0,54.43,54.41,3264,2736
82.06,100.0,94.88,13,1,24,0,0,77.86,78.06,4683,1317
76.45,72.34,99.27,9,10,18,0,0,54.9,56.51,3390,2610
94.98,69.69,83.76,17,4,5,0,0,55.44,57.63,3457,2543
80.12,72.25,99.18,9,5,24,0,1,57.41,61.92,3714,2286
82.48,100.0,94.75,13,9,9,0,1,78.15,83.78,5027,973
77.73,100.0,96.43,14,9,20,0,0,74.96,75.64,4538,1462
66.08,67.42,88.29,9,3,28,1,1,39.33,41.99,2519,3481
88.3,83.79,98.28,10,0,19,0,0,72.72,72.47,4348,1652
91.05,91.45,99.49,11,0,14,0,-1,82.84,78.6,4715,1285
64.61,98.86,97.19,14,17,25,0,-1,62.08,60.53,3631,2369
88.6,99.12,97.35,14,7,6,0,1,85.5,90.32,5418,582
75.99,96.31,97.54,14,14,13,0,0,71.39,70.42,4225,1775
88.2,100.0,98.02,14,2,19,0,0,86.45,87.32,5239,761
94.21,83.56,85.22,16,0,7,0,0,67.09,67.57,4054,1946
77.88,90.64,91.79,15,8,19,0,-1,64.8,60.51,3630,2370
96.49,89.0,98.72,10,1,5,0,0,84.78,83.87,5031,969
84.48,73.01,98.33,9,1,20,0,-1,60.64,58.15,3489,2511
84.05,69.26,100.0,9,1,21,0,0,58.21,56.39,3383,2617
73.59,82.55,91.76,16,19,9,0,1,55.74,60.87,3652,2348
100.0,55.74,99.47,8,1,3,0,1,55.44,59.29,3557,2443
79.99,72.42,98.55,9,5,21,0,0,57.08,57.05,3423,2577
68.56,86.87,98.76,11,19,21,0,-1,58.82,54.78,3286,2714
66.22,83.67,88.31,16,18,25,0,-1,48.93,45.67,2740,3260
74.7,100.0,94.81,14,18,11,0,1,70.83,75.86,4551,1449
84.78,54.1,96.68,8,9,10,0,0,44.35,43.75,2625,3375
69.95,96.69,99.26,12,12,26,0,0,67.14,66.6,3996,2004
68.65,51.63,95.58,8,13,26,0,1,33.88,38.09,2285,3715
79.11,91.2,98.03,11,15,4,0,0,70.72,70.36,4221,1779
83.34,53.08,96.51,8,8,10,0,-1,42.7,38.31,2298,3702
80.37,93.81,94.67,15,6,22,0,0,71.38,68.58,4115,1885
79.44,87.32,100.0,10,19,1,0,0,69.37,68.9,4134,1866
64.96,52.53,98.64,8,18,23,0,0,33.66,32.21,1932,4068
80.11,74.3,83.77,17,16,2,0,1,49.86,54.54,3272,2728
62.39,54.8,81.0,18,19,29,0,-1,27.7,22.59,1355,4645
82.78,51.66,78.56,18,9,13,0,1,33.59,37.29,2237,3763
79.53,100.0,97.68,12,8,16,0,-1,77.68,72.38,4342,1658
70.85,82.41,88.79,16,11,29,0,0,51.84,53.2,3192,2808
67.65,72.26,96.45,9,19,18,0,1,47.15,53.58,3215,2785
68.34,54.77,77.49,18,20,15,0,1,29.01,34.93,2095,3905
74.26,71.47,97.97,9,19,7,0,1,52.0,56.72,3402,2598
99.21,85.02,98.63,10,0,3,0,-1,83.19,78.06,4683,1317
81.35,67.89,83.97,17,3,23,0,-1,46.37,42.46,2547,3453
77.0,86.27,88.14,16,13,13,0,-1,58.55,58.1,3485,2515
65.6,99.84,95.39,12,17,25,0,1,62.48,67.11,4026,1974
75.52,33.12,98.01,7,20,6,0,0,24.52,23.43,1405,4595
86.27,55.93,79.95,18,9,8,0,0,38.58,37.92,2274,3726
84.18,53.32,97.88,8,9,9,0,-1,43.93,39.29,2357,3643
96.2,98.66,97.02,12,0,3,0,0,92.08,93.19,5591,409
80.67,74.21,85.36,17,10,10,0,0,51.11,51.12,3067,2933
70.68,98.9,95.2,13,18,19,0,-1,66.55,59.95,3596,2404
87.0,71.27,97.23,9,6,10,0,0,60.29,59.84,3590,2410
62.57,98.63,99.61,12,15,29,0,0,61.47,62.34,3740,2260
84.57,100.0,98.97,14,1,20,0,0,83.7,84.41,5064,936
82.38,72.52,97.18,9,15,4,0,1,58.06,61.16,3669,2331
78.52,94.44,95.52,15,10,14,0,0,70.84,70.84,4250,1750
79.97,98.77,98.65,13,1,26,0,-1,77.92,72.23,4333,1667
78.07,84.49,90.81,16,10,17,0,-1,59.9,55.86,3351,2649
68.45,82.75,98.11,10,18,21,0,0,55.57,55.46,3327,2673
89.15,95.58,94.58,12,11,2,0,1,80.59,86.25,5175,825
94.85,93.67,97.15,11,0,10,0,1,86.32,89.93,5395,605
64.21,71.26,83.63,17,17,26,0,0,38.27,37.25,2235,3765
68.44,68.94,97.9,9,18,19,0,0,46.19,43.97,2638,3362
84.21,99.61,98.61,13,5,19,0,1,82.72,84.33,5059,941
74.31,92.19,98.45,11,10,22,0,0,67.44,66.82,4009,1991
82.4,35.36,98.06,7,8,13,0,0,28.57,29.33,1760,4240
65.13,53.57,97.46,8,15,28,0,0,34.0,36.03,2162,3838
78.62,83.31,97.5,10,11,14,0,-1,63.86,58.82,3529,2471
83.75,90.31,94.6,11,6,16,0,0,71.55,70.57,4234,1766
93.71,89.18,96.97,11,5,3,0,0,81.04,80.99,4859,1141
82.0,96.76,96.34,12,1,24,0,0,76.44,76.7,4602,1398
89.06,82.81,99.07,10,2,14,0,0,73.06,73.37,4402,1598
81.75,92.95,96.66,15,0,25,0,0,73.45,73.75,4425,1575
80.46,100.0,97.4,14,16,4,0,0,78.37,79.28,4756,1244
69.14,84.32,99.19,10,10,29,0,1,57.82,61.19,3671,2329
73.24,96.12,94.48,15,9,24,0,1,66.51,70.61,4236,1764
70.48,55.92,100.0,8,16,21,0,-1,39.41,33.49,2009,3991
87.96,81.4,99.91,10,1,14,0,0,71.54,68.98,4139,1861
80.65,99.02,100.0,13,16,3,0,0,79.86,80.26,4815,1185
69.45,37.33,98.03,7,9,29,0,-1,25.42,23.28,1396,4604
89.76,83.89,88.12,16,2,10,0,0,66.36,67.9,4073,1927
97.48,92.78,98.39,14,1,3,0,0,88.99,87.54,5252,748
82.07,83.52,84.57,15,9,0,1,-1,57.97,52.25,3134,2866
60.32,90.02,99.96,11,20,28,0,0,54.28,53.84,3230,2770
87.51,84.03,98.06,10,10,6,0,-1,72.11,68.64,4118,1882
75.66,92.1,99.54,11,17,10,0,1,69.36,74.19,4451,1549
92.94,70.26,84.08,17,3,8,0,1,54.91,57.71,3462,2538
93.71,91.31,95.63,11,3,0,0,-1,81.84,78.0,4679,1321
79.55,97.97,93.77,15,16,3,0,1,73.08,75.39,4523,1477
73.89,98.36,99.05,12,17,10,0,1,71.98,76.34,4580,1420
79.15,53.94,80.08,18,9,18,0,1,34.19,38.33,2299,3701
80.98,53.91,96.65,8,9,19,0,0,42.19,41.62,2497,3503
70.79,100.0,96.99,12,17,14,0,-1,68.66,67.81,4068,1932
63.46,37.91,100.0,7,15,28,0,0,24.06,21.71,1302,4698
97.39,72.38,83.77,17,1,3,0,0,59.05,59.92,3595,2405
97.91,100.0,98.85,13,1,2,0,0,96.79,95.52,5731,269
82.17,99.76,100.0,13,12,5,0,1,81.97,85.6,5136,864
60.52,84.8,89.14,16,20,26,0,0,45.75,44.96,2697,3303
72.34,55.7,81.05,18,14,19,0,1,32.66,36.83,2209,3791
77.55,98.16,98.2,12,6,22,0,1,74.75,80.45,4827,1173
77.36,89.34,93.32,15,2,29,0,0,64.5,64.06,3843,2157
78.66,100.0,95.78,14,18,4,0,0,75.34,75.69,4541,1459
87.23,54.65,97.69,8,14,3,0,-1,46.57,43.47,2608,3392
64.35,72.6,84.08,17,20,22,0,0,39.28,38.95,2336,3664
79.93,98.18,96.14,14,15,7,0,-1,75.45,69.27,4156,1844
74.53,71.17,99.46,9,19,8,0,0,52.75,53.2,3191,2809
84.82,97.87,96.21,12,12,5,0,1,79.87,85.36,5121,879
71.68,72.9,80.13,17,10,25,0,0,41.87,40.84,2450,3550
77.0,100.0,98.31,12,14,15,0,0,75.7,75.49,4529,1471
88.76,33.4,96.53,7,2,15,0,1,28.62,29.92,1795,4205
68.6,98.5,99.65,14,14,27,0,0,67.34,66.23,3973,2027
73.55,66.21,95.94,9,9,24,0,-1,46.73,42.22,2533,3467
85.31,84.12,91.01,16,4,16,0,-1,65.31,64.08,3844,2156
91.2,52.01,78.09,18,3,10,0,1,37.04,41.56,2493,3507
79.18,52.54,96.5,8,9,17,0,0,40.15,42.43,2545,3455
74.5,94.55,99.38,14,12,18,0,0,70.0,68.04,4082,1918
77.6,100.0,99.66,13,7,19,0,1,77.34,80.24,4814,1186
74.71,71.57,97.3,9,15,12,0,0,52.02,53.16,3189,2811
86.97,55.54,100.0,8,10,6,0,1,48.31,54.3,3257,2743
70.32,86.46,88.02,16,13,25,0,-1,53.51,46.82,2809,3191
79.01,83.92,88.6,16,10,17,0,0,58.75,57.55,3452,2548
90.94,56.93,78.52,18,7,5,0,0,40.65,40.96,2457,3543
81.88,75.17,83.34,17,2,23,0,0,51.29,49.95,2996,3004
63.23,57.53,76.46,18,18,26,0,0,27.82,29.24,1754,4246
85.08,99.38,97.38,14,3,18,0,0,82.34,80.01,4800,1200
79.47,84.24,87.59,16,14,10,0,0,58.63,60.39,3623,2377
77.84,88.35,93.18,15,3,26,0,-1,64.08,61.49,3689,2311
86.96,96.48,96.69,11,12,2,0,1,81.12,85.54,5132,868
63.83,70.35,82.57,17,19,24,0,1,37.08,42.89,2573,3427
68.69,100.0,97.69,12,15,20,0,0,67.11,67.02,4021,1979
99.33,73.95,82.94,17,1,2,0,0,60.93,62.31,3738,2262
76.13,82.75,98.09,10,4,28,0,-1,61.79,58.36,3501,2499
82.16,69.49,83.13,17,0,24,0,1,47.46,48.47,2908,3092
75.68,70.94,99.51,9,14,17,0,-1,53.42,50.44,3026,2974
70.45,88.61,89.67,16,18,14,0,-1,55.97,53.79,3227,2773
81.75,70.3,81.54,17,10,9,0,1,46.85,51.26,3075,2925
69.35,70.72,83.11,17,9,29,0,-1,40.76,34.77,2086,3914
86.43,100.0,96.95,13,11,2,0,0,83.79,83.39,5003,997
85.82,81.59,88.13,16,0,19,0,0,61.71,62.14,3728,2272
70.06,91.49,94.7,15,12,27,0,0,60.7,61.86,3711,2289
88.95,73.05,99.32,9,9,1,0,0,64.53,64.18,3851,2149
59.14,94.77,98.58,12,17,30,0,0,55.26,55.69,3341,2659
86.08,32.0,97.74,7,0,22,0,0,26.93,25.99,1559,4441
85.58,96.19,93.09,15,11,3,0,1,76.62,81.65,4899,1101
83.52,38.44,99.37,7,7,13,0,1,31.9,36.55,2192,3808
72.28,100.0,99.13,13,20,10,0,-1,71.65,66.08,3964,2036
77.98,97.1,95.78,13,12,13,0,0,72.53,71.61,4296,1704
81.55,90.94,93.28,15,6,21,0,0,69.17,70.49,4229,1771
82.42,70.08,96.5,9,15,4,0,0,55.74,56.35,3380,2620
73.73,85.67,99.19,10,17,12,0,1,62.65,68.19,4091,1909
85.38,99.76,97.55,12,13,4,0,1,83.08,85.8,5148,852
93.69,75.14,82.65,17,4,4,0,-1,58.19,55.69,3341,2659
98.5,74.15,80.14,17,0,4,0,1,58.53,63.38,3802,2198
81.32,95.02,98.16,14,13,4,0,0,75.85,75.31,4518,1482
80.96,57.58,97.07,8,4,20,0,-1,45.25,41.53,2491,3509
60.65,96.9,96.91,14,19,29,0,1,56.96,62.17,3730,2270
74.98,66.48,96.0,9,14,16,0,1,47.86,50.8,3048,2952
77.43,95.34,98.68,14,12,11,0,0,72.85,73.08,4384,1616
86.83,86.25,97.92,10,5,13,0,0,73.33,72.79,4367,1633
88.56,83.36,88.71,16,0,18,0,0,65.49,66.45,3987,2013
78.27,94.62,98.7,14,7,22,0,-1,73.1,67.97,4077,1923
69.35,97.3,97.73,13,17,18,0,0,65.95,65.69,3941,2059
99.29,98.67,97.56,12,1,1,0,1,95.57,99.94,5996,4
76.3,47.14,69.62,18,11,3,1,-1,25.04,20.32,1218,4782
94.91,57.82,78.82,18,2,4,0,1,43.25,47.64,2858,3142
83.51,92.18,90.31,15,8,14,0,-1,69.52,65.41,3924,2076
78.15,92.48,93.39,15,19,2,0,0,67.49,67.2,4032,1968
73.29,85.34,100.0,10,15,20,0,-1,62.54,56.53,3391,2609
83.83,73.95,82.67,17,2,21,0,1,51.25,55.38,3322,2678
77.34,83.53,86.62,16,9,19,0,0,55.96,57.02,3421,2579
78.54,37.91,97.98,7,10,17,0,-1,29.17,24.99,1499,4501
75.85,98.45,96.37,14,14,16,0,1,71.96,76.15,4568,1432
82.28,85.29,87.72,16,10,13,0,0,61.56,60.4,3624,2376
83.56,96.24,97.79,12,9,9,0,0,78.65,79.82,4788,1212
81.31,72.3,96.83,9,1,22,0,0,56.93,57.05,3422,2578
74.37,85.48,87.76,16,9,23,0,1,55.79,60.87,3652,2348
86.33,92.62,98.0,11,1,20,0,0,78.37,77.84,4670,1330
77.34,99.51,96.39,14,18,5,0,-1,74.18,71.23,4273,1727
73.5,70.09,83.41,17,9,25,0,1,42.96,49.0,2940,3060
81.55,35.85,96.32,7,9,15,0,0,28.16,27.43,1645,4355
84.31,54.47,97.02,8,4,16,0,-1,44.56,41.49,2489,3511
88.86,93.14,97.53,11,8,4,0,1,80.71,86.33,5179,821
92.79,94.01,97.35,11,8,0,0,0,84.92,83.42,5005,995
83.71,54.98,76.32,18,3,19,0,1,35.13,36.38,2182,3818
80.67,83.63,86.35,16,4,21,0,0,58.26,57.82,3469,2531
68.99,97.25,96.39,14,11,25,0,1,64.68,67.65,4058,1942
83.64,52.78,80.34,18,7,15,0,0,35.46,35.41,2124,3876
63.23,68.92,98.52,9,16,27,0,-1,42.93,40.41,2424,3576
81.65,55.12,100.0,8,4,19,0,0,45.01,45.28,2716,3284
66.46,74.01,96.77,9,15,24,0,0,47.6,50.56,3033,2967
83.13,100.0,99.18,13,12,7,0,0,82.44,82.89,4973,1027
69.35,70.51,84.29,17,14,23,0,1,41.21,46.13,2767,3233
62.82,84.42,98.33,10,18,23,0,0,52.15,53.82,3229,2771
85.11,99.18,100.0,12,1,20,0,0,84.41,84.97,5098,902
95.57,92.74,96.93,11,3,1,0,1,85.91,88.54,5312,688
78.52,99.33,98.33,13,15,9,0,0,76.69,75.25,4515,1485
74.89,89.91,88.71,14,17,7,1,1,59.73,64.64,3878,2122
77.33,57.11,78.62,18,12,15,0,0,34.72,34.39,2063,3937
81.55,94.56,98.52,11,4,16,0,1,75.98,82.74,4964,1036
70.16,37.07,98.98,7,9,29,0,-1,25.74,20.77,1245,4755
70.15,100.0,100.0,13,10,30,0,0,70.15,70.62,4237,1763
95.85,95.3,92.92,15,1,3,0,1,84.88,90.36,5421,579
67.8,71.07,82.27,17,11,30,0,-1,39.64,34.48,2068,3932
60.96,83.44,88.73,16,20,27,0,-1,45.13,42.11,2526,3474
73.67,91.27,98.15,11,8,25,0,1,65.99,67.64,4058,1942
73.98,73.59,83.52,17,18,12,0,-1,45.47,42.51,2550,3450
79.38,72.86,84.41,17,7,23,0,0,48.81,48.55,2913,3087
50.76,56.96,79.93,17,18,24,1,0,23.11,22.51,1350,4650
79.13,83.53,95.92,10,16,10,0,0,63.41,62.88,3772,2228
87.72,72.21,81.49,17,5,10,0,1,51.62,55.04,3302,2698
80.87,68.53,87.93,17,0,26,0,0,48.73,49.51,2970,3030
90.71,56.73,98.24,8,0,13,0,0,50.56,50.65,3039,2961
81.73,52.11,100.0,8,16,3,0,-1,42.59,36.9,2214,3786
74.86,97.77,96.56,12,7,23,0,-1,70.67,67.49,4049,1951
100.0,83.19,98.07,10,1,0,0,0,81.59,81.99,4919,1081
95.11,87.88,87.39,16,2,1,0,0,73.05,72.86,4371,1629
76.41,85.68,85.68,16,6,30,0,-1,56.09,53.2,3191,2809
96.06,54.97,100.0,8,3,2,0,1,52.8,57.43,3446,2554
71.15,75.58,96.23,9,12,21,0,0,51.75,51.97,3118,2882
61.89,70.4,83.63,17,18,25,0,1,36.44,41.48,2489,3511
91.14,57.72,97.12,8,5,8,0,1,51.09,54.35,3260,2740
84.02,71.58,82.63,17,2,20,0,0,49.7,49.81,2988,3012
76.25,99.65,97.77,14,8,24,0,1,74.29,78.31,4698,1302
80.23,71.03,84.71,17,10,8,0,0,48.27,46.91,2814,3186
91.85,73.09,98.3,9,2,8,0,0,65.99,63.95,3837,2163
78.14,37.15,98.67,7,12,12,0,1,28.64,33.72,2023,3977
73.52,34.52,100.0,7,8,30,0,1,25.38,30.65,1839,4161
81.21,74.41,100.0,9,14,2,0,-1,60.44,55.45,3327,2673
71.16,80.29,97.68,10,19,12,0,-1,55.81,52.78,3166,2834
93.62,98.65,100.0,14,3,4,0,1,92.35,96.21,5772,228
81.53,98.77,98.14,13,6,19,0,0,79.04,79.58,4774,1226
78.85,69.75,83.29,17,3,29,0,0,45.81,46.45,2787,3213
90.14,95.26,98.69,14,8,3,0,-1,84.75,81.51,4890,1110
65.66,57.74,98.74,8,18,23,0,1,37.44,39.36,2361,3639
65.75,86.09,91.61,14,0,28,1,0,51.85,50.68,3041,2959
80.55,100.0,95.97,14,4,20,0,0,77.3,78.85,4731,1269
77.25,72.64,82.43,17,0,29,0,0,46.26,45.25,2715,3285
81.31,33.98,93.8,7,12,8,0,0,25.92,26.01,1560,4440
71.81,71.66,98.36,9,10,28,0,-1,50.62,47.22,2833,3167
70.58,36.67,98.31,7,16,22,0,-1,25.45,20.29,1217,4783
67.96,89.04,89.64,14,15,13,1,0,54.24,55.07,3304,2696
84.56,100.0,98.2,13,2,17,0,0,83.04,82.82,4969,1031
92.15,83.82,98.18,10,0,12,0,1,75.84,81.02,4861,1139
82.4,96.66,97.48,14,3,18,0,1,77.64,82.78,4966,1034
73.43,99.77,97.02,12,10,21,0,0,71.08,70.98,4258,1742
84.86,89.26,97.9,11,12,1,0,1,74.16,77.47,4648,1352
90.55,69.79,85.61,17,2,11,0,1,54.1,61.08,3664,2336
79.95,97.68,96.75,12,2,26,0,-1,75.56,70.63,4237,1763
75.02,87.64,98.67,11,20,6,0,-1,64.87,62.13,3727,2273
75.32,35.95,95.78,7,12,21,0,1,25.93,26.47,1588,4412
67.32,53.75,79.41,18,12,28,0,1,28.74,31.15,1869,4131
79.95,56.44,74.97,18,11,15,0,0,33.83,35.15,2109,3891
57.2,50.75,91.54,8,20,14,1,0,26.57,25.6,1535,4465
89.4,59.24,75.61,18,6,4,0,0,40.04,40.78,2446,3554
92.68,33.09,99.91,7,6,0,0,1,30.64,36.57,2193,3807
80.2,80.67,86.99,16,7,15,0,0,56.28,55.8,3347,2653
82.17,99.41,96.78,13,2,25,0,-1,79.06,75.71,4542,1458
72.6,93.48,96.48,11,15,17,0,-1,65.48,60.34,3620,2380
100.0,96.67,96.92,14,0,1,0,0,93.69,92.49,5549,451
93.75,97.3,96.8,12,1,10,0,0,88.3,86.49,5189,811
87.64,52.71,78.43,18,1,12,0,0,36.23,36.32,2179,3821
75.96,52.72,97.05,8,6,25,0,1,38.87,43.2,2591,3409
64.44,91.42,92.49,15,14,30,0,0,54.49,55.16,3309,2691
77.94,70.36,84.84,17,17,4,0,0,46.52,44.78,2686,3314
80.17,53.05,79.63,18,18,7,0,-1,33.86,28.14,1688,4312
85.79,35.95,98.8,7,4,15,0,0,30.47,30.93,1855,4145
88.1,75.24,81.95,17,0,15,0,0,54.32,54.64,3278,2722
85.31,78.01,83.34,16,1,7,1,1,55.46,61.7,3702,2298
96.43,70.32,98.42,9,0,5,0,1,66.74,72.85,4371,1629
85.85,92.76,97.44,11,3,14,0,0,77.6,76.51,4590,1410
76.57,84.63,88.79,16,5,26,0,1,57.54,64.07,3844,2156
86.6,58.36,100.0,8,3,15,0,0,50.54,51.07,3064,2936
60.65,72.49,85.61,16,19,7,1,0,37.64,38.1,2286,3714
87.9,56.03,97.32,8,6,13,0,0,47.93,49.08,2944,3056
79.0,95.18,98.83,12,12,10,0,-1,74.31,72.93,4375,1625
72.3,73.83,82.26,17,18,17,0,0,43.91,45.3,2717,3283
75.05,73.4,94.79,9,10,26,0,0,52.22,52.54,3152,2848
86.54,82.63,96.46,10,1,18,0,-1,68.98,65.75,3945,2055
91.56,56.17,97.53,8,3,8,0,-1,50.16,48.87,2932,3068
79.14,100.0,98.7,13,5,22,0,0,78.12,79.75,4785,1215
79.12,100.0,97.68,12,17,5,0,-1,77.29,72.71,4362,1638
95.87,82.58,88.73,16,1,4,0,1,70.25,73.71,4422,1578
71.12,63.16,81.58,17,19,12,0,1,36.65,41.38,2483,3517
83.51,34.66,100.0,7,15,2,0,-1,28.94,27.41,1644,4356
80.74,72.51,98.59,9,2,22,0,-1,57.72,52.06,3123,2877
73.14,89.25,98.97,11,13,22,0,0,64.6,66.01,3960,2040
91.58,98.1,99.01,14,4,6,0,0,88.96,88.79,5327,673
73.89,72.32,96.79,9,20,8,0,-1,51.73,46.61,2796,3204
74.73,99.86,99.58,13,7,30,0,0,74.31,73.63,4417,1583
67.48,73.45,100.0,9,19,22,0,1,49.57,51.49,3089,2911
74.07,72.21,98.11,9,15,19,0,1,52.48,58.62,3516,2484
83.18,67.07,82.78,17,9,11,0,0,46.18,46.44,2786,3214
85.32,98.83,100.0,13,0,17,0,0,84.33,82.84,4970,1030
95.58,85.88,99.43,10,6,3,0,0,81.61,81.98,4918,1082
85.57,93.14,94.94,15,3,19,0,0,75.67,78.55,4713,1287
71.66,98.47,99.83,12,17,16,0,1,70.45,73.41,4404,1596
89.13,70.19,81.16,17,6,8,0,1,50.78,53.44,3206,2794
79.74,58.83,98.07,8,4,21,0,0,46.0,46.95,2816,3184
83.6,98.46,98.21,14,15,5,0,-1,80.85,76.72,4603,1397
86.68,35.6,98.44,7,1,20,0,1,30.38,34.61,2076,3924
83.74,81.37,97.74,10,13,8,0,0,66.6,67.43,4046,1954
62.36,97.97,91.9,12,19,25,0,0,56.15,55.03,3301,2699
98.3,98.76,98.15,14,1,3,0,0,95.28,95.82,5749,251
77.2,57.51,78.14,18,1,29,0,1,34.69,39.76,2385,3615
89.97,71.68,97.91,9,0,15,0,1,63.14,67.68,4060,1940
65.34,42.68,96.7,8,7,23,1,0,26.97,25.16,1509,4491
71.41,98.38,98.2,14,18,18,0,-1,69.0,64.24,3854,2146
83.86,83.84,97.36,10,10,7,0,-1,68.45,63.41,3804,2196
90.3,98.35,99.78,12,7,3,0,0,88.62,88.87,5332,668
70.66,85.63,98.82,10,13,27,0,-1,59.8,57.72,3463,2537
88.35,85.94,96.38,10,2,15,0,0,73.18,71.67,4300,1700
84.54,83.94,87.18,16,15,1,0,-1,61.86,57.13,3427,2573
72.97,67.93,100.0,9,6,29,0,0,49.57,48.21,2892,3108
83.47,81.58,89.02,16,14,5,0,0,60.62,60.91,3654,2346
89.7,100.0,97.79,13,11,4,0,1,87.72,90.69,5441,559
74.36,83.84,98.85,10,20,11,0,0,61.62,63.13,3788,2212
87.08,93.67,96.76,11,6,10,0,0,78.93,78.17,4690,1310
85.1,73.73,97.71,9,1,22,0,0,61.31,60.71,3642,2358
92.23,82.82,84.92,16,1,8,0,1,64.87,66.69,4001,1999
76.06,97.85,98.2,14,14,13,0,1,73.08,76.13,4567,1433
73.38,97.04,95.05,12,7,28,0,-1,67.68,63.93,3835,2165
45.2,62.04,94.63,9,20,30,1,1,26.54,30.85,1850,4150
70.86,73.67,96.65,9,18,17,0,-1,50.46,44.54,2672,3328
65.69,54.41,98.85,8,13,27,0,-1,35.33,30.88,1852,4148
71.35,83.1,95.96,10,18,15,0,0,56.89,56.8,3408,2592
92.54,97.96,98.35,14,8,0,0,1,89.15,93.4,5604,396
79.21,43.56,68.41,18,7,7,1,1,23.6,27.69,1661,4339
74.19,85.66,85.63,16,7,28,0,0,54.42,54.62,3277,2723
77.09,82.54,88.56,16,4,29,0,0,56.35,56.52,3391,2609
91.44,83.34,88.42,16,0,13,0,0,67.39,66.66,3999,2001
86.92,33.24,97.92,7,1,15,0,0,28.3,27.52,1651,4349
81.04,52.98,81.08,18,16,1,0,-1,34.82,31.57,1894,4106
68.35,100.0,97.81,13,15,25,0,-1,66.85,62.64,3758,2242
72.44,52.89,98.25,8,14,15,0,1,37.64,40.93,2455,3545
83.23,93.32,92.06,15,0,22,0,1,71.51,76.16,4569,1431
86.8,81.69,97.38,10,4,11,0,0,69.05,69.02,4141,1859
79.52,93.61,96.1,11,7,20,0,0,71.54,72.71,4362,1638
90.9,54.14,99.91,8,0,15,0,0,49.17,49.1,2946,3054
87.59,71.88,87.78,17,9,5,0,-1,55.27,51.8,3107,2893
82.22,82.17,89.23,16,18,0,0,0,60.29,60.43,3625,2375
67.93,98.5,96.71,14,14,24,0,-1,64.71,62.18,3730,2270
83.91,55.41,79.05,18,12,5,0,1,36.75,40.8,2448,3552
70.59,100.0,98.86,12,20,14,0,-1,69.79,65.03,3901,2099
79.73,31.15,95.67,7,20,2,0,1,23.76,28.31,1698,4302
78.27,53.01,78.52,18,10,16,0,-1,32.58,30.65,1839,4161
78.76,100.0,97.01,13,8,22,0,0,76.4,77.2,4632,1368
70.8,82.61,86.76,16,17,18,0,1,50.74,56.68,3400,2600
85.12,71.73,80.86,17,2,19,0,-1,49.37,45.13,2707,3293
88.45,55.47,79.15,18,1,16,0,1,38.83,45.15,2709,3291
70.73,70.88,81.32,17,11,28,0,0,40.76,42.43,2545,3455
85.99,35.88,98.22,7,3,12,0,0,30.3,28.79,1727,4273
76.74,97.06,97.35,12,14,19,0,1,72.5,73.79,4427,1573
79.91,99.61,95.93,12,5,20,0,1,76.36,81.22,4873,1127
57.26,46.09,89.92,8,17,22,1,1,23.73,30.03,1801,4199
84.15,68.59,98.03,9,10,7,0,0,56.58,55.4,3323,2677
84.95,93.81,94.47,15,3,20,0,1,75.28,78.71,4722,1278
77.84,80.19,89.77,16,6,24,0,0,56.03,57.81,3468,2532
86.02,55.06,77.22,18,7,10,0,1,36.58,38.36,2301,3699
68.46,96.12,99.62,11,16,21,0,-1,65.55,61.08,3665,2335
89.43,39.47,96.47,7,2,11,0,1,34.05,36.72,2203,3797
71.99,97.16,96.65,14,16,16,0,0,67.6,68.93,4135,1865
68.28,54.58,96.61,8,15,22,0,-1,36.01,31.96,1917,4083
80.32,96.04,91.79,15,9,14,0,0,70.8,70.56,4233,1767
74.03,83.35,88.77,16,11,25,0,0,54.78,55.46,3327,2673
94.15,70.19,81.55,17,2,6,0,0,53.89,53.58,3214,2786
96.22,98.04,99.21,14,2,2,0,0,93.59,93.66,5619,381
89.0,97.84,98.18,13,5,9,0,1,85.5,92.76,5565,435
95.71,56.44,99.15,8,3,5,0,0,53.57,54.31,3258,2742
83.68,91.84,95.11,11,3,22,0,-1,73.09,70.86,4251,1749
83.71,72.26,95.8,9,6,16,0,0,57.95,59.84,3590,2410
94.93,72.78,85.12,17,0,9,0,0,58.81,58.19,3491,2509
61.87,98.27,95.15,13,17,29,0,1,57.84,60.91,3654,2346
77.31,100.0,96.04,12,13,14,0,0,74.25,73.54,4412,1588
79.2,55.69,77.16,18,20,0,0,0,34.03,32.74,1964,4036
91.65,94.91,100.0,11,6,2,0,0,86.99,87.02,5221,779
71.66,38.9,97.11,7,7,26,0,0,27.07,27.79,1667,4333
74.43,93.36,93.58,15,20,10,0,0,65.03,66.24,3974,2026
73.94,100.0,98.94,13,18,10,0,0,73.16,71.53,4291,1709
67.45,75.36,82.98,17,20,25,0,1,42.18,47.27,2836,3164
63.31,80.95,88.01,16,16,26,0,1,45.11,48.8,2928,3072
79.7,96.81,99.39,14,9,18,0,0,76.68,75.77,4545,1455
86.28,69.92,99.49,9,9,5,0,-1,60.02,55.52,3330,2670
76.2,87.68,99.45,10,15,11,0,0,66.45,67.87,4072,1928
97.56,95.36,97.28,11,1,4,0,1,90.5,93.2,5592,408
82.7,97.01,99.4,14,5,19,0,0,79.75,81.71,4902,1098
77.52,70.05,97.03,9,17,9,0,1,52.69,54.8,3288,2712
90.78,73.0,97.26,9,4,5,0,-1,64.45,62.61,3756,2244
78.61,33.31,96.83,7,10,18,0,1,25.36,28.58,1714,4286
86.39,95.42,100.0,11,11,5,0,0,82.43,82.3,4938,1062
66.93,86.54,97.94,10,17,22,0,1,56.73,59.03,3541,2459
87.33,99.65,96.18,12,11,4,0,-1,83.7,81.21,4872,1128
80.67,92.44,91.49,15,5,17,0,-1,68.23,64.58,3874,2126
67.79,36.85,99.19,7,12,29,0,-1,24.78,18.45,1106,4894
64.86,69.44,97.91,9,14,29,0,1,44.1,47.61,2856,3144
72.37,34.81,94.21,7,17,16,0,-1,23.73,19.91,1194,4806
80.59,56.48,78.95,18,9,15,0,0,35.94,36.25,2174,3826
64.27,93.08,98.45,11,18,21,0,-1,58.9,56.26,3375,2625
78.56,82.5,89.0,16,14,10,0,0,57.68,57.72,3463,2537
79.34,54.34,78.87,18,3,23,0,-1,34.01,28.76,1725,4275
79.3,38.93,99.88,7,4,21,0,0,30.84,30.24,1814,4186
88.31,90.54,92.95,15,3,9,0,0,74.32,74.21,4452,1548
75.12,33.04,98.49,7,12,19,0,0,24.44,25.08,1504,4496
77.66,80.11,99.78,10,14,11,0,1,62.07,64.53,3871,2129
62.84,39.34,97.28,7,19,20,0,1,24.05,29.27,1756,4244
76.07,92.39,93.28,15,7,25,0,-1,65.55,59.1,3546,2454
92.65,93.87,96.92,11,6,0,0,0,84.29,84.12,5047,953
65.22,55.14,100.0,8,17,27,0,0,35.96,35.01,2100,3900
86.23,99.02,100.0,14,2,16,0,0,85.38,85.81,5148,852
86.85,100.0,96.94,13,6,15,0,1,84.19,85.1,5106,894
63.45,79.33,88.49,16,16,30,0,1,44.54,48.22,2893,3107
72.03,61.54,75.65,17,11,12,1,0,33.54,34.71,2082,3918
79.07,71.71,96.52,9,13,11,0,0,54.73,54.32,3258,2742
90.92,100.0,96.72,13,11,0,0,1,87.93,91.18,5471,529
82.28,98.78,99.0,12,9,14,0,0,80.46,81.14,4868,1132
92.41,93.19,95.19,15,2,6,0,1,81.97,86.67,5200,800
69.69,97.71,94.53,14,13,25,0,-1,64.38,60.63,3637,2363
69.17,69.44,99.15,9,13,23,0,0,47.62,49.59,2975,3025
79.08,98.67,97.13,13,4,26,0,0,75.79,75.33,4519,1481
79.45,83.64,88.7,16,19,2,0,0,58.94,59.51,3570,2430
87.73,69.06,97.92,9,6,9,0,0,59.33,59.11,3546,2454
74.77,94.01,97.8,14,16,10,0,0,68.75,68.32,4098,1902
63.91,57.83,100.0,8,18,24,0,0,36.96,35.01,2100,3900
83.65,87.27,84.83,13,2,0,1,-1,61.93,56.84,3410,2590
84.05,93.91,93.21,11,13,5,0,0,73.57,73.3,4398,1602
70.09,92.74,92.93,15,14,22,0,0,60.4,59.1,3545,2455
88.6,84.42,86.65,16,4,6,0,0,64.81,66.11,3966,2034
68.94,61.81,86.27,9,12,9,1,0,36.77,36.91,2214,3786
79.87,91.75,91.7,15,15,1,0,1,67.2,72.84,4370,1630
79.8,93.94,97.06,11,18,9,0,0,72.76,73.11,4386,1614
66.04,98.71,95.86,14,17,23,0,0,62.48,63.31,3798,2202
92.0,98.92,98.63,14,7,0,0,1,89.76,95.0,5700,300
87.19,72.67,96.53,9,8,9,0,1,61.16,65.98,3958,2042
83.12,69.91,83.39,17,15,3,0,0,48.46,48.13,2887,3113
81.43,71.66,84.97,17,9,13,0,1,49.58,51.73,3103,2897
75.74,53.69,78.17,18,20,7,0,1,31.79,35.01,2100,3900
81.66,90.46,98.89,11,15,2,0,0,73.05,71.65,4298,1702
77.02,83.03,88.29,16,11,18,0,0,56.46,56.57,3394,2606
76.25,99.82,100.0,14,18,13,0,-1,76.11,70.14,4208,1792
68.39,75.0,82.22,17,15,22,0,0,42.17,44.09,2645,3355
77.29,54.87,99.38,8,11,16,0,0,42.15,42.6,2555,3445
81.52,53.17,76.67,18,18,0,0,-1,33.23,28.88,1732,4268
80.79,69.65,99.11,9,18,1,0,0,55.77,57.26,3435,2565
81.88,72.2,99.63,9,10,14,0,-1,58.9,51.67,3100,2900
87.34,70.43,99.27,9,11,5,0,0,61.06,61.6,3695,2305
86.24,33.65,98.19,7,8,11,0,-1,28.49,24.03,1441,4559
91.53,96.28,98.43,12,1,9,0,-1,86.74,82.72,4963,1037
86.68,73.09,85.26,17,2,16,0,0,54.02,53.29,3197,2803
79.73,81.79,99.63,10,20,5,0,-1,64.96,59.18,3550,2450
67.22,74.1,83.45,16,5,17,1,1,41.56,43.91,2634,3366
86.44,95.22,97.88,12,9,8,0,1,80.56,84.24,5054,946
87.87,53.89,79.12,18,11,3,0,1,37.47,40.49,2429,3571
94.6,99.62,97.29,12,4,0,0,-1,91.68,88.06,5283,717
68.38,90.78,100.0,11,11,24,0,-1,62.08,57.79,3467,2533
92.61,94.88,96.01,12,5,3,0,1,84.37,85.9,5153,847
73.48,92.64,93.01,15,7,26,0,0,63.32,63.4,3803,2197
70.72,83.95,97.22,10,17,19,0,0,57.71,56.88,3412,2588
65.3,51.2,77.21,18,16,27,0,1,25.81,29.83,1789,4211
78.57,84.29,86.13,15,3,13,1,1,57.04,59.16,3549,2451
82.02,54.49,98.22,8,3,26,0,1,43.89,45.05,2703,3297
78.34,36.65,100.0,7,15,11,0,0,28.71,27.69,1661,4339
86.86,91.07,94.41,11,11,4,0,0,74.69,75.03,4501,1499
70.95,98.11,96.02,14,19,16,0,0,66.84,64.9,3894,2106
80.68,98.58,97.73,12,5,22,0,0,77.73,77.48,4648,1352
84.77,92.1,100.0,11,0,23,0,1,78.07,84.07,5044,956
78.69,83.17,98.17,10,4,27,0,1,64.25,70.66,4239,1761
87.36,56.04,77.32,18,7,9,0,-1,37.85,37.44,2246,3754
75.78,65.09,88.95,9,2,13,1,1,43.88,47.77,2866,3134
99.32,53.41,96.87,8,2,0,0,0,51.38,51.44,3086,2914
85.12,100.0,97.96,14,13,1,0,1,83.39,85.98,5158,842
72.11,36.02,95.93,7,16,18,0,0,24.92,22.98,1378,4622
82.05,35.57,98.43,7,15,3,0,-1,28.72,24.79,1487,4513
91.32,32.6,97.73,7,2,9,0,0,29.1,30.51,1830,4170
84.09,69.64,78.85,17,0,24,0,0,46.18,44.95,2696,3304
79.28,55.68,100.0,8,3,29,0,0,44.14,44.77,2686,3314
82.13,85.95,86.95,16,6,18,0,0,61.38,58.95,3537,2463
78.99,81.28,98.2,10,5,21,0,1,63.04,67.16,4029,1971
75.91,56.34,98.11,8,4,27,0,0,41.96,43.02,2580,3420
70.94,53.55,79.39,18,8,30,0,0,30.16,29.17,1750,4250
68.4,74.88,79.47,16,11,11,1,0,40.7,42.56,2553,3447
70.0,70.55,99.26,9,16,24,0,0,49.02,50.25,3015,2985
75.05,54.84,78.69,18,19,7,0,1,32.39,37.31,2238,3762
79.3,54.24,98.83,8,3,26,0,-1,42.51,39.06,2343,3657
79.53,37.1,95.93,7,16,6,0,0,28.3,26.21,1572,4428
75.26,56.02,78.91,18,6,30,0,1,33.27,35.32,2119,3881
81.52,95.65,93.24,15,0,23,0,1,72.7,74.7,4482,1518
65.99,84.32,97.71,10,16,27,0,0,54.37,55.65,3338,2662
76.02,54.44,78.1,18,15,11,0,-1,32.33,27.96,1677,4323
73.83,76.02,98.21,9,14,21,0,0,55.13,54.37,3262,2738
79.01,52.11,97.5,8,5,26,0,-1,40.14,36.03,2161,3839
81.5,100.0,98.04,13,13,6,0,-1,79.91,75.23,4513,1487
81.41,99.7,99.24,13,3,24,0,-1,80.55,75.2,4512,1488
84.76,57.78,96.32,8,14,3,0,1,47.17,50.77,3046,2954
76.24,97.69,93.78,14,11,22,0,1,69.85,72.8,4367,1633
99.6,53.57,78.49,18,1,2,0,0,41.88,41.66,2499,3501
81.5,100.0,97.78,12,15,3,0,0,79.69,79.17,4749,1251
83.4,100.0,98.74,13,9,14,0,0,82.34,82.63,4958,1042
75.27,80.15,89.59,16,9,21,0,-1,54.05,47.45,2846,3154
81.94,99.43,97.08,14,7,17,0,0,79.08,80.94,4856,1144
59.19,86.66,87.87,13,9,27,1,0,45.08,43.64,2618,3382
74.09,98.16,97.02,13,6,27,0,1,70.56,73.34,4400,1600
83.82,99.59,98.65,14,11,5,0,0,82.35,80.84,4850,1150
71.45,37.51,99.45,7,15,21,0,1,26.66,28.95,1736,4264
70.39,94.58,98.59,14,16,21,0,1,65.63,72.07,4324,1676
90.26,56.38,99.54,8,4,12,0,0,50.65,49.08,2944,3056
78.5,100.0,99.44,13,18,3,0,-1,78.06,73.59,4415,1585
92.91,71.0,99.05,9,2,11,0,-1,65.33,60.11,3606,2394
82.99,99.34,96.98,12,6,19,0,-1,79.95,74.27,4455,1545
91.72,99.52,99.26,13,3,7,0,0,90.61,88.93,5335,665
78.97,98.9,96.93,13,15,8,0,-1,75.71,70.93,4255,1745
75.57,82.83,88.3,16,18,8,0,-1,55.27,49.74,2984,3016
81.87,69.68,81.82,17,12,11,0,1,46.68,48.92,2934,3066
77.62,85.19,88.94,16,12,15,0,-1,58.81,55.9,3353,2647
82.4,72.03,100.0,9,14,3,0,-1,59.35,55.67,3339,2661
78.76,99.07,97.46,14,15,7,0,0,76.05,75.93,4555,1445
95.41,70.75,84.73,17,4,0,0,1,57.2,59.52,3571,2429
84.32,33.57,99.87,7,2,15,0,-1,28.27,23.41,1404,4596
75.8,73.86,97.32,9,12,19,0,-1,54.49,49.34,2960,3040
77.79,75.53,97.76,9,9,19,0,0,57.44,59.2,3551,2449
80.05,86.08,87.28,16,3,24,0,0,60.14,59.53,3571,2429
66.01,53.3,99.24,8,16,24,0,1,34.92,37.25,2235,3765
89.32,99.58,94.58,14,6,9,0,-1,84.13,79.49,4769,1231
77.65,95.66,100.0,14,16,8,0,0,74.28,75.14,4508,1492
72.55,95.96,93.65,15,10,25,0,1,65.2,71.25,4274,1726
77.63,90.97,93.39,15,0,30,0,1,65.95,71.38,4283,1717
87.1,100.0,96.17,13,3,12,0,-1,83.77,79.98,4798,1202
74.04,100.0,97.53,13,14,14,0,-1,72.22,69.38,4162,1838
66.58,68.72,98.65,9,17,21,0,1,45.14,51.58,3094,2906
87.12,94.72,97.25,11,5,15,0,0,80.25,80.42,4824,1176
86.31,100.0,98.22,13,4,9,0,1,84.78,91.24,5474,526
83.28,99.23,96.49,14,3,18,0,0,79.75,79.64,4778,1222
71.88,70.25,83.39,17,15,21,0,0,42.11,42.15,2529,3471
69.74,94.76,92.68,15,17,18,0,-1,61.25,59.76,3585,2415
70.37,83.06,89.35,15,5,16,1,1,52.23,54.96,3297,2703
71.64,90.12,95.48,11,15,18,0,0,61.64,62.96,3777,2223
68.28,96.77,100.0,13,19,21,0,-1,66.08,62.41,3744,2256
88.22,93.68,97.03,11,10,1,0,-1,80.19,76.16,4569,1431
78.11,32.83,97.27,7,4,26,0,0,24.94,25.12,1507,4493
72.52,95.88,97.9,12,11,25,0,-1,68.08,59.78,3586,2414
71.52,35.83,99.76,7,20,10,0,1,25.57,28.61,1716,4284
79.3,98.68,99.83,13,11,11,0,-1,78.12,74.53,4472,1528
88.34,36.92,95.57,7,7,7,0,0,31.18,31.63,1897,4103
74.2,84.81,94.8,10,20,9,0,0,59.66,61.76,3705,2295
77.32,86.82,91.31,16,2,29,0,0,61.3,61.42,3685,2315
77.54,57.95,77.07,18,2,27,0,1,34.63,39.39,2363,3637
97.74,100.0,97.74,12,5,0,0,1,95.53,98.88,5932,68
70.64,37.47,96.89,7,14,21,0,0,25.65,27.18,1631,4369
70.49,98.94,98.89,13,18,16,0,0,68.97,68.92,4134,1866
91.0,98.83,100.0,13,8,0,0,1,89.94,94.95,5696,304
90.02,82.76,88.15,16,0,10,0,-1,65.67,64.01,3840,2160
78.94,98.16,100.0,13,10,18,0,1,77.49,79.85,4790,1210
78.0,95.38,93.12,14,3,22,0,0,69.29,71.4,4283,1717
87.32,69.35,83.68,17,6,10,0,1,50.67,54.85,3291,2709
86.07,69.44,84.24,17,10,5,0,0,50.35,51.15,3068,2932
82.64,82.0,88.63,16,9,11,0,0,60.06,59.39,3563,2437
82.9,100.0,97.39,13,6,15,0,0,80.74,79.94,4796,1204
78.76,72.35,84.41,17,2,26,0,0,48.1,49.32,2959,3041
87.0,91.59,94.8,15,6,9,0,-1,75.54,71.93,4315,1685
71.99,94.73,98.84,11,18,12,0,1,67.41,70.64,4238,1762
84.25,80.91,87.47,16,2,22,0,0,59.62,59.98,3598,2402
82.12,87.1,88.79,16,3,18,0,0,63.51,64.87,3892,2108
88.67,97.07,100.0,12,8,2,0,1,86.08,91.73,5503,497
75.58,92.22,92.63,15,15,13,0,0,64.56,65.09,3905,2095
72.17,80.2,97.49,10,11,25,0,0,56.42,58.73,3523,2477
62.34,55.83,94.43,8,20,26,0,1,32.86,35.83,2149,3851
72.37,89.51,98.65,11,13,21,0,0,63.9,63.1,3785,2215
86.61,95.32,93.72,15,10,6,0,0,77.38,78.01,4680,1320
83.45,95.16,98.17,13,12,8,0,1,77.95,81.41,4884,1116
81.24,97.91,98.05,14,17,5,0,1,77.99,82.01,4920,1080
59.86,62.4,77.82,17,16,27,1,1,29.07,32.04,1922,4078
79.15,95.91,99.09,14,6,21,0,0,75.22,73.16,4389,1611
76.0,57.55,79.54,18,14,8,0,0,34.79,34.5,2070,3930
64.36,73.83,82.33,17,17,25,0,0,39.12,40.03,2401,3599
64.34,81.51,89.94,16,13,29,0,-1,47.17,42.75,2564,3436
88.25,74.81,82.81,17,1,16,0,1,54.67,57.29,3437,2563
91.58,100.0,98.0,14,4,7,0,1,89.75,93.14,5588,412
72.73,70.75,83.11,17,9,27,0,0,42.77,40.32,2419,3581
78.4,99.12,95.31,13,13,10,0,0,74.07,74.53,4471,1529
74.78,53.61,98.92,8,20,6,0,1,39.66,43.45,2607,3393
76.39,89.74,99.15,11,9,20,0,-1,67.97,64.99,3899,2101
78.0,69.16,83.46,17,19,7,0,0,45.02,46.14,2768,3232
88.23,100.0,96.81,13,7,3,0,0,85.41,86.08,5164,836
93.83,73.83,98.77,9,6,0,0,1,68.42,71.73,4303,1697
78.47,90.02,99.1,11,14,15,0,-1,70.0,66.61,3996,2004
61.69,90.33,87.54,13,13,20,1,-1,48.78,43.58,2614,3386
90.5,82.66,98.66,10,5,8,0,0,73.8,73.92,4435,1565
93.1,71.17,97.12,9,0,8,0,-1,64.35,58.82,3529,2471
80.88,92.54,99.54,11,17,5,0,-1,74.5,71.46,4287,1713
67.99,36.93,98.13,7,15,25,0,1,24.64,27.7,1662,4338
78.04,55.18,97.84,8,10,19,0,1,42.14,44.85,2691,3309
67.65,56.99,99.33,8,13,28,0,-1,38.3,35.2,2111,3889
89.38,68.97,84.95,17,2,12,0,0,52.37,51.84,3110,2890
90.06,51.41,78.86,18,4,7,0,1,36.51,37.34,2240,3760
62.57,56.18,79.08,18,16,29,0,-1,27.8,24.67,1479,4521
60.18,71.73,82.25,17,18,30,0,0,35.5,35.26,2115,3885
79.3,95.07,93.77,15,8,15,0,0,70.69,71.48,4288,1712
79.16,51.21,100.0,8,7,19,0,0,40.54,40.39,2423,3577
84.49,58.72,97.91,8,10,10,0,0,48.57,47.56,2853,3147
70.44,85.44,87.95,16,12,25,0,0,52.93,52.65,3158,2842
70.21,55.18,81.65,18,7,29,0,1,31.63,33.99,2039,3961
84.83,64.39,91.2,9,3,5,1,0,49.81,49.81,2988,3012
84.15,82.22,97.27,10,8,14,0,0,67.29,67.29,4037,1963
73.1,100.0,96.56,13,8,27,0,0,70.59,71.3,4277,1723
91.36,82.68,87.72,16,1,15,0,0,66.26,65.42,3924,2076
74.52,96.08,93.74,15,11,22,0,0,67.11,67.11,4026,1974
76.46,56.73,97.77,8,10,17,0,1,42.41,46.99,2819,3181
72.58,73.18,83.58,17,7,30,0,0,44.39,43.47,2608,3392
88.58,89.87,98.44,11,4,11,0,0,78.37,74.75,4484,1516
69.37,100.0,98.48,14,11,26,0,0,68.31,69.16,4149,1851
85.79,93.04,100.0,11,0,20,0,0,79.82,78.66,4719,1281
80.48,81.61,87.66,16,1,26,0,1,57.58,61.72,3703,2297
89.18,35.38,96.98,7,7,8,0,1,30.6,33.38,2002,3998
59.17,92.44,100.0,11,20,30,0,0,54.69,54.28,3256,2744
70.03,53.83,76.8,18,11,28,0,-1,28.95,25.15,1508,4492
63.45,52.1,98.29,8,17,27,0,-1,32.49,30.44,1826,4174
86.43,99.46,96.57,14,12,0,0,0,83.01,83.31,4998,1002
86.85,100.0,96.15,13,8,9,0,1,83.5,84.67,5080,920
87.95,84.04,96.49,10,9,6,0,0,71.32,70.78,4247,1753
71.52,70.43,95.54,9,14,20,0,0,48.13,46.48,2788,3212
70.86,99.58,98.33,12,20,13,0,-1,69.39,64.94,3896,2104
78.88,92.66,97.45,11,2,26,0,1,71.23,75.08,4504,1496
65.94,96.86,94.28,14,15,23,0,-1,60.22,55.43,3325,2675
67.43,100.0,96.91,12,13,28,0,1,65.35,71.7,4302,1698
78.39,55.55,98.23,8,5,22,0,1,42.78,46.03,2761,3239
79.32,55.64,98.6,8,11,13,0,-1,43.51,37.67,2260,3740
78.88,93.28,93.9,15,10,14,0,0,69.1,69.32,4158,1842
82.41,50.9,76.62,18,0,24,0,0,32.14,30.8,1847,4153
66.02,39.91,99.14,7,20,20,0,1,26.12,26.61,1596,4404
74.57,97.64,98.34,14,20,4,0,0,71.6,70.3,4218,1782
84.85,35.51,98.5,7,12,6,0,-1,29.68,25.13,1507,4493
78.62,100.0,95.8,12,18,2,0,-1,75.31,73.82,4429,1571
70.06,86.1,96.44,10,16,22,0,0,58.17,58.34,3500,2500
77.17,72.83,82.11,17,4,27,0,0,46.14,46.47,2788,3212
68.14,81.71,87.51,16,13,25,0,1,48.73,54.22,3253,2747
69.34,94.62,98.34,14,15,27,0,0,64.52,64.23,3853,2147
89.43,54.65,79.01,18,4,8,0,-1,38.61,36.75,2204,3796
70.5,83.43,88.59,16,10,25,0,-1,52.11,46.7,2802,3198
81.2,55.33,98.72,8,13,11,0,0,44.36,44.09,2645,3355
58.61,65.99,87.9,9,12,28,1,1,34.0,38.49,2309,3691
92.21,81.84,86.1,16,7,0,0,0,64.97,65.13,3907,2093
71.26,34.38,98.89,7,17,20,0,0,24.23,24.13,1447,4553
73.17,85.27,86.36,16,20,7,0,0,53.88,53.9,3233,2767
80.21,55.78,96.74,8,14,6,0,0,43.29,42.77,2566,3434
95.13,91.27,96.31,11,5,1,0,0,83.62,83.12,4987,1013
71.69,100.0,96.3,13,19,13,0,0,69.03,69.11,4146,1854
92.5,85.06,88.19,16,8,4,0,1,69.39,72.26,4335,1665
73.4,94.28,97.41,12,5,30,0,0,67.41,66.45,3986,2014
96.58,83.28,89.8,16,3,0,0,-1,72.22,68.05,4082,1918
66.21,95.64,98.17,13,14,26,0,1,62.16,67.65,4059,1941
78.3,54.83,100.0,8,7,22,0,0,42.93,44.17,2649,3351
71.06,85.13,98.56,10,6,30,0,1,59.63,65.68,3940,2060
75.64,93.71,100.0,11,9,23,0,1,70.88,74.78,4486,1514
69.29,73.08,98.55,9,13,27,0,1,49.9,54.39,3263,2737
75.22,85.56,98.27,10,9,23,0,-1,63.24,59.82,3589,2411
86.36,99.85,98.81,13,5,13,0,0,85.21,85.18,5110,890
93.74,70.59,97.7,9,0,9,0,-1,64.65,58.34,3500,2500
72.48,84.19,100.0,10,19,14,0,1,61.02,66.81,4008,1992
67.92,100.0,98.89,12,18,21,0,0,67.17,67.79,4067,1933
85.15,68.55,82.74,17,14,2,0,0,48.3,47.57,2854,3146
82.92,35.77,97.09,7,15,4,0,1,28.8,34.03,2041,3959
74.68,57.14,76.28,18,12,21,0,1,32.55,33.87,2031,3969
64.42,91.89,90.45,13,13,23,1,-1,53.55,48.23,2893,3107
82.62,56.26,98.89,8,3,17,0,1,45.96,49.75,2984,3016
84.12,98.47,97.78,12,7,15,0,1,81.0,87.63,5258,742
67.02,83.56,87.43,16,19,22,0,0,48.96,49.25,2955,3045
100.0,55.9,76.98,18,1,0,0,1,43.04,47.27,2836,3164
85.9,83.8,89.42,16,12,9,0,0,64.37,65.1,3905,2095
86.3,96.26,99.23,13,11,4,0,-1,82.44,74.67,4480,1520
87.27,88.39,90.51,15,1,18,0,0,69.81,69.22,4153,1847
89.28,71.64,99.58,9,8,5,0,-1,63.69,59.78,3586,2414
82.86,98.16,94.92,12,14,4,0,0,77.21,76.32,4579,1421
74.22,53.79,95.39,8,10,22,0,1,38.08,40.02,2401,3599
89.96,73.24,96.23,9,8,3,0,0,63.41,63.69,3821,2179
97.32,97.96,95.92,12,1,4,0,-1,91.44,87.54,5252,748
67.21,96.89,99.82,11,11,29,0,0,65.0,62.99,3779,2221
71.0,98.67,99.12,13,9,28,0,-1,69.44,64.88,3892,2108
81.71,83.11,85.64,16,8,16,0,1,58.16,59.81,3588,2412
71.98,68.94,97.43,9,10,23,0,-1,48.35,43.23,2593,3407
64.17,68.54,96.7,9,17,27,0,0,42.53,40.88,2452,3548
62.26,72.81,81.5,17,20,25,0,1,36.95,41.18,2470,3530
92.96,81.28,98.58,10,4,1,0,0,74.49,76.23,4574,1426
96.86,85.49,99.32,10,5,1,0,1,82.24,86.59,5195,805
77.99,71.81,96.8,9,14,13,0,-1,54.21,53.46,3207,2793
90.17,100.0,98.63,14,1,14,0,0,88.94,88.73,5323,677
71.56,95.9,93.6,12,17,15,0,1,64.23,70.04,4202,1798
92.52,55.33,98.67,8,4,3,0,0,50.52,49.28,2956,3044
94.63,100.0,99.11,12,2,6,0,1,93.79,99.16,5949,51
79.04,70.87,96.16,9,5,23,0,0,53.87,52.53,3151,2849
78.57,90.77,92.58,15,8,18,0,-1,66.03,61.29,3677,2323
80.64,88.89,90.26,16,6,18,0,-1,64.7,58.46,3507,2493
66.88,34.0,99.11,7,16,24,0,0,22.54,21.61,1296,4704
84.6,83.86,89.11,16,5,13,0,1,63.22,69.42,4165,1835
71.52,85.44,97.59,10,15,21,0,0,59.64,59.36,3561,2439
90.16,54.99,100.0,8,10,0,0,0,49.58,49.07,2944,3056
88.71,91.43,99.17,11,3,12,0,-1,80.43,76.66,4599,1401
86.33,55.26,100.0,8,10,4,0,0,47.7,46.99,2819,3181
89.58,33.9,98.93,7,2,14,0,0,30.04,30.71,1842,4158
74.44,56.0,76.69,18,15,14,0,0,31.97,31.39,1883,4117
77.21,74.79,79.13,17,8,19,0,0,45.69,45.91,2754,3246
92.61,69.16,81.89,17,0,10,0,-1,52.45,45.79,2747,3253
62.94,70.86,83.45,17,19,30,0,0,37.22,38.4,2304,3696
71.92,97.84,98.33,14,10,30,0,0,69.19,67.59,4055,1945
79.89,54.94,80.09,18,18,4,0,0,35.16,33.51,2010,3990
81.43,83.69,99.77,10,1,25,0,0,67.98,69.23,4153,1847
86.63,69.91,82.44,17,9,10,0,-1,49.93,44.77,2686,3314
72.91,46.47,66.64,18,2,17,1,1,22.58,28.6,1716,4284
89.45,98.96,96.66,13,2,12,0,0,85.56,86.22,5173,827
91.01,89.85,97.47,11,5,7,0,0,79.7,81.65,4899,1101
97.92,100.0,96.86,13,2,0,0,0,94.84,92.53,5551,449
85.42,83.09,97.8,10,5,12,0,0,69.42,69.41,4164,1836
74.36,100.0,93.72,13,9,20,0,-1,69.69,64.39,3863,2137
94.97,73.51,78.04,17,4,3,0,0,54.48,54.33,3259,2741
67.49,87.83,100.0,11,15,25,0,0,59.28,59.57,3573,2427
68.71,97.54,94.55,13,9,28,0,0,63.37,65.17,3910,2090
78.65,72.35,83.12,17,19,4,0,0,47.3,47.57,2853,3147
64.13,89.06,89.33,12,3,26,1,-1,51.02,46.07,2764,3236
73.7,81.39,96.0,10,15,14,0,0,57.59,55.97,3357,2643
80.71,99.38,94.4,13,15,8,0,1,75.72,80.41,4824,1176
80.04,100.0,95.83,13,2,24,0,0,76.71,77.49,4649,1351
73.16,100.0,96.64,13,11,19,0,0,70.7,70.96,4257,1743
73.22,69.97,98.91,9,13,20,0,0,50.68,51.43,3085,2915
97.96,99.69,97.96,13,2,1,0,1,95.67,98.93,5936,64
79.91,100.0,98.07,14,7,20,0,-1,78.37,73.41,4404,1596
74.34,67.56,99.6,9,15,16,0,-1,50.03,44.8,2687,3313
91.69,95.61,93.94,15,2,9,0,0,82.35,82.2,4932,1068
83.83,99.9,98.74,14,13,2,0,0,82.69,82.49,4949,1051
88.69,94.77,98.06,14,9,4,0,1,82.42,87.11,5226,774
75.0,71.93,83.65,17,9,26,0,-1,45.12,42.9,2573,3427
77.09,96.85,95.37,13,9,18,0,-1,71.2,69.24,4154,1846
89.28,56.83,96.75,8,1,16,0,-1,49.09,48.01,2880,3120
87.13,100.0,97.66,13,13,3,0,0,85.09,84.42,5065,935
63.44,97.77,97.83,14,18,26,0,0,60.68,58.39,3503,2497
84.57,94.59,98.56,11,11,8,0,1,78.84,82.01,4920,1080
98.61,95.9,92.73,15,0,3,0,1,87.7,92.84,5570,430
76.2,100.0,99.05,14,5,25,0,0,75.48,75.7,4541,1459
84.55,69.81,99.06,9,12,1,0,-1,58.47,56.54,3392,2608
84.46,53.85,76.95,18,9,10,0,0,34.99,34.76,2085,3915
69.83,83.16,87.58,16,14,24,0,0,50.86,51.56,3093,2907
72.44,71.38,83.82,17,14,19,0,0,43.35,43.46,2607,3393
67.79,94.37,99.22,11,10,30,0,1,63.48,69.8,4188,1812
89.74,73.44,98.53,9,6,5,0,0,64.94,64.99,3899,2101
72.74,55.59,97.9,8,19,8,0,0,39.59,38.34,2300,3700
88.08,72.26,81.54,17,3,13,0,0,51.89,52.17,3130,2870
89.64,86.12,82.78,15,0,0,1,1,63.91,66.51,3990,2010
79.66,37.07,100.0,7,5,20,0,-1,29.53,26.56,1593,4407
70.71,55.29,78.77,18,12,27,0,1,30.8,35.79,2147,3853
64.72,53.28,77.88,18,19,23,0,-1,26.85,23.89,1433,4567
74.41,83.2,90.08,16,19,11,0,0,55.77,55.41,3324,2676
72.76,55.87,77.98,18,12,25,0,1,31.7,34.02,2041,3959
95.87,70.79,96.11,9,4,0,0,1,65.23,67.77,4066,1934
77.06,32.75,100.0,7,6,27,0,-1,25.23,23.0,1379,4621
66.59,94.49,91.32,14,20,4,1,-1,57.46,52.04,3122,2878
61.22,100.0,96.85,13,20,27,0,0,59.29,58.14,3488,2512
93.14,96.83,91.43,15,6,2,0,0,82.45,82.11,4926,1074
83.5,92.24,98.5,11,14,4,0,-1,75.87,71.4,4283,1717
93.99,37.76,98.56,7,3,5,0,-1,34.99,29.12,1747,4253
66.25,57.0,77.54,18,14,30,0,-1,29.28,25.2,1511,4489
73.51,32.39,98.61,7,14,18,0,0,23.48,24.97,1498,4502
86.66,87.6,100.0,10,6,9,0,0,75.91,76.37,4582,1418
84.73,82.59,86.36,16,12,1,0,1,60.43,65.58,3934,2066
60.94,52.6,99.48,8,20,27,0,0,31.89,32.52,1951,4049
79.96,54.18,80.52,18,13,13,0,-1,34.88,28.75,1724,4276
66.51,55.25,78.01,18,18,19,0,-1,28.66,22.98,1378,4622
89.8,94.66,100.0,11,1,15,0,0,85.0,83.79,5027,973
74.67,100.0,97.8,13,15,16,0,0,73.03,72.72,4363,1637
61.42,85.86,89.11,16,19,29,0,0,46.99,46.92,2815,3185
80.97,74.71,80.39,17,15,7,0,0,48.63,49.54,2972,3028
89.86,53.0,81.17,18,1,16,0,-1,38.66,37.69,2261,3739
77.83,83.08,86.15,16,10,17,0,0,55.71,56.8,3408,2592
71.79,54.65,97.81,8,8,28,0,1,38.38,42.76,2565,3435
88.03,97.01,97.96,14,3,15,0,1,83.65,86.83,5210,790
80.27,71.54,82.95,17,11,14,0,0,47.63,46.07,2764,3236
84.97,56.5,77.73,18,13,0,0,-1,37.32,33.31,1998,4002
84.81,51.93,78.23,18,6,15,0,-1,34.45,31.47,1888,4112
78.58,80.37,97.71,10,16,7,0,0,61.71,63.07,3784,2216
69.18,81.71,88.94,16,10,29,0,1,50.28,54.94,3296,2704
74.93,43.84,71.43,18,14,4,1,0,23.47,24.7,1481,4519
65.56,92.96,97.77,11,12,30,0,1,59.59,62.65,3758,2242
63.29,72.58,84.0,17,20,23,0,-1,38.59,36.25,2174,3826
80.61,95.76,97.36,14,5,19,0,-1,75.15,73.39,4403,1597
84.12,54.21,79.74,18,2,21,0,0,36.37,36.81,2208,3792
92.89,98.24,96.72,14,4,5,0,0,88.26,89.44,5366,634
80.94,85.47,99.37,10,5,19,0,1,68.74,72.04,4322,1678
76.57,100.0,95.64,13,15,9,0,1,73.24,76.33,4579,1421
98.41,95.01,92.23,15,1,0,0,0,86.24,87.24,5234,766
84.74,100.0,98.1,12,8,11,0,0,83.13,83.19,4991,1009
88.94,73.46,80.0,17,5,5,0,1,52.27,57.16,3429,2571
80.46,94.56,91.72,15,1,25,0,1,69.78,70.82,4249,1751
84.11,99.63,96.13,13,3,19,0,-1,80.56,78.29,4697,1303
82.06,93.74,94.79,15,7,15,0,1,72.92,75.66,4539,1461
73.52,98.28,96.63,12,11,24,0,1,69.82,71.54,4292,1708
71.67,94.41,92.51,15,8,28,0,0,62.6,62.71,3762,2238
68.84,70.06,99.88,9,16,19,0,0,48.17,48.31,2898,3102
82.66,73.19,83.03,17,3,22,0,0,50.23,52.7,3162,2838
67.28,33.25,98.5,7,14,25,0,1,22.03,25.37,1522,4478
80.45,52.64,96.99,8,3,25,0,0,41.08,42.33,2539,3461
64.21,83.9,86.95,16,19,25,0,0,46.84,46.75,2804,3196
80.97,54.47,98.07,8,17,1,0,0,43.26,43.92,2635,3365
94.51,89.76,94.93,15,3,5,0,0,80.53,80.38,4822,1178
78.67,70.13,83.03,17,3,27,0,0,45.81,46.55,2793,3207
85.2,81.93,97.55,10,11,5,0,0,68.09,69.5,4170,1830
77.24,55.5,79.39,18,9,22,0,0,34.03,33.48,2008,3992
72.09,95.42,96.02,14,16,15,0,0,66.05,66.65,3999,2001
95.2,54.16,77.89,18,3,4,0,0,40.16,39.65,2379,3621
82.59,73.35,81.78,17,11,10,0,0,49.54,50.82,3049,2951
75.55,67.59,98.22,9,3,27,0,0,50.15,50.94,3056,2944
78.0,81.98,98.05,10,14,13,0,0,62.7,65.18,3910,2090
74.32,36.61,99.9,7,7,26,0,-1,27.18,21.56,1293,4707
79.9,99.77,97.11,12,9,16,0,0,77.42,77.43,4646,1354
92.13,72.79,99.81,9,2,8,0,-1,66.94,63.34,3800,2200
76.27,98.97,97.08,13,11,20,0,0,73.28,72.47,4348,1652
91.22,69.04,84.24,17,7,4,0,0,53.05,53.06,3183,2817
71.5,95.08,95.15,15,13,25,0,1,64.69,69.06,4143,1857
65.12,95.83,96.37,13,13,29,0,0,60.14,60.21,3612,2388
65.74,99.39,96.32,13,14,30,0,-1,62.93,57.47,3448,2552
70.01,70.66,85.66,17,11,30,0,-1,42.38,41.69,2501,3499
84.52,73.51,97.26,9,0,22,0,0,60.43,61.34,3680,2320
95.59,94.23,93.23,15,2,2,0,1,83.97,86.63,5198,802
85.37,99.86,95.65,13,5,13,0,1,81.55,84.56,5073,927
77.16,33.72,100.0,7,20,4,0,0,26.02,25.43,1525,4475
84.01,82.24,88.76,16,1,20,0,-1,61.33,54.37,3262,2738
67.39,63.27,77.38,17,16,9,1,0,33.0,33.5,2010,3990
69.39,100.0,95.53,13,12,28,0,-1,66.29,61.54,3692,2308
74.37,90.07,92.18,15,9,23,0,0,61.75,61.95,3717,2283
70.8,57.6,78.09,18,10,29,0,-1,31.85,28.14,1688,4312
70.88,94.42,97.08,11,16,19,0,1,64.97,70.63,4237,1763
77.46,57.79,77.02,18,12,14,0,0,34.48,34.78,2086,3914
74.48,70.0,83.72,17,6,28,0,-1,43.65,40.75,2444,3556
68.38,80.99,89.71,16,20,14,0,0,49.68,48.69,2921,3079
70.32,55.27,79.98,18,11,28,0,-1,31.08,26.35,1580,4420
72.43,72.31,81.98,17,12,24,0,0,42.94,41.79,2507,3493
89.12,85.4,99.47,10,9,2,0,0,75.71,75.36,4521,1479
75.96,37.48,97.13,7,17,10,0,0,27.65,27.91,1674,4326
85.6,99.99,98.1,13,4,16,0,0,83.96,83.94,5036,964
87.17,92.27,91.04,15,9,6,0,0,73.22,74.62,4477,1523
70.17,58.32,97.45,8,16,17,0,1,39.88,42.46,2547,3453
62.41,82.2,93.4,12,20,5,1,0,47.91,49.47,2968,3032
81.25,37.13,98.48,7,0,28,0,1,29.71,36.01,2160,3840
87.0,84.21,86.2,16,8,7,0,0,63.15,61.82,3708,2292
76.47,91.99,97.75,11,13,16,0,-1,68.76,65.96,3957,2043
85.68,37.72,96.14,7,11,8,0,0,31.08,30.54,1832,4168
76.24,68.92,81.98,17,16,11,0,1,43.08,45.05,2703,3297
86.17,69.15,82.84,17,3,14,0,0,49.36,50.39,3023,2977
65.64,91.33,95.6,11,18,23,0,0,57.31,58.02,3481,2519
77.65,34.56,97.27,7,14,10,0,-1,26.1,20.07,1204,4796
73.49,52.27,78.27,18,18,18,0,0,30.07,28.3,1697,4303
65.56,57.52,78.6,18,20,21,0,0,29.64,29.49,1769,4231
74.68,95.8,94.39,15,19,7,0,1,67.53,69.68,4180,1820
57.71,83.0,89.8,11,18,21,1,0,43.01,44.51,2670,3330
76.17,68.01,96.61,9,12,16,0,0,50.05,50.08,3004,2996
92.82,54.2,79.83,18,7,3,0,-1,40.16,36.73,2204,3796
76.35,84.88,88.96,16,6,26,0,1,57.65,62.77,3766,2234
91.24,96.99,94.41,14,3,4,0,0,83.55,85.25,5114,886
69.43,54.35,80.13,18,13,26,0,0,30.23,30.77,1845,4155
86.32,86.25,85.68,13,2,2,1,0,63.79,64.3,3857,2143
68.64,35.51,98.43,7,13,28,0,-1,23.99,22.62,1356,4644
87.05,83.41,96.1,10,14,2,0,-1,69.77,65.63,3937,2063
73.99,93.51,91.66,15,12,18,0,1,63.42,67.93,4075,1925
78.3,95.75,98.46,13,8,18,0,1,73.82,77.96,4677,1323
71.38,98.65,96.83,13,14,22,0,-1,68.18,62.86,3771,2229
69.44,97.56,95.68,14,13,26,0,1,64.82,68.44,4106,1894
85.23,93.99,94.34,15,4,15,0,1,75.57,82.04,4922,1078
63.14,71.51,98.38,9,16,27,0,1,44.42,49.25,2954,3046
87.35,51.48,78.63,18,6,14,0,1,35.36,38.45,2307,3693
71.81,54.68,78.05,18,5,30,0,0,30.65,31.77,1905,4095
68.85,94.86,92.35,15,11,29,0,0,60.31,58.98,3538,2462
62.82,57.95,97.15,8,19,27,0,0,35.37,36.0,2159,3841
95.9,97.1,97.69,13,3,3,0,-1,90.98,88.22,5292,708
88.33,94.23,97.38,11,1,16,0,0,81.06,79.33,4760,1240
89.35,73.38,99.14,9,3,11,0,1,65.0,70.14,4208,1792
84.42,99.03,99.52,12,9,9,0,0,83.2,81.73,4904,1096
82.14,100.0,98.74,14,0,25,0,0,81.1,82.06,4923,1077
77.29,69.59,98.03,9,4,25,0,1,52.72,55.55,3332,2668
74.08,36.01,98.94,7,9,28,0,-1,26.39,24.42,1465,4535
88.64,71.04,99.67,9,15,0,0,-1,62.77,61.24,3674,2326
79.32,98.86,96.87,12,2,27,0,-1,75.96,72.66,4359,1641
74.99,98.0,99.78,14,18,9,0,1,73.33,79.41,4764,1236
75.99,97.38,98.31,12,12,15,0,0,72.76,72.12,4327,1673
79.0,57.05,76.64,18,19,4,0,1,34.54,40.53,2431,3569
54.4,79.0,86.12,15,20,14,1,-1,37.01,33.18,1990,4010
74.64,60.94,78.17,17,14,4,1,0,35.55,35.57,2134,3866
88.72,59.68,78.53,18,10,2,0,0,41.58,41.37,2482,3518
70.41,82.04,88.59,16,19,13,0,0,51.18,50.65,3039,2961
73.68,100.0,97.87,13,7,28,0,-1,72.11,70.61,4236,1764
76.24,92.5,92.19,15,1,30,0,-1,65.01,61.27,3675,2325
77.84,100.0,98.34,14,8,20,0,0,76.55,75.19,4511,1489
77.8,58.35,97.07,8,5,22,0,-1,44.06,41.02,2461,3539
81.01,69.3,80.71,17,9,17,0,0,45.31,45.45,2726,3274
85.22,67.73,84.29,17,3,20,0,1,48.65,51.79,3107,2893
67.88,82.58,95.83,10,19,17,0,1,53.72,58.07,3483,2517
71.76,38.58,98.55,7,18,16,0,-1,27.28,25.04,1502,4498
62.17,98.6,95.87,14,16,28,0,1,58.76,63.29,3797,2203
79.59,72.3,82.31,17,17,5,0,0,47.37,48.25,2895,3105
73.31,32.29,100.0,7,8,25,0,0,23.67,25.49,1529,4471
76.23,80.66,97.41,10,7,26,0,0,59.9,59.32,3558,2442
73.32,52.54,77.85,18,18,14,0,-1,29.99,26.97,1618,4382
74.71,92.37,92.2,15,19,10,0,1,63.62,67.02,4020,1980
57.44,30.0,86.58,7,15,27,1,1,14.92,19.24,1154,4846
83.45,96.81,100.0,12,13,5,0,1,80.79,85.49,5129,871
80.57,93.07,93.58,15,10,12,0,0,70.17,69.3,4158,1842
97.2,92.95,97.63,11,2,3,0,-1,88.2,81.15,4868,1132
86.82,96.35,93.13,15,5,9,0,0,77.9,76.31,4578,1422
88.74,73.08,97.07,9,5,8,0,1,62.95,68.66,4119,1881
69.95,70.63,100.0,9,9,30,0,1,49.41,54.02,3241,2759
84.04,71.96,100.0,9,1,19,0,1,60.47,67.69,4061,1939
86.0,69.1,98.31,9,0,22,0,0,58.42,58.9,3533,2467
86.24,37.93,98.24,7,9,12,0,-1,32.14,29.46,1767,4233
66.68,67.28,98.65,9,13,28,0,0,44.26,43.92,2635,3365
82.08,98.6,96.93,12,8,12,0,1,78.45,85.87,5152,848
93.28,52.8,98.05,8,1,6,0,-1,48.29,44.08,2645,3355
76.82,84.66,87.36,16,18,7,0,0,56.82,54.61,3276,2724
67.62,97.74,99.22,14,16,24,0,1,65.57,70.52,4231,1769
92.86,55.54,95.94,8,8,1,0,-1,49.47,46.61,2796,3204
84.4,93.89,92.89,15,13,2,0,0,73.6,73.21,4392,1608
91.55,100.0,98.5,14,0,13,0,0,90.17,89.47,5368,632
59.61,61.71,69.71,17,7,29,1,1,25.64,32.0,1919,4081
62.45,91.21,96.68,11,17,30,0,-1,55.07,50.59,3035,2965
74.91,56.3,96.75,8,7,24,0,1,40.8,43.41,2604,3396
79.38,71.2,97.37,9,9,18,0,0,55.04,54.65,3278,2722
84.76,97.86,97.48,13,14,2,0,-1,80.86,75.26,4515,1485
77.12,92.82,92.54,15,6,25,0,0,66.24,65.32,3919,2081
79.47,69.52,98.38,9,11,17,0,1,54.35,59.8,3588,2412
48.61,74.65,89.87,10,17,30,1,0,32.61,32.65,1959,4041
72.19,98.24,99.16,13,17,14,0,-1,70.32,69.7,4182,1818
75.02,98.92,96.77,14,19,9,0,0,71.81,71.6,4295,1705
93.36,68.75,83.78,17,5,0,0,1,53.77,55.49,3329,2671
76.43,94.29,98.17,14,8,19,0,0,70.74,68.11,4086,1914
80.15,92.95,97.57,11,12,11,0,1,72.69,78.29,4697,1303
64.12,86.4,100.0,10,18,26,0,1,55.4,60.95,3656,2344
79.66,33.9,96.67,7,5,23,0,-1,26.11,21.59,1295,4705
90.35,55.07,98.04,8,9,2,0,0,48.78,49.7,2982,3018
77.69,98.51,98.02,13,3,26,0,0,75.02,77.14,4628,1372
75.34,71.49,99.23,9,17,8,0,0,53.45,55.53,3332,2668
82.3,100.0,95.97,13,6,19,0,0,78.98,79.24,4754,1246
69.37,91.18,93.68,15,10,28,0,1,59.26,63.31,3798,2202
74.64,100.0,96.21,12,20,8,0,-1,71.81,64.59,3875,2125
81.28,51.01,79.06,18,14,8,0,0,32.78,33.89,2033,3967
83.16,82.21,96.2,10,10,10,0,0,65.76,66.34,3980,2020
64.57,84.14,100.0,10,14,30,0,0,54.33,56.43,3385,2615
90.01,83.44,89.06,16,10,0,0,1,66.89,71.73,4303,1697
60.18,71.85,98.58,9,20,29,0,1,42.63,43.61,2616,3384
80.77,100.0,97.31,14,0,28,0,1,78.6,80.9,4853,1147
75.42,71.43,99.1,9,13,17,0,0,53.39,53.11,3186,2814
70.36,55.43,77.89,18,15,24,0,0,30.38,28.95,1736,4264
80.52,100.0,98.43,13,17,2,0,-1,79.26,72.69,4361,1639
78.53,73.29,80.91,17,20,2,0,1,46.57,49.6,2975,3025
70.39,73.16,82.84,17,14,21,0,0,42.66,41.28,2476,3524
69.75,62.11,98.86,8,11,26,0,0,42.83,42.55,2552,3448
74.65,99.42,97.22,13,19,11,0,1,72.15,76.0,4559,1441
100.0,57.38,79.28,18,0,3,0,0,45.49,46.45,2786,3214
66.32,99.2,100.0,14,11,29,0,1,65.79,67.76,4065,1935
77.19,34.09,98.09,7,7,23,0,-1,25.81,24.24,1454,4546
84.23,89.39,98.85,11,11,6,0,0,74.42,74.73,4483,1517
67.48,53.52,99.08,8,19,20,0,0,35.79,36.68,2200,3800
72.22,88.3,93.4,11,7,7,1,0,59.57,60.18,3610,2390
87.51,99.66,98.52,14,11,1,0,-1,85.93,83.5,5010,990
76.16,52.8,77.34,18,19,6,0,0,31.1,33.58,2015,3985
75.51,34.9,96.83,7,6,26,0,-1,25.52,21.11,1266,4734
77.73,54.31,97.17,8,8,18,0,1,41.02,45.08,2704,3296
78.67,74.76,99.31,9,17,6,0,1,58.41,63.62,3817,2183
65.42,85.47,85.61,16,19,18,0,0,47.87,48.32,2899,3101
84.85,69.66,97.48,9,2,18,0,0,57.62,58.65,3519,2481
93.75,70.82,98.49,9,2,4,0,-1,65.39,61.36,3681,2319
75.08,83.64,87.31,16,7,28,0,-1,54.84,50.9,3053,2947
60.58,85.03,93.62,11,6,27,1,0,48.22,48.86,2931,3069
84.62,71.12,84.53,17,0,22,0,-1,50.87,47.97,2877,3123
77.52,82.63,90.99,16,8,21,0,0,58.28,58.97,3538,2462
86.6,94.1,92.94,15,14,0,0,1,75.74,82.75,4964,1036
81.69,69.57,83.51,17,20,1,0,0,47.46,47.88,2872,3128
66.73,98.1,98.63,12,13,27,0,0,64.56,64.19,3851,2149
90.58,99.14,98.1,13,8,3,0,0,88.1,89.2,5351,649
75.58,73.02,82.54,17,16,14,0,1,45.55,49.01,2940,3060
77.26,93.86,90.72,15,1,28,0,-1,65.79,60.88,3653,2347
59.36,30.0,95.27,7,8,29,1,1,16.97,19.88,1192,4808
89.33,96.26,98.71,14,10,0,0,-1,84.88,80.71,4842,1158
78.65,99.02,97.12,12,2,28,0,1,75.63,78.72,4722,1278
78.54,39.08,99.18,7,7,22,0,0,30.44,30.14,1808,4192
79.02,100.0,97.23,13,2,29,0,0,76.83,75.79,4547,1453
88.52,85.77,98.18,10,6,5,0,1,74.54,78.08,4684,1316
67.44,55.08,99.36,8,20,20,0,0,36.91,36.53,2191,3809
89.14,56.43,99.1,8,0,15,0,1,49.85,54.37,3262,2738
66.16,34.99,97.23,7,18,25,0,0,22.51,23.85,1431,4569
70.82,72.46,82.91,17,10,26,0,-1,42.55,37.7,2262,3738
77.12,56.05,98.79,8,15,7,0,0,42.71,42.07,2524,3476
81.86,98.7,97.93,12,1,26,0,0,79.12,79.15,4748,1252
67.24,98.14,95.19,12,16,25,0,1,62.82,67.96,4077,1923
67.18,54.53,99.62,8,19,19,0,0,36.49,34.33,2060,3940
82.25,94.68,97.57,14,3,20,0,1,75.98,79.3,4757,1243
96.17,56.24,98.68,8,2,1,0,0,53.37,53.93,3235,2765
80.82,36.2,94.73,7,12,10,0,0,27.72,28.11,1686,4314
80.28,49.87,77.34,18,2,25,0,1,30.96,35.26,2115,3885
92.73,98.91,98.99,14,1,9,0,0,90.79,90.56,5433,567
60.63,78.38,77.99,16,20,13,1,1,37.06,41.0,2460,3540
86.36,71.28,83.31,17,1,17,0,0,51.28,51.71,3102,2898
70.29,30.32,96.74,7,9,27,0,0,20.61,20.17,1210,4790
84.85,97.72,98.13,13,12,3,0,-1,81.37,76.52,4590,1410
73.24,100.0,97.75,13,7,27,0,-1,71.6,66.85,4010,1990
82.82,72.77,81.81,17,19,0,0,0,49.31,48.17,2890,3110
75.65,95.32,94.03,14,12,14,0,0,67.81,67.44,4046,1954
69.18,98.53,97.63,13,19,19,0,0,66.55,67.65,4059,1941
75.09,55.08,98.13,8,10,20,0,-1,40.58,34.48,2069,3931
74.97,38.77,98.47,7,14,16,0,0,28.62,27.82,1669,4331
77.86,99.79,98.01,12,18,6,0,0,76.15,76.42,4585,1415
97.56,52.55,97.53,8,3,0,0,0,50.01,51.92,3115,2885
85.76,82.69,88.16,16,2,18,0,0,62.52,61.35,3680,2320
77.7,84.52,100.0,10,18,4,0,1,65.67,69.42,4165,1835
80.5,94.6,97.58,11,11,13,0,1,74.32,78.4,4703,1297
82.65,82.09,88.69,16,14,5,0,-1,60.17,56.83,3410,2590
94.22,37.44,96.88,7,1,4,0,0,34.18,32.96,1977,4023
74.01,91.66,98.19,11,18,13,0,0,66.61,66.32,3979,2021
63.35,93.14,91.26,15,20,24,0,0,53.84,53.65,3219,2781
78.69,97.44,97.78,12,9,18,0,0,74.98,74.91,4494,1506
94.67,90.82,94.6,15,4,4,0,0,81.34,82.09,4925,1075
78.02,97.49,98.83,14,9,19,0,0,75.17,75.82,4549,1451
86.51,99.99,99.07,12,9,11,0,0,85.7,87.61,5256,744
71.65,36.88,99.74,7,16,18,0,0,26.36,27.42,1645,4355
81.73,59.72,72.85,17,4,1,1,-1,35.56,33.12,1987,4013
90.79,89.98,94.24,15,1,13,0,0,76.98,77.29,4637,1363
89.3,95.6,100.0,12,6,6,0,-1,85.37,82.3,4937,1063
90.7,85.32,100.0,10,2,10,0,1,77.39,79.57,4774,1226
70.02,96.18,97.63,14,14,19,0,0,65.75,64.19,3851,2149
70.24,57.56,80.17,18,10,27,0,0,32.41,32.3,1937,4063
62.08,84.31,90.05,16,18,30,0,0,47.13,47.43,2846,3154
65.2,89.4,85.93,12,19,9,1,0,50.08,51.47,3088,2912
85.81,94.7,97.06,13,10,5,0,0,78.88,79.81,4788,1212
68.54,55.28,100.0,8,14,28,0,0,37.89,38.75,2324,3676
73.77,31.18,91.68,7,15,7,1,1,21.09,27.37,1642,4358
76.56,72.08,82.54,17,7,22,0,0,45.55,45.25,2714,3286
71.77,85.2,99.27,10,14,19,0,-1,60.71,57.79,3467,2533
73.13,97.77,100.0,14,10,25,0,-1,71.5,64.98,3898,2102
85.57,81.69,96.53,10,12,5,0,0,67.47,68.42,4105,1895
90.17,34.35,97.43,7,11,0,0,1,30.18,33.28,1996,4004
80.25,37.06,98.38,7,17,3,0,0,29.26,30.12,1807,4193
82.18,68.5,99.29,9,9,14,0,0,55.89,55.78,3346,2654
69.45,83.01,95.57,10,20,18,0,0,55.1,54.58,3274,2726
100.0,100.0,96.55,12,1,0,0,0,96.55,97.68,5860,140
88.29,82.49,97.68,10,6,9,0,1,71.14,73.13,4387,1613
86.46,93.76,98.94,11,5,10,0,0,80.2,80.02,4801,1199
89.05,94.12,92.8,15,7,5,0,1,77.78,80.65,4838,1162
67.92,71.23,95.26,9,8,29,0,1,46.09,47.27,2836,3164
86.78,70.23,84.0,17,4,12,0,0,51.19,51.41,3084,2916
90.48,70.54,82.91,17,3,10,0,0,52.92,53.11,3186,2814
80.83,86.82,100.0,10,9,14,0,0,70.18,71.03,4261,1739
62.44,77.22,89.15,10,11,25,1,-1,42.98,39.22,2353,3647
64.81,70.61,95.14,9,16,25,0,-1,43.54,37.91,2274,3726
93.82,100.0,94.84,13,2,3,0,-1,88.98,86.12,5167,833
87.93,67.72,99.17,9,6,6,0,1,59.05,63.06,3783,2217
81.16,53.69,76.7,18,11,10,0,-1,33.42,28.26,1695,4305
75.03,68.41,82.49,17,7,29,0,-1,42.34,39.99,2399,3601
78.5,85.78,87.76,16,18,6,0,-1,59.09,53.04,3182,2818
85.78,97.98,96.79,11,4,10,0,0,81.35,80.94,4856,1144
86.33,85.68,95.84,10,1,20,0,1,70.88,77.33,4640,1360
63.63,66.74,97.69,9,16,30,0,1,41.48,44.85,2691,3309
79.14,98.77,98.66,14,6,23,0,-1,77.12,74.35,4460,1540
81.02,99.59,98.24,14,19,2,0,1,79.27,81.14,4868,1132
63.38,99.05,97.02,13,20,24,0,1,60.9,65.26,3915,2085
72.91,97.7,98.88,14,16,14,0,1,70.44,73.59,4415,1585
80.85,56.35,77.59,18,11,16,0,-1,35.35,31.88,1912,4088
77.8,56.73,75.4,18,15,15,0,1,33.28,36.97,2218,3782
52.56,84.65,89.41,13,20,29,1,0,39.79,39.72,2382,3618
78.81,85.87,86.37,16,20,1,0,0,58.45,58.44,3506,2494
74.65,85.79,98.69,10,7,28,0,-1,63.21,60.0,3600,2400
86.43,83.63,95.69,10,12,6,0,1,69.16,71.19,4271,1729
78.57,100.0,100.0,13,18,5,0,-1,78.57,71.78,4307,1693
79.36,100.0,96.3,12,8,17,0,0,76.42,77.01,4620,1380
79.98,52.68,100.0,8,4,24,0,1,42.13,46.39,2783,3217
75.7,99.0,100.0,14,16,11,0,0,74.95,74.49,4469,1531
69.63,70.98,92.18,10,18,1,1,1,45.56,48.31,2898,3102
81.25,84.6,87.78,16,10,13,0,-1,60.34,55.59,3335,2665
80.65,96.47,99.17,13,13,11,0,1,77.16,83.52,5011,989
82.76,98.31,97.97,12,8,12,0,0,79.71,80.54,4832,1168
85.98,34.5,97.85,7,5,14,0,1,29.02,32.89,1973,4027
91.13,69.07,77.69,17,2,11,0,-1,48.9,44.74,2684,3316
74.18,92.38,96.45,11,16,16,0,0,66.1,66.47,3987,2013
77.45,90.75,94.1,15,20,2,0,0,66.14,64.89,3893,2107
93.09,93.07,98.88,11,7,3,0,-1,85.67,83.29,4997,1003
88.46,100.0,97.34,12,1,17,0,1,86.11,88.92,5335,665
84.6,82.71,97.99,10,10,8,0,0,68.57,71.0,4259,1741
87.21,92.83,97.79,11,8,6,0,0,79.16,79.09,4745,1255
78.59,56.9,75.76,18,19,4,0,0,33.88,33.62,2017,3983
61.72,53.94,76.74,18,17,29,0,1,25.55,29.57,1774,4226
73.43,93.89,95.62,11,9,26,0,0,65.92,66.55,3992,2008
67.11,99.05,98.69,12,12,30,0,0,65.6,66.07,3964,2036
65.08,100.0,99.24,13,18,24,0,1,64.58,71.17,4270,1730
70.62,98.99,96.41,14,20,16,0,1,67.4,72.63,4357,1643
83.96,69.22,99.93,9,12,7,0,0,58.07,57.61,3456,2544
84.26,84.14,99.36,10,6,15,0,0,70.45,71.1,4266,1734
72.45,83.01,97.29,10,16,18,0,0,58.51,60.06,3603,2397
68.7,89.22,92.56,15,14,23,0,1,56.73,61.54,3692,2308
93.29,100.0,97.09,12,2,10,0,0,90.58,91.12,5466,534
70.09,86.32,97.5,10,13,24,0,0,58.98,59.82,3589,2411
82.43,58.05,77.53,18,13,6,0,-1,37.1,32.8,1968,4032
92.62,91.66,94.39,15,0,11,0,0,80.13,81.43,4885,1115
64.06,71.45,100.0,9,18,27,0,-1,45.77,44.78,2686,3314
90.26,55.49,77.65,18,0,15,0,0,38.89,37.41,2244,3756
84.99,69.85,80.59,17,11,10,0,1,47.84,49.57,2974,3026
73.25,100.0,96.54,13,12,24,0,0,70.71,72.71,4362,1638
78.2,55.25,78.66,18,17,9,0,1,33.98,39.05,2342,3658
62.22,34.48,98.04,7,18,25,0,-1,21.04,19.24,1154,4846
73.27,68.7,97.62,9,4,30,0,0,49.14,51.04,3062,2938
67.64,98.51,98.5,12,18,20,0,0,65.64,67.11,4026,1974
66.26,82.84,88.0,16,19,18,0,0,48.3,48.71,2922,3078
78.46,85.63,90.37,13,12,6,1,0,60.72,61.53,3691,2309
87.46,98.56,98.55,13,2,17,0,1,84.95,88.56,5313,687
88.0,99.0,100.0,14,3,10,0,1,87.12,91.43,5485,515
58.01,98.26,96.18,14,20,28,0,-1,54.82,52.47,3148,2852
81.8,70.78,98.01,9,3,21,0,1,56.75,60.19,3611,2389
69.92,35.53,98.43,7,19,15,0,0,24.46,24.78,1486,4514
76.58,30.0,89.81,7,5,6,1,1,20.63,22.56,1353,4647
87.81,97.72,96.99,13,9,6,0,-1,83.22,80.19,4811,1189
83.27,72.56,81.93,17,16,2,0,0,49.5,49.15,2949,3051
93.85,98.41,99.29,14,1,11,0,1,91.7,96.22,5773,227
71.4,71.07,96.93,9,10,27,0,1,49.18,55.75,3344,2656
89.57,99.69,99.41,13,5,3,0,0,88.77,87.58,5254,746
74.39,70.5,97.3,9,17,13,0,1,51.03,53.37,3202,2798
66.32,54.19,100.0,8,12,30,0,0,35.93,35.77,2146,3854
63.67,79.34,86.46,10,4,27,1,1,43.68,47.18,2830,3170
80.62,100.0,94.93,13,15,5,0,0,76.54,77.42,4644,1356
61.39,80.82,86.78,16,18,30,0,-1,43.06,38.97,2337,3663
71.0,87.39,94.97,10,16,22,0,0,58.93,59.47,3568,2432
79.41,70.71,81.88,17,14,8,0,1,45.98,48.36,2901,3099
82.35,70.8,96.13,9,14,2,0,-1,56.04,50.95,3057,2943
80.78,84.38,89.62,16,7,16,0,1,61.09,66.0,3959,2041
74.75,84.72,85.52,16,15,14,0,0,54.16,53.18,3190,2810
81.87,99.09,98.51,14,18,1,0,1,79.91,85.05,5103,897
60.48,94.13,94.64,11,20,28,0,1,53.88,61.1,3666,2334
82.26,99.55,93.51,12,9,12,0,0,76.57,76.54,4592,1408
84.85,83.2,87.08,16,5,13,0,0,61.47,61.08,3664,2336
76.05,84.06,98.74,10,5,28,0,0,63.12,63.34,3800,2200
74.59,82.09,87.65,16,13,14,0,0,53.67,53.65,3218,2782
82.57,100.0,98.13,13,5,22,0,0,81.02,81.87,4912,1088
90.07,82.51,86.16,16,3,12,0,0,64.03,63.85,3830,2170
97.24,54.04,76.27,18,1,7,0,0,40.08,39.99,2399,3601
73.13,69.46,100.0,9,8,28,0,1,50.79,55.87,3352,2648
84.17,93.53,99.24,11,2,22,0,1,78.13,82.16,4929,1071
78.24,81.51,98.37,10,15,13,0,0,62.73,62.3,3738,2262
88.25,93.37,94.71,15,3,11,0,-1,78.04,76.19,4571,1429
66.66,55.82,100.0,8,16,24,0,0,37.21,35.14,2108,3892
78.4,95.12,99.84,12,13,14,0,-1,74.45,71.16,4269,1731
83.85,81.8,96.12,10,16,1,0,-1,65.93,61.89,3713,2287
64.77,53.07,98.64,8,20,22,0,0,33.91,35.4,2123,3877
80.63,68.82,84.79,17,14,12,0,-1,47.05,44.75,2684,3316
86.02,98.83,99.64,13,6,12,0,0,84.71,85.85,5150,850
93.33,35.58,99.41,7,0,8,0,1,33.01,36.5,2189,3811
73.34,73.17,96.83,9,10,21,0,-1,51.96,47.75,2864,3136
85.08,96.64,99.04,14,14,2,0,0,81.43,80.84,4850,1150
65.72,53.04,97.35,8,17,21,0,1,33.93,38.27,2296,3704
87.98,97.13,97.72,14,4,15,0,0,83.51,83.09,4985,1015
91.48,90.23,97.95,11,5,5,0,0,80.85,82.96,4977,1023
80.26,35.76,98.44,7,19,3,0,-1,28.25,25.18,1510,4490
68.17,51.52,99.46,8,17,23,0,0,34.93,33.52,2011,3989
91.75,100.0,99.39,13,5,2,0,1,91.2,95.44,5726,274
87.22,37.78,97.66,7,8,4,0,0,32.19,30.32,1819,4181
85.25,97.46,98.27,14,11,5,0,0,81.65,81.58,4894,1106
80.09,86.13,97.42,10,1,28,0,1,67.2,70.64,4238,1762
70.81,82.53,97.07,10,14,22,0,1,56.73,59.77,3586,2414
71.19,72.34,83.2,17,16,20,0,1,42.84,47.32,2839,3161
90.42,70.45,83.55,17,3,12,0,-1,53.22,47.66,2859,3141
84.71,97.73,96.79,14,1,19,0,-1,80.13,78.91,4734,1266
73.9,96.38,97.34,13,6,29,0,-1,69.33,66.58,3995,2005
93.62,83.58,98.02,10,6,2,0,1,76.7,79.01,4740,1260
92.27,33.86,97.5,7,0,10,0,1,30.46,37.17,2230,3770
92.2,71.95,81.64,17,2,7,0,0,54.15,53.43,3205,2795
80.33,57.51,96.9,8,5,23,0,1,44.77,46.55,2792,3208
82.08,99.59,98.54,13,16,3,0,0,80.55,81.95,4916,1084
79.33,99.18,95.05,12,10,17,0,1,74.78,79.73,4783,1217
74.73,83.48,86.73,16,6,29,0,0,54.11,54.91,3294,2706
66.44,90.91,93.22,15,12,30,0,0,56.31,57.18,3430,2570
96.33,100.0,99.73,13,3,7,0,-1,96.07,91.75,5505,495
85.44,98.35,96.5,12,10,5,0,-1,81.09,80.63,4837,1163
92.68,71.19,86.88,17,10,0,0,1,57.32,61.03,3661,2339
93.52,99.22,97.79,14,7,2,0,0,90.74,91.25,5475,525
76.34,67.64,83.08,17,8,20,0,-1,42.89,39.66,2379,3621
79.79,35.04,100.0,7,2,28,0,-1,27.95,24.51,1470,4530
68.73,94.43,97.05,11,19,15,0,0,62.99,63.45,3806,2194
66.22,56.08,96.71,8,17,25,0,0,35.91,37.27,2235,3765
92.57,84.85,89.39,16,5,8,0,-1,70.2,65.72,3943,2057
75.25,82.71,87.59,16,10,20,0,0,54.52,53.89,3233,2767
72.56,56.35,77.59,18,12,21,0,1,31.72,37.09,2225,3775
80.63,42.98,69.47,18,4,10,1,0,24.08,22.61,1356,4644
61.05,71.97,98.51,9,20,24,0,1,43.28,48.75,2924,3076
85.96,93.28,100.0,12,15,2,0,1,80.18,82.91,4974,1026
69.03,83.29,89.51,16,18,14,0,0,51.47,50.85,3050,2950
70.25,100.0,99.94,13,16,20,0,1,70.21,75.78,4546,1454
67.47,93.78,94.69,15,18,22,0,0,59.91,58.75,3525,2475
96.51,33.42,96.25,7,7,0,0,0,31.05,30.76,1845,4155
92.27,84.51,90.52,16,3,9,0,-1,70.59,67.34,4040,1960
78.91,97.21,97.03,13,7,19,0,0,74.42,73.21,4392,1608
96.53,53.65,99.12,8,1,4,0,0,51.33,51.29,3077,2923
77.39,99.65,97.97,12,15,9,0,0,75.55,76.48,4588,1412
88.42,80.73,97.99,10,4,12,0,-1,69.95,65.11,3906,2094
72.42,35.19,96.56,7,7,29,0,0,24.61,26.46,1587,4413
58.97,53.6,77.84,18,19,30,0,-1,24.6,21.53,1291,4709
90.64,96.68,97.99,12,4,8,0,-1,85.87,81.24,4874,1126
65.82,31.31,97.24,7,16,25,0,1,20.04,27.63,1657,4343
74.37,65.96,83.1,17,9,24,0,0,40.77,40.97,2458,3542
75.44,35.13,96.84,7,7,27,0,-1,25.66,20.63,1237,4763
88.65,96.22,98.85,12,7,6,0,0,84.32,83.58,5015,985
79.06,90.06,93.05,15,1,29,0,-1,66.25,61.66,3699,2301
79.15,84.39,98.84,10,7,19,0,0,66.02,67.53,4051,1949
77.28,99.87,98.53,13,16,10,0,-1,76.04,73.08,4384,1616
99.57,71.11,84.59,17,0,2,0,-1,59.89,54.17,3250,2750
96.66,54.54,97.27,8,6,1,0,0,51.28,51.02,3061,2939
75.06,71.43,83.34,17,4,30,0,0,44.68,44.65,2678,3322
93.87,84.12,97.19,10,4,2,0,0,76.75,77.04,4622,1378
70.41,72.17,99.06,9,18,17,0,-1,50.34,47.0,2819,3181
80.17,83.25,96.86,10,7,16,0,0,64.65,65.04,3902,2098
72.68,57.91,95.28,8,13,23,0,1,40.1,42.54,2552,3448
89.85,71.22,97.85,9,6,7,0,0,62.62,63.15,3789,2211
80.68,100.0,99.34,13,5,19,0,0,80.14,80.31,4818,1182
84.06,81.76,96.88,10,9,9,0,1,66.58,69.81,4188,1812
85.57,74.92,82.21,17,6,8,0,0,52.71,52.43,3145,2855
74.73,98.97,97.61,14,2,30,0,-1,72.19,66.36,3981,2019
72.92,95.4,94.92,13,12,5,1,-1,66.03,63.6,3815,2185
68.29,99.85,96.86,13,16,19,0,0,66.05,66.92,4014,1986
69.14,56.77,75.7,18,13,24,0,1,29.72,30.61,1836,4164
84.21,92.25,99.98,14,0,24,0,-1,77.67,74.28,4456,1544
79.34,56.2,99.65,8,9,19,0,-1,44.43,38.92,2334,3666
91.98,94.08,97.27,15,5,8,0,0,84.17,83.7,5022,978
81.77,99.27,98.19,13,14,9,0,-1,79.7,75.98,4558,1442
69.49,99.64,97.99,13,17,19,0,0,67.85,68.79,4127,1873
93.64,96.52,97.41,14,2,10,0,-1,88.04,84.67,5080,920
91.56,100.0,94.21,14,6,4,0,0,86.26,86.75,5205,795
98.66,86.19,99.37,10,0,0,0,-1,84.5,79.62,4777,1223
77.57,56.5,76.85,18,11,15,0,1,33.68,38.75,2324,3676
75.05,98.59,98.1,13,12,23,0,0,72.59,73.64,4418,1582
76.72,97.73,100.0,12,12,15,0,1,74.99,77.94,4676,1324
89.96,84.11,86.49,16,2,13,0,0,65.45,64.48,3868,2132
89.79,37.85,99.03,7,3,12,0,0,33.65,34.21,2052,3948
91.23,87.41,87.85,16,5,6,0,0,70.06,71.4,4283,1717
76.51,100.0,94.98,13,8,24,0,1,72.67,79.25,4755,1245
75.58,54.99,78.05,18,11,16,0,0,32.44,31.13,1867,4133
72.31,55.38,79.73,18,15,20,0,-1,31.93,27.09,1625,4375
84.92,53.17,75.66,18,1,20,0,-1,34.16,32.47,1948,4052
88.33,99.8,97.59,13,7,7,0,0,86.03,85.62,5137,863
79.27,99.84,98.6,14,1,29,0,1,78.04,83.17,4990,1010
85.3,71.35,82.95,17,0,22,0,0,50.48,50.82,3049,2951
75.59,70.38,83.92,17,20,4,0,0,44.64,43.51,2610,3390
68.66,90.2,99.13,11,19,14,0,-1,61.39,55.41,3324,2676
86.96,72.0,96.24,9,8,7,0,0,60.26,61.29,3677,2323
60.94,84.57,87.11,16,18,30,0,0,44.9,43.42,2605,3395
94.42,74.34,81.87,17,5,0,0,0,57.47,57.68,3460,2540
83.55,56.45,100.0,8,2,20,0,1,47.17,52.31,3138,2862
76.38,100.0,97.11,13,12,22,0,-1,74.17,68.68,4120,1880
64.68,54.21,97.98,8,16,29,0,0,34.35,33.18,1990,4010
77.5,77.66,89.58,10,13,5,1,0,53.92,54.2,3251,2749
73.45,95.8,98.71,13,8,22,0,-1,69.45,66.7,4001,1999
75.09,91.62,94.76,15,12,18,0,0,65.19,66.23,3973,2027
64.66,88.92,92.64,11,13,24,1,0,53.26,53.33,3199,2801
88.41,45.63,66.04,18,2,3,1,0,26.64,26.25,1575,4425
65.09,69.13,83.87,17,18,24,0,1,37.74,42.61,2556,3444
76.52,76.39,97.24,9,8,23,0,0,56.84,57.46,3447,2553
68.96,85.19,98.12,10,12,22,0,1,57.64,61.19,3671,2329
84.85,75.54,99.05,9,15,0,0,0,63.49,64.5,3870,2130
68.9,42.74,90.82,8,2,24,1,0,26.74,26.06,1563,4437
75.95,54.59,76.2,18,13,16,0,0,31.6,31.08,1865,4135
73.58,100.0,99.1,13,20,9,0,1,72.91,78.7,4721,1279
86.65,72.76,97.83,9,5,11,0,-1,61.68,59.16,3549,2451
83.74,71.16,100.0,9,6,15,0,1,59.59,61.65,3699,2301
72.39,56.39,97.11,8,14,18,0,1,39.64,44.6,2676,3324
94.06,70.57,99.07,9,6,1,0,-1,65.76,58.9,3534,2466
70.64,80.3,97.54,10,8,28,0,-1,55.33,50.54,3032,2968
60.8,99.47,99.83,14,20,29,0,1,60.38,64.52,3871,2129
92.08,69.75,82.55,17,5,2,0,0,53.02,52.68,3160,2840
89.81,94.21,97.45,11,2,12,0,1,82.45,85.34,5120,880
89.72,54.84,97.44,8,10,0,0,0,47.94,47.78,2866,3134
83.66,81.63,87.52,16,7,15,0,0,59.78,60.79,3647,2353
96.11,96.1,95.61,14,3,0,0,0,88.31,89.62,5377,623
73.7,37.83,100.0,7,8,24,0,-1,27.88,20.38,1222,4778
65.27,72.75,82.14,17,18,25,0,-1,39.0,35.04,2102,3898
82.42,52.59,100.0,8,6,16,0,0,43.35,42.69,2561,3439
73.78,31.38,98.9,7,12,19,0,1,22.9,28.28,1696,4304
75.7,89.51,99.83,11,15,15,0,0,67.65,66.74,4004,1996
70.34,96.79,98.53,12,19,13,0,-1,67.08,61.31,3678,2322
81.06,69.17,84.49,17,10,10,0,1,47.37,53.24,3194,2806
80.04,99.05,99.04,12,12,12,0,0,78.53,79.66,4779,1221
90.22,83.57,87.08,16,1,11,0,1,65.66,71.1,4266,1734
91.86,52.72,97.54,8,0,14,0,0,47.24,48.48,2909,3091
72.39,55.68,76.23,18,12,23,0,-1,30.73,24.34,1460,4540
85.96,73.13,96.43,9,0,19,0,1,60.61,63.37,3802,2198
70.22,91.64,91.38,15,8,30,0,1,58.81,64.09,3845,2155
78.86,81.68,97.64,10,11,14,0,0,62.9,62.49,3749,2251
73.39,86.62,88.76,16,15,16,0,1,56.43,61.74,3704,2296
87.48,86.85,100.0,10,0,20,0,0,75.98,76.97,4618,1382
84.74,97.5,95.5,12,0,20,0,1,78.91,83.69,5021,979
73.45,37.37,97.26,7,10,21,0,0,26.69,25.41,1524,4476
80.02,98.27,98.66,14,7,19,0,0,77.58,77.77,4666,1334
70.71,97.38,100.0,14,12,23,0,-1,68.86,67.08,4024,1976
79.39,53.4,96.9,8,11,13,0,0,41.09,40.53,2431,3569
82.02,96.28,99.34,14,3,23,0,0,78.45,78.21,4692,1308
76.44,98.38,97.62,13,9,19,0,0,73.42,72.92,4375,1625
77.05,83.64,95.19,10,4,27,0,1,61.34,66.94,4016,1984
82.81,83.58,90.19,16,16,1,0,0,62.42,62.69,3761,2239
67.85,71.82,95.1,9,15,25,0,1,46.34,48.44,2906,3094
62.29,72.05,82.14,17,17,27,0,0,36.87,38.91,2334,3666
73.29,97.56,97.95,14,5,28,0,-1,70.04,67.32,4039,1961
68.68,56.33,98.03,8,15,21,0,-1,37.92,34.03,2042,3958
91.72,82.66,99.64,10,6,5,0,0,75.54,75.88,4552,1448
97.13,73.72,82.2,17,2,3,0,0,58.86,57.73,3463,2537
94.54,97.87,97.38,13,0,5,0,0,90.11,88.77,5326,674
68.29,95.93,98.96,12,12,24,0,1,64.83,66.68,4000,2000
77.23,55.69,76.58,18,8,21,0,0,32.93,35.1,2105,3895
84.28,97.84,98.07,14,3,21,0,-1,80.86,78.04,4682,1318
64.73,91.51,91.85,15,20,23,0,-1,54.41,49.83,2989,3011
71.55,56.88,79.31,18,10,27,0,0,32.27,29.89,1793,4207
59.34,72.01,92.05,10,18,24,1,-1,39.33,33.62,2016,3984
69.62,56.16,96.16,8,20,10,0,1,37.59,40.64,2438,3562
72.89,54.0,78.14,18,12,20,0,0,30.75,28.78,1727,4273
62.09,72.5,83.26,17,17,30,0,-1,37.48,31.66,1899,4101
88.54,86.31,97.38,10,7,8,0,0,74.42,74.65,4478,1522
90.29,54.67,98.78,8,9,2,0,-1,48.76,46.31,2778,3222
61.96,97.04,99.3,12,18,29,0,0,59.71,58.87,3531,2469
84.8,83.68,96.77,10,3,18,0,1,68.67,73.24,4394,1606
72.85,97.62,100.0,12,12,18,0,-1,71.12,65.9,3953,2047
86.19,93.32,98.91,11,1,18,0,0,79.55,78.17,4690,1310
72.71,95.54,94.13,15,6,27,0,-1,65.39,62.44,3746,2254
75.18,100.0,97.66,13,10,24,0,-1,73.42,68.32,4099,1901
73.19,58.25,71.9,17,4,16,1,0,30.65,31.52,1891,4109
69.02,69.12,82.51,17,19,18,0,0,39.36,39.31,2358,3642
89.02,83.62,98.4,10,3,12,0,1,73.25,74.82,4489,1511
90.08,100.0,98.83,14,10,4,0,0,89.02,90.35,5420,580
80.24,92.28,97.5,11,7,15,0,1,72.19,75.78,4546,1454
72.47,72.19,98.49,9,19,9,0,-1,51.52,47.77,2866,3134
84.38,71.54,82.72,17,1,19,0,0,49.93,50.44,3026,2974
64.56,87.85,90.42,12,9,16,1,1,51.29,57.59,3455,2545
76.41,53.98,98.22,8,8,27,0,0,40.51,41.19,2471,3529
68.27,55.53,76.81,18,18,15,0,1,29.12,35.69,2141,3859
79.97,84.78,99.34,10,15,9,0,0,67.35,69.26,4155,1845
90.12,53.46,76.99,18,12,1,0,0,37.09,37.14,2228,3772
66.39,95.87,88.95,12,4,26,1,1,56.61,61.59,3695,2305
76.2,56.68,78.27,18,7,22,0,1,33.8,39.7,2381,3619
70.06,70.35,96.11,9,15,23,0,-1,47.37,43.76,2625,3375
94.36,68.63,82.35,17,5,0,0,0,53.33,52.86,3171,2829
79.87,95.01,93.21,15,12,10,0,1,70.73,74.86,4491,1509
70.04,97.24,98.86,14,11,24,0,0,67.34,64.99,3899,2101
88.64,98.23,98.76,13,12,2,0,1,85.99,90.18,5410,590
76.31,95.0,97.02,11,9,22,0,1,70.34,76.27,4576,1424
62.47,47.13,65.97,18,17,12,1,-1,19.43,17.92,1074,4926
64.01,96.46,97.96,12,18,27,0,-1,60.48,54.61,3276,2724
80.8,58.25,77.25,18,9,14,0,0,36.36,35.68,2140,3860
85.09,74.01,82.78,17,5,18,0,-1,52.13,48.94,2936,3064
75.74,56.48,80.0,18,15,9,0,0,34.22,33.85,2030,3970
86.89,71.31,98.58,9,6,6,0,0,61.08,62.78,3767,2233
79.27,55.63,78.0,18,6,23,0,0,34.4,34.36,2061,3939
94.78,71.63,85.61,17,0,11,0,-1,58.13,52.32,3139,2861
81.05,80.81,89.95,16,3,21,0,0,58.91,57.58,3454,2546
67.87,75.23,96.28,9,12,30,0,-1,49.16,43.0,2579,3421
75.2,72.48,83.26,17,5,29,0,1,45.38,47.16,2829,3171
82.39,96.88,99.79,12,15,5,0,0,79.66,81.25,4875,1125
88.89,33.49,99.8,7,3,16,0,-1,29.71,25.67,1540,4460
87.06,82.46,88.96,16,13,4,0,1,63.86,68.31,4098,1902
90.46,100.0,97.45,13,7,1,0,0,88.15,87.75,5265,735
75.08,41.1,94.24,8,7,12,1,0,29.08,29.61,1776,4224
75.86,97.5,98.09,14,9,22,0,-1,72.55,67.79,4067,1933
64.16,71.89,95.81,9,20,23,0,0,44.2,44.62,2677,3323
82.0,99.2,100.0,13,2,24,0,0,81.34,79.05,4743,1257
72.41,98.55,98.83,14,20,12,0,1,70.53,74.5,4469,1531
78.03,69.01,84.08,17,14,11,0,-1,45.27,42.66,2559,3441
93.65,53.92,96.8,8,2,3,0,1,48.88,53.87,3232,2768
78.1,72.95,87.26,17,16,7,0,0,49.71,50.07,3004,2996
70.69,36.59,95.87,7,18,18,0,0,24.8,25.38,1522,4478
78.07,85.19,86.54,16,15,8,0,1,57.56,64.47,3868,2132
77.73,54.44,100.0,8,18,5,0,0,42.32,41.43,2486,3514
71.75,98.96,96.29,13,15,20,0,0,68.37,68.17,4090,1910
79.89,57.37,77.52,18,13,9,0,0,35.53,34.4,2063,3937
91.9,87.05,89.3,16,4,3,0,-1,71.44,69.57,4174,1826
81.8,53.27,76.83,18,17,5,0,0,33.48,33.64,2018,3982
92.96,99.38,97.51,13,0,12,0,0,90.08,90.42,5425,575
66.75,93.98,89.21,15,17,25,0,0,55.96,56.09,3365,2635
82.47,90.15,93.69,15,15,2,0,-1,69.66,65.23,3913,2087
68.46,82.46,90.12,16,17,22,0,1,50.88,57.15,3429,2571
81.48,71.99,83.36,17,3,24,0,1,48.89,54.95,3296,2704
91.92,69.64,80.75,17,3,5,0,0,51.69,51.63,3097,2903
94.2,86.05,88.21,16,5,0,0,1,71.5,76.07,4563,1437
98.03,97.95,100.0,12,3,1,0,-1,96.03,93.06,5583,417
79.5,81.85,98.78,10,20,5,0,-1,64.27,61.28,3676,2324
98.04,91.5,99.41,11,1,2,0,1,89.17,94.43,5665,335
81.28,94.7,92.11,15,9,11,0,0,70.9,70.9,4253,1747
85.78,95.33,94.5,15,5,13,0,0,77.28,77.52,4650,1350
94.61,71.99,82.8,17,0,7,0,0,56.4,56.15,3369,2631
79.23,93.29,99.35,11,1,30,0,0,73.43,72.99,4379,1621
75.23,92.81,94.28,15,9,21,0,-1,65.83,61.46,3687,2313
71.26,71.06,99.84,9,18,15,0,0,50.55,50.76,3045,2955
78.99,55.36,78.93,18,10,16,0,0,34.52,33.7,2022,3978
67.47,98.17,97.53,12,19,17,0,0,64.6,67.38,4042,1958
78.43,94.7,94.5,15,6,22,0,1,70.19,69.67,4180,1820
90.33,36.96,100.0,7,7,1,0,1,33.39,36.7,2201,3799
71.75,89.08,98.99,11,6,30,0,0,63.27,63.03,3781,2219
67.04,71.04,99.09,9,19,17,0,-1,47.19,44.18,2650,3350
89.17,94.34,97.79,12,8,4,0,-1,82.26,76.0,4560,1440
87.09,96.88,99.52,13,2,17,0,1,83.96,86.57,5194,806
59.1,100.0,96.9,13,20,28,0,-1,57.27,54.06,3243,2757
75.1,98.7,97.96,14,2,30,0,0,72.61,72.78,4366,1634
66.49,92.91,98.91,11,13,30,0,-1,61.11,56.43,3385,2615
95.49,92.8,94.43,15,6,2,0,0,83.68,83.33,4999,1001
81.7,71.71,82.2,17,8,20,0,0,48.15,46.5,2790,3210
76.92,56.71,77.31,18,20,6,0,0,33.72,34.39,2063,3937
78.15,54.68,78.78,18,11,18,0,0,33.66,34.08,2044,3956
60.92,70.55,81.75,17,20,26,0,0,35.14,35.57,2134,3866
76.99,93.38,93.67,15,19,5,0,0,67.35,67.97,4077,1923
90.39,100.0,99.81,13,4,10,0,0,90.21,90.75,5444,556
85.52,100.0,97.75,13,12,0,0,-1,83.6,77.7,4661,1339
92.02,83.84,95.24,10,2,8,0,1,73.48,75.71,4542,1458
75.18,55.89,97.11,8,17,13,0,0,40.81,40.85,2450,3550
80.4,58.69,98.08,8,10,20,0,-1,46.28,44.08,2644,3356
89.74,97.15,99.36,12,8,4,0,-1,86.62,82.72,4963,1037
92.5,84.0,95.48,10,8,0,0,1,74.19,77.33,4639,1361
68.44,85.86,97.3,10,12,30,0,-1,57.18,54.35,3260,2740
82.75,52.6,97.05,8,5,16,0,1,42.25,45.55,2732,3268
64.64,90.89,96.21,11,18,26,0,1,56.52,61.81,3708,2292
75.87,58.42,98.64,8,16,11,0,0,43.72,45.69,2741,3259
61.49,56.19,77.35,18,18,27,0,0,26.72,25.06,1503,4497
75.82,91.97,96.81,11,17,8,0,1,67.5,71.24,4274,1726
87.0,38.52,99.27,7,5,10,0,0,33.27,33.66,2019,3981
89.23,100.0,95.5,13,5,11,0,1,85.22,90.74,5444,556
71.29,69.97,80.93,17,17,17,0,1,40.37,43.2,2592,3408
70.09,100.0,94.26,13,15,18,0,1,66.07,67.92,4075,1925
65.82,36.01,96.09,7,16,22,0,-1,22.77,21.28,1276,4724
87.61,71.69,98.06,9,4,12,0,-1,61.58,56.88,3413,2587
77.55,93.65,99.79,11,1,29,0,1,72.48,78.08,4684,1316
76.9,96.58,98.48,12,7,21,0,1,73.14,78.52,4710,1290
86.68,56.96,76.24,18,14,5,0,0,37.65,36.88,2212,3788
74.92,97.77,98.07,14,11,25,0,-1,71.84,67.0,4020,1980
69.84,90.81,98.46,11,8,30,0,0,62.45,62.49,3749,2251
64.25,100.0,97.6,13,16,30,0,1,62.71,67.04,4022,1978
76.8,83.83,96.65,10,9,20,0,0,62.23,62.86,3771,2229
81.37,55.48,98.12,8,9,13,0,0,44.3,44.72,2683,3317
84.43,96.06,97.6,12,2,20,0,0,79.15,78.15,4688,1312
82.88,56.72,98.38,8,2,23,0,0,46.24,46.61,2796,3204
80.88,77.84,89.35,10,2,5,1,0,56.25,58.2,3491,2509
98.11,83.75,86.51,16,1,2,0,0,71.08,70.97,4258,1742
66.27,47.06,68.7,18,9,17,1,-1,21.43,14.16,849,5151
73.48,34.07,98.96,7,13,21,0,0,24.77,25.16,1509,4491
86.22,92.87,93.58,15,4,15,0,-1,74.92,70.81,4248,1752
66.65,69.27,79.42,17,17,22,0,1,36.67,38.99,2339,3661
79.08,36.66,98.34,7,19,6,0,1,28.51,33.42,2005,3995
86.96,53.04,76.88,18,0,22,0,1,35.46,38.31,2298,3702
84.25,91.38,87.22,15,11,7,0,0,67.15,68.22,4093,1907
69.35,59.23,79.5,18,16,21,0,0,32.65,32.15,1929,4071
83.49,84.18,87.8,16,1,19,0,0,61.71,61.37,3681,2319
80.99,98.48,98.63,14,5,21,0,1,78.66,84.47,5068,932
88.43,91.24,92.5,15,7,5,0,-1,74.63,72.21,4332,1668
75.55,71.59,98.18,9,16,11,0,0,53.1,52.5,3149,2851
76.78,35.65,96.94,7,13,15,0,0,26.54,28.51,1710,4290
88.59,99.77,97.55,13,5,11,0,0,86.22,85.67,5140,860
70.52,55.33,98.41,8,10,29,0,0,38.4,39.79,2387,3613
76.1,72.19,83.16,17,7,26,0,0,45.69,46.16,2769,3231
90.5,91.62,94.78,15,3,9,0,-1,78.59,73.98,4438,1562
85.13,92.35,97.75,11,8,6,0,0,76.85,77.24,4634,1366
67.22,33.72,96.68,7,20,18,0,-1,21.92,19.26,1155,4845
70.0,92.36,98.08,11,20,16,0,0,63.41,64.57,3874,2126
65.66,37.53,99.94,7,14,28,0,-1,24.63,18.76,1125,4875
82.18,89.55,89.35,14,1,11,1,1,65.75,68.92,4135,1865
83.25,99.81,97.68,14,10,9,0,0,81.16,79.73,4783,1217
97.35,99.8,97.67,12,3,0,0,0,94.9,95.13,5707,293
86.73,97.57,99.2,12,5,12,0,0,83.95,84.11,5046,954
94.7,97.5,97.22,12,0,3,0,0,89.77,89.91,5394,606
80.86,96.1,95.76,13,15,6,0,-1,74.41,71.12,4267,1733
87.0,94.95,90.59,15,4,13,0,1,74.83,76.66,4599,1401
97.33,99.48,96.86,14,0,4,0,0,93.79,94.12,5647,353
86.89,72.11,85.12,17,8,7,0,0,53.34,54.98,3298,2702
79.45,96.94,98.06,14,12,11,0,-1,75.53,71.79,4307,1693
83.18,100.0,98.24,13,5,17,0,1,81.72,87.27,5236,764
69.95,58.52,96.64,8,14,21,0,1,39.56,46.57,2794,3206
89.13,72.77,100.0,9,4,11,0,0,64.86,63.55,3812,2188
86.79,57.75,79.12,18,13,0,0,1,39.66,43.58,2614,3386
88.3,54.27,81.02,18,6,3,0,1,38.82,41.88,2512,3488
88.87,35.49,98.88,7,4,12,0,0,31.19,30.17,1810,4190
72.05,98.9,97.96,13,10,28,0,-1,69.81,69.12,4147,1853
73.21,68.18,82.98,17,6,30,0,0,41.42,41.13,2467,3533
87.94,100.0,97.05,14,8,3,0,0,85.34,85.54,5132,868
71.92,100.0,99.02,13,15,17,0,0,71.21,71.2,4271,1729
89.57,100.0,97.97,14,4,10,0,0,87.75,88.2,5291,709
70.07,99.97,97.15,13,16,23,0,1,68.06,73.4,4403,1597
97.33,100.0,96.57,13,4,3,0,1,93.99,100.0,6000,0
91.93,34.83,97.03,7,4,4,0,0,31.07,29.72,1782,4218
85.07,96.8,97.89,12,16,0,0,-1,80.61,75.73,4543,1457
84.62,84.85,99.02,10,1,21,0,0,71.09,73.52,4411,1589
76.22,99.5,98.1,12,13,19,0,0,74.41,73.93,4435,1565
88.66,56.95,74.98,18,0,13,0,-1,37.86,33.09,1985,4015
83.45,93.43,96.68,11,15,2,0,0,75.38,76.25,4575,1425
79.2,95.94,99.04,13,7,19,0,0,75.25,74.26,4455,1545
79.79,71.01,99.12,9,16,5,0,0,56.16,55.46,3327,2673
76.33,82.64,97.06,10,8,24,0,-1,61.23,57.67,3460,2540
79.7,92.62,99.07,11,7,21,0,0,73.13,72.3,4337,1663
83.32,100.0,99.22,13,6,15,0,0,82.67,83.23,4994,1006
81.81,56.57,77.64,18,3,22,0,0,35.93,35.72,2143,3857
69.54,55.05,77.52,18,16,19,0,-1,29.67,25.48,1528,4472
65.8,83.92,87.2,16,20,20,0,0,48.15,48.06,2883,3117
90.87,72.64,100.0,9,7,3,0,-1,66.0,63.19,3791,2209
87.61,36.58,97.3,7,8,6,0,0,31.19,32.38,1943,4057
88.49,68.84,97.0,9,13,0,0,0,59.09,58.39,3503,2497
93.09,85.25,88.25,16,6,2,0,0,70.04,71.31,4278,1722
76.01,36.42,97.73,7,12,13,0,-1,27.05,21.45,1286,4714
76.05,56.6,79.44,18,20,7,0,0,34.2,32.84,1970,4030
80.3,86.52,97.08,10,10,13,0,0,67.45,67.57,4054,1946
81.54,94.49,92.19,14,1,16,1,1,71.03,75.75,4545,1455
88.55,39.53,99.2,7,9,3,0,0,34.73,35.18,2110,3890
84.18,92.66,95.99,11,11,8,0,0,74.88,73.36,4401,1599
85.42,98.61,98.22,12,13,7,0,0,82.74,82.4,4943,1057
98.31,96.41,97.88,12,1,5,0,0,92.77,92.32,5539,461
97.33,36.13,99.09,7,0,1,0,0,34.85,34.71,2082,3918
87.63,68.16,82.48,17,10,6,0,1,49.26,52.33,3139,2861
77.68,94.7,96.94,11,19,3,0,0,71.31,70.49,4229,1771
86.29,99.28,95.83,13,5,8,0,0,82.1,80.69,4841,1159
77.8,88.0,92.54,14,11,10,1,-1,63.36,61.25,3674,2326
86.34,56.64,97.54,8,0,21,0,0,47.7,46.45,2787,3213
91.29,93.54,92.27,15,4,10,0,1,78.8,82.63,4957,1043
69.69,94.62,97.36,12,18,16,0,1,64.21,69.44,4166,1834
72.88,85.16,98.04,10,20,8,0,-1,60.85,58.76,3525,2475
77.71,100.0,96.87,13,2,28,0,0,75.27,75.15,4508,1492
83.29,53.72,99.77,8,4,20,0,0,44.64,45.97,2758,3242
79.74,51.75,79.63,18,19,3,0,1,32.86,34.17,2050,3950
89.38,73.84,84.65,17,6,6,0,-1,55.86,49.42,2965,3035
74.39,57.84,98.18,8,2,30,0,-1,42.24,39.47,2368,3632
76.45,97.61,96.14,12,9,23,0,-1,71.74,68.41,4104,1896
67.18,82.02,99.72,10,17,23,0,0,54.94,56.11,3366,2634
99.58,71.85,99.6,9,1,4,0,0,71.26,72.57,4353,1647
74.08,82.15,98.18,10,13,17,0,-1,59.75,55.1,3306,2694
69.02,95.6,94.74,15,11,28,0,0,62.52,61.66,3699,2301
71.67,97.18,96.28,12,14,20,0,1,67.06,70.71,4242,1758
84.41,98.27,98.99,13,2,15,0,0,82.11,83.6,5015,985
63.24,98.97,98.23,13,16,29,0,-1,61.48,55.01,3300,2700
69.87,30.0,90.44,7,5,19,1,-1,18.96,15.59,935,5065
90.69,74.73,97.8,9,9,1,0,1,66.29,73.11,4386,1614
77.72,35.08,98.42,7,6,23,0,1,26.84,31.13,1868,4132
65.45,99.69,98.23,14,17,27,0,0,64.09,64.86,3891,2109
93.21,90.61,92.42,15,2,5,0,1,78.05,81.78,4907,1093
78.68,92.25,93.26,15,12,17,0,0,67.69,68.94,4136,1864
74.12,99.33,97.74,13,12,19,0,0,71.96,73.4,4404,1596
90.57,90.0,94.88,11,6,5,0,0,77.34,75.81,4548,1452
82.08,34.46,100.0,7,5,18,0,1,28.29,30.34,1820,4180
80.31,57.35,80.19,18,0,28,0,1,36.94,42.41,2544,3456
76.0,93.53,93.01,15,14,16,0,1,66.11,71.15,4268,1732
84.67,92.19,92.13,15,8,9,0,-1,71.91,67.4,4044,1956
70.29,81.76,88.08,11,8,17,1,0,50.62,50.65,3039,2961
89.26,56.31,98.12,8,5,7,0,1,49.32,51.32,3079,2921
81.39,75.54,95.32,10,9,1,1,0,58.61,57.7,3461,2539
74.99,73.53,83.01,17,4,30,0,0,45.77,46.31,2778,3222
90.93,96.59,100.0,11,4,8,0,-1,87.83,82.92,4974,1026
75.33,38.0,99.19,7,20,7,0,-1,28.39,20.14,1208,4792
78.22,82.0,96.95,10,17,3,0,-1,62.19,59.93,3595,2405
67.94,97.67,97.42,12,20,19,0,-1,64.64,57.41,3444,2556
75.37,98.63,96.85,12,2,30,0,1,71.99,76.29,4577,1423
79.37,92.65,93.93,15,8,23,0,1,69.07,69.66,4179,1821
82.57,84.63,89.55,16,9,10,0,0,62.58,62.92,3775,2225
61.46,33.94,99.67,7,20,26,0,1,20.79,24.9,1494,4506
77.1,100.0,98.52,12,7,23,0,1,75.96,82.57,4954,1046
92.59,73.62,96.77,9,8,0,0,-1,65.97,59.79,3587,2413
78.52,81.45,88.23,16,3,23,0,0,56.43,56.31,3378,2622
66.51,57.39,76.21,18,12,30,0,0,29.09,30.57,1834,4166
72.54,68.91,82.25,17,8,27,0,0,41.12,41.66,2499,3501
68.85,68.83,81.12,17,20,19,0,0,38.44,37.14,2228,3772
76.64,91.71,92.98,15,6,26,0,0,65.36,66.76,4005,1995
82.01,98.79,99.4,14,7,10,0,0,80.54,80.76,4845,1155
79.55,91.03,97.52,11,6,18,0,1,70.61,76.2,4571,1429
86.66,100.0,97.94,13,4,14,0,-1,84.87,80.19,4811,1189
80.27,59.28,79.07,18,13,11,0,-1,37.62,34.24,2054,3946
90.5,97.55,97.01,14,2,15,0,0,85.64,85.48,5128,872
80.98,73.56,98.18,9,14,5,0,0,58.49,59.69,3581,2419
83.77,71.37,97.53,9,6,18,0,-1,58.31,54.41,3264,2736
70.44,41.32,68.44,18,5,20,1,0,19.92,17.85,1071,4929
93.48,95.13,97.48,11,0,9,0,1,86.68,88.82,5329,671
73.82,73.85,98.64,9,12,21,0,-1,53.77,49.33,2959,3041
95.47,53.67,98.64,8,4,2,0,0,50.53,48.41,2904,3096
84.53,100.0,97.89,13,7,14,0,0,82.75,82.0,4919,1081
84.77,70.45,83.34,17,12,3,0,0,49.77,49.74,2984,3016
80.85,56.65,77.35,18,16,4,0,0,35.43,34.57,2073,3927
86.98,54.58,78.0,18,0,19,0,1,37.03,40.96,2457,3543
97.34,99.17,98.32,13,0,3,0,0,94.92,95.83,5749,251
56.35,37.85,97.75,7,20,29,0,1,20.85,23.28,1396,4604
92.03,82.25,100.0,10,2,8,0,0,75.69,73.47,4408,1592
54.19,60.46,86.95,9,20,19,1,-1,28.49,26.32,1579,4421
83.04,31.2,98.8,7,3,17,0,-1,25.59,20.97,1258,4742
93.7,96.88,98.77,12,2,6,0,1,89.66,93.75,5624,376
66.1,82.07,88.3,16,14,26,0,0,47.9,45.76,2745,3255
81.3,69.24,98.12,9,9,10,0,0,55.24,55.09,3305,2695
93.0,97.56,96.53,14,4,7,0,1,87.57,88.73,5324,676
79.1,55.06,78.95,18,8,20,0,1,34.39,39.17,2350,3650
95.37,33.57,97.37,7,1,3,0,0,31.17,32.17,1930,4070
88.52,91.39,93.13,15,9,3,0,1,75.35,79.59,4775,1225
92.55,99.69,100.0,13,4,0,0,1,92.26,97.48,5848,152
85.61,34.59,98.26,7,7,13,0,0,29.1,27.96,1677,4323
89.62,100.0,96.16,13,4,11,0,-1,86.18,81.6,4896,1104
72.82,80.48,99.26,10,12,21,0,0,58.18,57.9,3474,2526
85.17,55.12,79.96,18,3,15,0,1,37.54,40.07,2404,3596
89.35,51.82,96.84,8,7,3,0,-1,44.84,38.6,2316,3684
89.93,90.13,100.0,11,11,2,0,0,81.05,82.78,4966,1034
87.82,83.03,86.09,16,10,3,0,0,62.77,63.06,3783,2217
78.09,97.05,100.0,12,2,28,0,-1,75.79,73.08,4384,1616
86.43,72.06,99.32,9,5,13,0,1,61.86,66.25,3974,2026
80.09,81.98,87.91,16,5,21,0,1,57.72,61.66,3699,2301
78.3,71.56,82.65,17,9,19,0,-1,46.31,40.99,2459,3541
90.57,98.83,97.67,12,3,8,0,1,87.42,93.27,5595,405
69.6,71.27,86.03,17,11,29,0,1,42.67,45.52,2730,3270
78.42,53.96,79.32,18,2,25,0,1,33.56,35.14,2108,3892
75.56,71.46,100.0,9,20,4,0,0,54.0,54.77,3286,2714
89.9,97.08,97.79,12,4,12,0,1,85.34,88.09,5285,715
93.94,100.0,94.86,14,2,3,0,0,89.11,90.48,5429,571
67.87,84.8,86.33,16,13,30,0,-1,49.68,43.2,2591,3409
91.0,69.11,99.72,9,2,10,0,-1,62.72,58.43,3505,2495
78.04,70.37,98.77,9,12,11,0,-1,54.24,51.32,3078,2922
68.93,99.44,98.63,13,15,22,0,-1,67.61,59.75,3585,2415
65.41,76.49,80.11,16,20,10,1,0,40.08,40.21,2412,3588
56.65,70.52,98.44,9,20,29,0,0,39.33,39.17,2350,3650
77.89,83.31,97.26,10,12,13,0,0,63.11,62.61,3756,2244
74.16,94.71,93.41,15,15,17,0,0,65.61,64.28,3856,2144
75.34,94.05,93.0,15,15,17,0,0,65.9,65.9,3953,2047
85.56,91.83,96.31,15,7,12,0,0,75.67,75.37,4522,1478
65.56,55.91,98.51,8,18,22,0,1,36.11,40.82,2449,3551
76.37,82.22,90.49,16,7,22,0,1,56.82,59.26,3555,2445
99.09,96.31,97.34,12,0,6,0,0,92.9,93.34,5600,400
74.23,34.06,96.28,7,11,17,0,1,24.34,26.85,1611,4389
97.8,72.69,100.0,9,3,1,0,0,71.09,70.02,4201,1799
71.79,100.0,99.73,12,11,27,0,0,71.6,71.82,4309,1691
69.41,67.4,90.73,9,9,14,1,1,42.45,45.29,2717,3283
82.25,92.26,93.1,15,13,7,0,0,70.66,70.86,4251,1749
89.22,86.33,98.74,10,7,1,0,0,76.06,76.43,4585,1415
91.3,55.77,78.44,18,4,3,0,0,39.94,38.21,2292,3708
86.39,54.33,74.34,18,4,12,0,1,34.89,39.23,2354,3646
78.24,56.11,77.76,18,13,11,0,1,34.14,37.0,2219,3781
81.43,54.38,99.27,8,18,2,0,0,43.96,42.16,2529,3471
61.0,100.0,99.74,14,19,27,0,1,60.84,64.51,3870,2130
85.01,71.48,97.46,9,11,4,0,0,59.22,61.25,3675,2325
92.92,52.54,98.38,8,7,2,0,1,48.02,49.13,2948,3052
64.93,90.66,91.85,13,4,24,1,0,54.07,52.8,3168,2832
66.17,69.43,95.98,9,15,23,0,1,44.09,47.15,2828,3172
78.04,91.35,93.05,15,9,15,0,0,66.34,65.66,3939,2061
81.0,97.17,97.59,13,10,14,0,1,76.81,83.01,4980,1020
92.69,53.37,77.27,18,0,9,0,1,38.23,40.16,2409,3591
79.48,34.04,94.97,7,20,1,0,1,25.69,31.29,1877,4123
80.36,70.55,96.8,9,16,5,0,1,54.88,55.05,3302,2698
71.68,97.95,98.46,13,14,17,0,1,69.13,74.26,4455,1545
69.94,88.94,97.29,11,18,16,0,0,60.52,60.05,3603,2397
84.28,96.0,96.4,11,7,13,0,1,77.99,83.09,4985,1015
86.41,95.13,99.27,11,2,16,0,0,81.6,82.78,4966,1034
83.28,100.0,95.58,13,4,23,0,0,79.6,82.16,4929,1071
76.88,79.18,98.43,10,12,19,0,0,59.92,60.76,3645,2355
86.13,38.91,97.86,7,7,12,0,0,32.8,32.38,1943,4057
69.18,73.95,97.04,9,17,19,0,-1,49.64,45.12,2707,3293
77.28,55.87,74.76,18,14,15,0,0,32.28,31.43,1885,4115
56.16,90.57,92.12,12,20,20,1,-1,46.86,43.65,2618,3382
96.14,98.02,96.28,13,5,1,0,0,90.72,91.24,5474,526
68.89,97.62,99.16,12,20,13,0,1,66.68,70.87,4252,1748
96.08,52.85,97.74,8,3,2,0,0,49.63,49.63,2977,3023
56.36,84.75,86.04,12,19,24,1,0,41.1,39.48,2368,3632
95.5,99.04,98.98,12,0,7,0,0,93.61,92.38,5542,458
82.14,93.41,98.82,11,5,17,0,0,75.82,74.36,4461,1539
92.25,50.43,98.34,8,2,6,0,1,45.75,52.02,3121,2879
83.62,93.33,96.54,11,6,17,0,-1,75.34,74.06,4443,1557
87.18,36.38,97.08,7,7,8,0,1,30.79,34.7,2082,3918
81.39,82.11,87.04,16,18,1,0,1,58.17,61.29,3677,2323
95.91,99.58,96.69,14,1,1,0,-1,92.35,89.51,5370,630
93.95,96.11,99.22,11,0,11,0,0,89.59,89.76,5385,615
76.09,92.56,100.0,11,12,16,0,-1,70.43,67.45,4047,1953
85.85,98.41,99.7,13,11,4,0,0,84.23,83.4,5004,996
90.47,50.16,79.17,18,3,10,0,1,35.93,39.5,2369,3631
82.37,54.21,77.42,18,16,3,0,1,34.57,38.52,2311,3689
88.81,70.54,96.53,9,0,18,0,0,60.48,61.07,3664,2336
72.21,100.0,98.85,13,15,18,0,0,71.39,72.01,4320,1680
87.89,35.95,99.69,7,9,5,0,0,31.49,30.74,1844,4156
83.88,69.76,99.57,9,14,2,0,0,58.26,57.16,3429,2571
77.95,69.58,82.93,17,2,30,0,1,44.98,48.33,2899,3101
78.04,83.44,98.79,10,20,4,0,1,64.33,69.36,4161,1839
73.09,69.4,97.34,9,16,16,0,1,49.38,54.58,3274,2726
68.86,82.68,86.82,16,20,16,0,0,49.42,49.54,2972,3028
70.3,98.75,98.84,12,14,25,0,0,68.62,68.15,4088,1912
84.16,70.71,98.54,9,10,9,0,0,58.64,57.66,3459,2541
62.31,98.98,97.64,12,19,27,0,1,60.22,69.78,4186,1814
84.21,34.16,97.17,7,12,7,0,1,27.95,31.59,1895,4105
77.46,83.55,88.49,16,19,2,0,0,57.27,57.99,3479,2521
68.77,71.84,98.48,9,18,20,0,0,48.66,47.56,2853,3147
80.98,98.07,97.93,14,3,25,0,0,77.78,80.0,4799,1201
79.27,34.97,96.81,7,4,24,0,-1,26.83,21.12,1267,4733
89.39,95.34,91.95,15,2,15,0,0,78.36,76.07,4563,1437
76.59,54.25,98.54,8,14,10,0,0,40.95,40.1,2406,3594
84.91,69.71,97.15,9,9,5,0,-1,57.5,53.34,3200,2800
81.34,85.26,85.78,16,11,11,0,0,59.49,59.35,3561,2439
90.45,54.39,98.94,8,2,5,0,-1,48.68,44.07,2644,3356
82.67,97.0,93.77,14,8,15,0,-1,75.2,70.38,4222,1778
59.81,99.03,100.0,14,20,29,0,0,59.23,57.38,3442,2558
84.72,71.33,95.77,9,3,18,0,0,57.88,59.35,3560,2440
91.27,97.56,97.99,14,1,11,0,0,87.25,88.95,5336,664
78.68,91.09,94.88,11,12,13,0,0,68.0,68.57,4114,1886
88.42,81.04,89.06,16,4,14,0,0,63.81,64.57,3874,2126
66.7,97.91,97.49,12,16,27,0,0,63.67,64.49,3869,2131
83.74,79.82,86.07,16,10,11,0,-1,57.53,56.4,3383,2617
72.72,100.0,99.83,13,16,14,0,1,72.6,77.97,4677,1323
88.48,68.3,85.7,17,1,19,0,0,51.79,51.99,3119,2881
82.35,69.71,81.57,17,1,23,0,0,46.83,47.28,2836,3164
81.96,84.31,96.33,10,17,0,0,0,66.56,66.81,4008,1992
91.41,70.08,99.54,9,3,9,0,0,63.76,63.56,3813,2187
70.13,90.86,95.55,13,5,18,1,-1,60.89,56.7,3401,2599
83.68,55.46,99.27,8,7,12,0,-1,46.07,39.62,2377,3623
92.6,68.48,82.23,17,2,11,0,0,52.14,53.48,3208,2792
73.07,99.58,97.05,14,14,20,0,0,70.62,70.09,4205,1795
83.25,92.39,90.16,15,14,3,0,-1,69.34,66.82,4008,1992
75.82,52.63,78.92,18,3,29,0,0,31.5,32.7,1961,4039
83.55,100.0,98.76,13,13,6,0,0,82.52,83.0,4979,1021
90.45,100.0,96.13,13,10,2,0,-1,86.95,83.23,4993,1007
80.98,82.69,89.78,16,15,6,0,1,60.12,66.59,3995,2005
90.86,97.2,97.77,14,3,8,0,0,86.34,86.38,5182,818
87.91,95.34,95.47,14,1,17,0,0,80.01,80.25,4815,1185
85.07,69.04,96.19,9,15,4,0,1,56.49,60.39,3623,2377
80.67,95.1,99.34,12,18,1,0,-1,76.21,68.5,4109,1891
79.01,100.0,100.0,13,1,29,0,0,79.01,79.92,4795,1205
75.03,98.46,98.89,12,13,15,0,1,73.06,76.61,4596,1404
77.6,81.71,96.33,10,0,30,0,-1,61.08,56.07,3364,2636
87.75,97.94,97.24,13,8,8,0,-1,83.58,79.11,4746,1254
95.78,56.18,99.71,8,4,2,0,0,53.65,53.57,3214,2786
87.06,92.05,97.15,11,12,2,0,-1,77.85,74.21,4452,1548
64.98,55.61,79.01,18,14,27,0,-1,28.55,24.29,1457,4543
86.16,83.24,98.09,10,8,5,0,0,70.35,70.8,4247,1753
76.76,33.89,97.16,7,2,28,0,0,25.28,24.14,1448,4552
71.47,100.0,99.96,13,10,30,0,-1,71.44,67.4,4044,1956
87.55,70.52,98.21,9,6,11,0,1,60.64,65.99,3959,2041
72.77,98.34,99.07,14,15,17,0,1,70.9,76.07,4564,1436
79.95,72.53,95.72,9,13,11,0,-1,55.51,48.78,2926,3074
69.16,83.27,87.6,16,12,26,0,1,50.46,53.05,3183,2817
92.97,84.59,88.33,16,6,2,0,-1,69.47,65.1,3905,2095
81.89,83.2,87.72,16,19,4,0,0,59.76,60.44,3626,2374
92.39,97.11,96.5,12,10,0,0,1,86.59,87.95,5276,724
87.89,96.12,97.96,14,4,15,0,1,82.76,87.24,5234,766
79.99,53.62,100.0,8,13,8,0,-1,42.89,39.23,2353,3647
64.85,34.32,98.37,7,14,30,0,1,21.89,27.39,1643,4357
69.14,70.86,97.5,9,20,14,0,-1,47.76,41.94,2516,3484
99.01,83.18,89.16,16,3,1,0,0,73.43,71.31,4278,1722
84.6,88.64,98.69,10,6,13,0,0,74.01,75.7,4542,1458
69.31,54.78,77.19,18,17,24,0,0,29.31,27.99,1679,4321
75.65,68.61,98.09,9,19,12,0,-1,50.91,46.23,2773,3227
78.66,84.42,98.77,10,6,21,0,-1,65.59,61.87,3712,2288
70.87,33.1,95.22,7,11,26,0,0,22.34,21.79,1307,4693
93.55,97.81,98.58,12,0,9,0,0,90.2,89.93,5395,605
69.09,92.99,98.51,11,16,26,0,0,63.29,64.86,3891,2109
70.78,56.36,96.3,8,15,20,0,1,38.41,44.1,2645,3355
79.11,96.85,100.0,13,13,11,0,1,76.62,81.29,4877,1123
76.39,95.57,92.22,15,13,16,0,0,67.33,68.06,4083,1917
78.32,100.0,94.61,12,3,29,0,1,74.1,76.2,4571,1429
82.48,95.91,100.0,13,11,5,0,-1,79.1,75.51,4530,1470
62.85,67.71,91.78,9,17,13,1,0,39.06,38.01,2280,3720
71.62,97.88,96.12,13,9,27,0,0,67.38,68.45,4106,1894
68.99,73.4,79.94,17,13,20,0,1,40.48,45.79,2747,3253
95.95,84.53,88.49,16,3,2,0,-1,71.76,66.67,4000,2000
83.02,55.23,95.37,8,2,20,0,-1,43.73,41.98,2518,3482
86.04,100.0,98.83,13,3,15,0,0,85.04,84.9,5093,907
62.71,53.91,77.73,18,19,29,0,0,26.28,25.23,1513,4487
83.21,92.21,92.55,15,3,20,0,0,71.0,71.01,4260,1740
71.72,96.35,97.56,14,16,18,0,1,67.42,72.8,4368,1632
71.34,72.07,83.69,17,9,27,0,0,43.03,44.02,2641,3359
92.64,99.98,97.38,13,6,7,0,0,90.2,90.14,5408,592
75.52,97.9,97.87,14,17,12,0,0,72.36,69.86,4191,1809
74.76,52.85,97.22,8,6,27,0,-1,38.41,34.77,2085,3915
68.14,53.99,96.42,8,11,30,0,-1,35.47,28.57,1714,4286
64.2,100.0,98.51,14,13,29,0,0,63.24,62.06,3723,2277
87.74,70.36,84.13,17,12,0,0,0,51.93,51.77,3106,2894
83.64,97.37,97.14,12,7,16,0,1,79.12,82.27,4936,1064
87.15,71.7,83.16,17,8,9,0,-1,51.96,45.8,2747,3253
91.57,100.0,99.61,13,7,0,0,1,91.21,97.85,5870,130
99.65,100.0,98.84,13,1,0,0,1,98.49,100.0,6000,0
66.64,100.0,96.11,12,16,26,0,1,64.05,70.11,4206,1794
88.41,96.14,98.0,12,10,5,0,0,83.29,81.43,4885,1115
83.37,83.94,88.66,16,13,7,0,-1,62.05,57.12,3427,2573
81.12,100.0,97.91,13,6,19,0,0,79.43,78.06,4683,1317
68.42,73.68,82.11,17,12,26,0,0,41.39,40.63,2438,3562
75.62,35.93,96.9,7,18,13,0,0,26.33,26.84,1610,4390
69.75,74.31,98.32,9,20,12,0,0,50.96,52.71,3162,2838
85.18,56.97,76.38,18,5,12,0,0,37.07,37.33,2240,3760
82.13,97.49,99.66,12,16,5,0,-1,79.79,75.64,4538,1462
84.98,54.85,98.21,8,4,16,0,0,45.78,45.45,2726,3274
66.79,51.96,97.77,8,20,18,0,0,33.93,34.28,2056,3944
59.45,100.0,99.23,13,20,29,0,-1,59.0,55.76,3345,2655
73.99,90.16,93.17,15,5,30,0,0,62.16,62.97,3778,2222
93.83,94.49,98.17,12,6,2,0,-1,87.05,84.19,5051,949
82.57,100.0,95.08,13,0,20,0,1,78.51,84.04,5042,958
87.09,69.88,99.91,9,0,19,0,0,60.8,61.44,3686,2314
61.34,55.75,77.37,18,17,29,0,0,26.46,26.63,1597,4403
74.57,57.44,98.59,8,18,12,0,1,42.23,45.03,2701,3299
87.46,58.22,79.28,18,4,14,0,1,40.37,44.71,2682,3318
89.85,97.94,99.42,12,5,7,0,-1,87.49,82.35,4941,1059
86.83,86.76,94.62,10,9,6,0,-1,71.28,67.35,4040,1960
70.78,82.65,99.4,10,12,24,0,0,58.15,59.43,3565,2435
95.31,95.12,99.55,11,1,8,0,-1,90.24,87.51,5250,750
72.08,64.21,94.47,9,20,0,1,-1,43.72,39.25,2355,3645
95.24,86.65,90.0,16,3,3,0,0,74.27,74.63,4477,1523
80.46,98.29,96.83,14,19,3,0,0,76.58,75.7,4542,1458
87.05,52.95,97.52,8,4,9,0,1,44.95,48.72,2923,3077
95.12,71.25,99.98,9,2,2,0,0,67.75,67.91,4074,1926
69.58,97.75,97.89,14,11,29,0,0,66.58,65.97,3958,2042
85.62,82.1,99.38,10,12,3,0,1,69.86,73.6,4416,1584
88.2,37.75,95.14,7,13,2,0,0,31.68,30.88,1852,4148
78.4,99.05,97.72,14,20,2,0,0,75.89,76.43,4585,1415
80.07,85.75,100.0,10,13,12,0,0,68.66,66.46,3987,2013
60.83,94.26,100.0,12,20,29,0,0,57.34,57.82,3469,2531
90.67,98.8,98.31,14,5,5,0,-1,88.07,86.62,5197,803
69.59,71.91,95.88,9,18,20,0,0,47.98,47.28,2836,3164
98.4,83.38,87.19,16,1,3,0,0,71.53,71.56,4293,1707
77.0,99.62,97.43,12,11,15,0,0,74.73,74.75,4485,1515
70.82,81.6,88.86,16,19,17,0,1,51.35,54.13,3247,2753
73.18,89.97,93.38,15,8,29,0,1,61.48,65.69,3941,2059
87.95,84.77,89.17,16,0,17,0,1,66.48,67.55,4052,1948
94.55,93.8,93.78,15,4,6,0,-1,83.17,76.04,4562,1438
96.44,54.38,96.52,8,6,0,0,1,50.61,53.24,3194,2806
83.84,86.46,97.71,10,2,23,0,0,70.82,70.42,4225,1775
92.88,53.73,77.82,18,4,8,0,0,38.83,39.27,2356,3644
81.09,93.16,95.86,11,15,6,0,0,72.42,70.97,4258,1742
73.1,53.94,97.18,8,11,22,0,0,38.32,38.18,2290,3710
72.52,92.85,95.63,15,20,9,0,0,64.39,63.89,3833,2167
74.13,97.2,98.19,14,15,13,0,-1,70.75,67.39,4043,1957
86.97,99.35,99.03,13,6,8,0,0,85.57,84.31,5058,942
78.39,70.01,99.41,9,6,21,0,0,54.56,55.09,3305,2695
70.54,52.63,76.23,18,8,30,0,0,28.3,26.46,1587,4413
85.58,100.0,97.26,13,3,18,0,-1,83.24,77.95,4677,1323
86.32,81.52,89.23,16,9,5,0,0,62.79,63.36,3801,2199
74.79,83.05,98.28,10,15,13,0,0,61.04,61.63,3697,2303
74.37,98.1,97.36,14,13,19,0,0,71.03,71.44,4286,1714
74.68,53.15,77.28,18,8,26,0,0,30.68,30.73,1843,4157
78.31,96.33,96.41,12,19,3,0,0,72.72,72.98,4378,1622
82.36,84.88,85.61,16,12,13,0,-1,59.84,56.32,3379,2621
68.46,96.56,97.42,12,11,28,0,-1,64.4,60.24,3614,2386
83.29,51.09,96.41,8,14,5,0,0,41.03,40.87,2452,3548
78.46,35.3,98.36,7,16,8,0,0,27.24,26.99,1619,4381
80.57,83.74,87.95,16,13,9,0,0,59.34,60.64,3638,2362
57.24,82.49,89.12,16,20,30,0,0,42.08,43.11,2586,3414
81.02,97.49,94.87,15,11,12,0,0,74.93,74.68,4480,1520
94.04,34.43,96.72,7,3,5,0,0,31.32,31.48,1888,4112
71.78,99.52,98.13,12,13,25,0,0,70.1,69.44,4166,1834
85.4,71.61,99.39,9,11,7,0,0,60.78,61.32,3679,2321
80.08,56.72,98.24,8,6,21,0,0,44.62,44.36,2661,3339
83.79,96.38,96.59,12,11,4,0,-1,78.0,72.38,4342,1658
95.34,54.68,98.36,8,0,10,0,-1,51.28,46.8,2808,3192
85.47,54.79,79.7,18,10,6,0,0,37.32,38.67,2319,3681
64.77,97.85,99.77,14,18,25,0,0,63.23,63.72,3823,2177
80.79,97.54,99.34,12,7,17,0,0,78.28,78.19,4691,1309
80.53,55.77,100.0,8,12,9,0,0,44.91,43.95,2637,3363
84.33,85.82,87.47,16,6,16,0,0,63.31,65.52,3931,2069
86.08,85.77,96.51,10,3,17,0,1,71.25,74.55,4473,1527
86.1,86.26,87.37,16,2,18,0,1,64.89,70.4,4224,1776
81.17,99.95,98.07,13,13,10,0,0,79.56,78.58,4714,1286
89.52,100.0,98.0,12,6,6,0,1,87.73,89.96,5397,603
85.24,95.69,96.59,14,15,1,0,0,78.78,77.73,4663,1337
84.9,90.99,99.51,11,13,3,0,0,76.87,77.7,4662,1338
81.63,54.38,95.9,8,14,5,0,0,42.57,41.61,2496,3504
79.85,83.2,87.46,16,10,18,0,1,58.1,61.23,3673,2327
94.11,83.86,87.24,16,0,9,0,0,68.84,70.09,4205,1795
63.34,36.72,100.0,7,20,25,0,0,23.26,24.02,1441,4559
80.64,81.81,87.57,16,0,29,0,-1,57.77,55.03,3301,2699
70.26,61.7,88.27,9,12,1,1,-1,38.27,32.56,1953,4047
92.09,92.59,91.91,15,1,10,0,0,78.37,77.82,4669,1331
97.91,70.99,83.37,17,0,2,0,0,57.95,58.38,3503,2497
78.75,98.02,100.0,14,3,26,0,0,77.19,79.88,4792,1208
86.42,96.6,97.2,13,9,8,0,1,81.15,82.79,4967,1033
86.17,98.11,97.96,12,12,2,0,0,82.81,82.34,4940,1060
82.11,90.73,93.06,15,10,15,0,0,69.33,69.95,4197,1803
88.21,81.97,88.2,16,1,12,0,1,63.77,67.45,4046,1954
64.74,97.11,100.0,14,15,27,0,1,62.87,68.93,4136,1864
67.14,56.91,95.93,8,11,30,0,0,36.65,37.01,2220,3780
97.92,82.68,88.46,16,3,0,0,1,71.61,74.03,4441,1559
92.38,37.81,94.31,7,4,3,0,0,32.94,32.3,1938,4062
81.38,95.95,99.84,12,13,7,0,0,77.96,79.01,4740,1260
93.23,67.62,98.46,9,2,6,0,1,62.07,67.15,4028,1972
82.59,99.73,99.38,12,17,0,0,0,81.86,81.81,4908,1092
91.69,52.29,77.87,18,1,8,0,-1,37.34,33.35,2000,4000
98.68,32.56,97.34,7,3,1,0,0,31.28,33.71,2022,3978
91.37,96.04,99.46,11,2,8,0,-1,87.28,85.15,5109,891
81.73,82.97,86.63,16,12,8,0,0,58.75,59.55,3572,2428
77.15,56.19,79.5,18,5,29,0,-1,34.47,30.27,1816,4184
92.71,100.0,98.19,14,3,4,0,-1,91.03,86.71,5202,798
66.21,72.4,96.62,9,18,28,0,1,46.31,52.59,3155,2845
72.62,99.99,96.85,13,20,14,0,1,70.32,75.04,4502,1498
77.02,94.55,91.28,15,16,7,0,-1,66.47,62.76,3765,2235
78.69,71.59,83.65,17,15,8,0,-1,47.12,43.48,2609,3391
77.51,55.67,78.59,18,15,7,0,-1,33.91,30.11,1806,4194
86.86,94.22,97.27,11,2,11,0,-1,79.6,75.65,4539,1461
61.77,82.8,99.8,10,20,23,0,0,51.04,49.89,2993,3007
94.34,82.46,98.29,10,2,2,0,0,76.46,76.91,4614,1386
95.52,99.75,99.08,14,1,6,0,0,94.41,92.84,5570,430
83.82,35.61,94.84,7,6,14,0,-1,28.31,23.17,1389,4611
83.53,81.44,97.43,10,15,3,0,0,66.28,66.02,3961,2039
73.03,94.73,98.82,12,6,26,0,-1,68.37,63.4,3803,2197
64.51,92.95,90.36,15,16,27,0,1,54.18,57.03,3421,2579
70.62,94.38,98.0,11,14,20,0,0,65.31,64.18,3850,2150
83.07,70.16,98.52,9,16,3,0,0,57.41,56.38,3382,2618
66.01,58.7,94.29,9,7,29,1,1,36.54,40.45,2427,3573
71.11,97.81,97.38,14,19,16,0,-1,67.74,63.6,3816,2184
96.45,100.0,97.92,13,6,2,0,0,94.45,93.53,5611,389
70.28,84.14,93.17,11,13,5,1,-1,55.09,50.59,3035,2965
76.88,85.44,87.13,16,20,3,0,-1,57.23,55.43,3325,2675
92.04,54.97,95.76,8,3,7,0,-1,48.45,46.44,2786,3214
92.31,95.42,97.78,14,5,8,0,-1,86.13,83.38,5002,998
76.41,74.67,81.43,17,16,14,0,-1,46.46,43.45,2607,3393
78.53,59.26,99.65,8,17,2,0,-1,46.37,42.3,2538,3462
88.03,83.0,99.42,10,4,12,0,1,72.64,76.31,4578,1422
90.21,97.22,92.57,15,10,1,0,0,81.18,80.89,4853,1147
76.17,88.84,92.68,14,8,11,1,0,62.71,60.71,3642,2358
84.78,55.39,96.91,8,1,20,0,-1,45.5,43.22,2592,3408
88.95,100.0,96.54,13,6,9,0,0,85.87,85.07,5103,897
83.39,84.31,98.4,10,12,5,0,-1,69.18,67.17,4030,1970
68.31,92.25,92.82,15,19,15,0,0,58.49,56.28,3376,2624
83.83,93.39,92.2,15,13,3,0,1,72.19,77.88,4672,1328
73.37,73.11,80.65,17,7,30,0,0,43.26,43.58,2614,3386
90.28,53.19,99.38,8,7,3,0,0,47.72,48.24,2894,3106
85.83,35.06,99.51,7,1,18,0,-1,29.94,27.57,1653,4347
78.24,57.58,97.33,8,17,3,0,0,43.85,45.41,2724,3276
74.31,89.94,97.08,11,7,28,0,0,64.88,64.71,3882,2118
64.93,71.88,81.81,16,12,12,1,0,38.18,38.19,2291,3709
90.46,100.0,97.55,13,3,7,0,0,88.25,88.19,5291,709
81.83,56.32,75.75,18,8,15,0,0,34.91,34.27,2056,3944
78.12,83.48,98.67,10,5,25,0,-1,64.34,63.63,3817,2183
74.62,69.67,82.36,17,9,22,0,1,42.82,46.82,2809,3191
91.25,50.22,71.0,18,0,3,1,0,32.54,35.07,2104,3896
62.19,69.3,96.98,9,16,29,0,0,41.8,40.67,2440,3560
70.99,55.1,78.83,18,19,15,0,0,30.83,30.77,1846,4154
70.59,56.29,76.25,18,9,27,0,-1,30.3,23.99,1439,4561
87.46,85.15,98.26,10,5,10,0,-1,73.18,68.47,4108,1892
90.83,67.53,96.44,9,5,10,0,-1,59.15,52.47,3148,2852
86.33,70.02,97.5,9,0,21,0,0,58.94,57.21,3432,2568
80.96,94.85,97.32,14,13,10,0,-1,74.73,73.74,4424,1576
96.42,94.27,99.3,11,2,5,0,0,90.26,88.52,5311,689
85.94,69.79,84.42,17,0,19,0,0,50.63,50.45,3027,2973
72.26,96.31,100.0,12,15,18,0,1,69.59,70.13,4207,1793
84.63,86.58,97.79,10,15,3,0,1,71.65,74.37,4461,1539
69.95,35.07,96.4,7,18,21,0,1,23.65,29.22,1753,4247
74.4,83.56,95.57,10,16,16,0,-1,59.41,57.76,3465,2535
94.63,71.7,98.63,9,3,3,0,0,66.93,66.86,4011,1989
82.84,92.93,99.55,11,10,14,0,-1,76.64,73.46,4407,1593
80.58,97.19,96.99,12,17,8,0,-1,75.96,71.48,4288,1712
78.5,91.21,97.28,11,11,14,0,1,69.65,73.13,4388,1612
73.33,100.0,97.66,12,9,22,0,0,71.62,72.05,4323,1677
69.39,96.9,98.69,12,16,24,0,-1,66.35,60.29,3617,2383
85.93,84.34,87.38,16,15,3,0,-1,63.33,59.95,3597,2403
76.33,92.6,92.79,15,20,0,0,-1,65.59,63.48,3809,2191
78.29,96.78,98.22,13,7,21,0,0,74.41,72.55,4352,1648
77.11,72.52,98.17,9,11,15,0,1,54.9,56.01,3360,2640
76.27,84.43,86.81,16,13,11,0,-1,55.9,54.17,3250,2750
63.09,43.73,86.21,8,6,29,1,1,23.79,29.12,1747,4253
75.35,70.84,83.34,17,3,30,0,1,44.48,47.37,2842,3158
64.13,72.12,81.07,17,17,28,0,1,37.49,43.35,2600,3400
90.73,88.73,96.78,15,5,8,0,0,77.91,77.87,4672,1328
68.12,72.44,83.94,17,11,28,0,-1,41.42,40.14,2408,3592
62.5,73.44,81.75,16,13,30,1,1,37.52,44.91,2694,3306
94.5,91.66,95.65,11,6,1,0,1,82.86,88.55,5313,687
70.15,59.9,77.27,18,10,26,0,-1,32.47,30.15,1809,4191
74.15,100.0,99.45,13,14,18,0,0,73.74,73.25,4394,1606
89.23,97.26,98.42,12,9,3,0,-1,85.41,79.86,4791,1209
85.8,96.8,99.18,14,4,14,0,-1,82.37,76.87,4612,1388
79.76,93.19,93.79,15,9,19,0,-1,69.71,65.18,3910,2090
80.94,70.61,100.0,9,9,15,0,-1,57.15,53.62,3217,2783
89.71,95.43,100.0,11,0,14,0,0,85.61,86.55,5193,807
85.79,39.18,96.72,7,6,9,0,-1,32.51,26.95,1617,4383
87.51,57.79,99.43,8,1,15,0,1,50.28,53.83,3229,2771
73.6,100.0,98.17,13,11,21,0,0,72.25,73.48,4409,1591
95.24,39.59,100.0,7,1,8,0,-1,37.7,36.03,2161,3839
70.18,91.79,98.44,11,16,21,0,1,63.42,68.34,4100,1900
75.56,93.68,90.06,15,4,30,0,-1,63.75,61.45,3686,2314
80.44,90.12,96.84,11,4,23,0,1,70.19,74.02,4440,1560
76.31,77.62,77.81,16,2,9,1,0,46.09,46.93,2816,3184
88.5,81.37,97.58,10,1,15,0,0,70.27,71.69,4301,1699
74.93,97.61,99.11,12,7,25,0,0,72.49,70.28,4216,1784
70.8,72.71,81.05,17,20,12,0,0,41.72,41.9,2513,3487
68.06,100.0,99.08,13,12,30,0,1,67.43,72.17,4330,1670
78.26,91.44,95.42,11,9,19,0,0,68.28,67.71,4062,1938
85.13,92.54,95.92,11,5,18,0,0,75.56,74.26,4455,1545
71.59,97.65,99.49,13,10,25,0,1,69.55,72.63,4358,1642
85.4,73.11,86.57,17,6,8,0,-1,54.05,51.62,3097,2903
88.04,91.34,91.31,15,6,9,0,-1,73.43,69.86,4191,1809
59.68,91.92,96.0,11,18,29,0,0,52.66,53.33,3200,2800
76.22,70.76,83.28,17,14,17,0,0,44.91,44.78,2686,3314
69.64,69.54,98.99,9,12,25,0,0,47.94,46.01,2760,3240
93.77,98.96,97.54,13,3,4,0,1,90.52,94.14,5648,352
79.49,54.33,78.95,18,10,16,0,0,34.09,34.84,2090,3910
75.68,71.25,83.46,17,11,14,0,0,45.01,43.52,2611,3389
76.86,99.51,99.53,12,13,14,0,0,76.13,77.48,4648,1352
76.45,99.22,94.29,13,13,14,0,0,71.52,70.46,4227,1773
83.6,35.68,99.86,7,17,0,0,1,29.79,33.6,2015,3985
81.73,100.0,96.71,13,2,24,0,1,79.04,82.57,4953,1047
77.17,90.99,97.79,11,7,18,0,0,68.66,68.88,4132,1868
87.33,96.61,94.05,15,11,4,0,0,79.35,78.61,4716,1284
66.67,83.9,88.14,16,17,28,0,-1,49.3,46.41,2784,3216
80.45,93.88,98.77,11,1,24,0,0,74.6,75.56,4533,1467
85.53,98.87,99.26,13,4,12,0,1,83.94,90.47,5428,572
71.84,96.67,99.42,14,16,14,0,0,69.04,70.36,4221,1779
95.21,33.46,97.67,7,2,1,0,0,31.12,30.72,1843,4157
77.12,95.53,100.0,11,20,3,0,0,73.67,75.34,4520,1480
79.16,100.0,97.2,12,19,3,0,0,76.95,78.78,4726,1274
72.47,93.55,98.66,11,18,15,0,0,66.89,67.41,4044,1956
71.95,54.34,77.59,18,10,27,0,1,30.34,31.22,1873,4127
69.92,53.36,75.41,18,18,21,0,0,28.13,28.51,1710,4290
80.29,94.97,93.23,15,1,22,0,-1,71.09,66.35,3981,2019
67.68,72.8,94.38,9,17,23,0,1,46.51,51.9,3114,2886
72.87,73.31,95.4,9,7,28,0,0,50.97,50.68,3040,2960
59.63,75.48,84.47,17,20,27,0,-1,38.02,37.61,2256,3744
74.89,74.33,83.85,17,9,23,0,1,46.67,52.44,3146,2854
74.47,32.59,96.9,7,15,19,0,-1,23.52,21.58,1294,4706
99.53,52.95,97.14,8,2,0,0,0,51.2,53.75,3224,2776
60.49,70.62,98.33,9,19,28,0,0,42.0,42.87,2572,3428
82.64,57.98,96.83,8,16,3,0,0,46.4,45.98,2758,3242
93.47,85.94,97.64,10,6,3,0,0,78.43,79.09,4745,1255
82.78,100.0,100.0,14,0,26,0,0,82.78,84.3,5057,943
77.15,92.69,93.72,15,14,12,0,0,67.02,65.57,3934,2066
79.58,30.0,86.28,7,3,9,1,-1,20.6,17.2,1031,4969
73.21,70.11,100.0,9,7,26,0,-1,51.33,46.22,2773,3227
65.91,92.65,97.86,11,19,21,0,0,59.76,58.99,3539,2461
80.48,100.0,97.35,14,19,3,0,-1,78.35,74.27,4456,1544
97.72,69.45,81.65,17,0,5,0,0,55.41,56.36,3381,2619
88.18,67.44,96.69,9,7,5,0,0,57.5,58.19,3491,2509
82.21,94.46,90.91,15,17,6,0,0,70.6,70.81,4248,1752
79.67,100.0,98.6,14,15,9,0,0,78.55,78.49,4709,1291
74.24,91.42,97.38,11,3,30,0,-1,66.09,61.85,3710,2290
84.74,98.94,97.19,12,8,12,0,0,81.49,81.99,4919,1081
88.66,98.79,96.24,13,3,14,0,-1,84.3,80.49,4829,1171
95.58,95.07,98.8,13,4,0,0,-1,89.78,86.46,5187,813
74.7,57.38,97.8,8,18,12,0,1,41.92,43.97,2637,3363
84.78,90.79,99.11,11,1,20,0,0,76.29,74.11,4446,1554
70.54,69.76,82.38,17,19,14,0,0,40.54,38.53,2311,3689
69.07,34.95,97.59,7,11,30,0,1,23.56,25.85,1551,4449
80.32,52.28,78.86,18,14,8,0,0,33.11,33.61,2016,3984
87.35,37.42,100.0,7,5,11,0,0,32.69,33.27,1996,4004
81.66,89.8,92.41,15,16,6,0,-1,67.77,64.03,3841,2159
74.3,56.75,78.57,18,16,12,0,-1,33.13,28.36,1701,4299
78.11,70.88,96.66,9,20,4,0,-1,53.52,49.4,2963,3037
75.65,56.88,77.27,18,18,10,0,-1,33.25,29.96,1797,4203
75.03,72.86,97.86,9,8,25,0,0,53.5,54.74,3284,2716
74.0,71.89,82.65,17,9,29,0,1,43.97,48.52,2911,3089
76.6,70.41,83.6,17,15,12,0,0,45.08,44.89,2693,3307
67.4,100.0,96.73,14,19,21,0,0,65.2,63.8,3827,2173
68.36,68.74,97.19,9,18,22,0,1,45.67,49.23,2953,3047
77.7,68.56,81.15,17,16,8,0,1,43.23,46.16,2769,3231
59.34,98.41,100.0,12,18,30,0,1,58.39,62.37,3742,2258
60.96,87.24,90.11,16,19,26,0,-1,47.92,44.14,2648,3352
80.66,35.97,99.56,7,0,27,0,-1,28.88,22.91,1374,4626
81.54,81.63,98.17,10,3,21,0,1,65.34,66.71,4002,1998
78.82,71.04,82.16,17,15,10,0,0,46.0,45.9,2754,3246
90.28,82.3,97.94,10,7,3,0,0,72.77,72.09,4325,1675
68.55,69.09,100.0,9,12,24,0,-1,47.36,41.71,2502,3498
85.62,54.14,98.79,8,1,19,0,1,45.8,48.9,2933,3067
84.51,36.03,95.89,7,2,14,0,-1,29.2,24.05,1442,4558
62.67,86.81,85.69,16,20,26,0,-1,46.61,45.47,2728,3272
89.04,70.73,99.08,9,10,3,0,0,62.39,61.4,3684,2316
76.65,56.89,80.23,18,14,12,0,-1,34.98,32.42,1944,4056
70.15,70.73,83.5,17,18,17,0,0,41.43,40.96,2457,3543
90.26,86.9,96.63,10,6,8,0,0,75.79,74.88,4492,1508
71.92,95.83,97.26,14,14,21,0,-1,67.03,64.98,3899,2101
86.16,82.58,98.08,10,5,13,0,0,69.78,69.63,4177,1823
91.2,93.36,90.89,15,6,2,0,-1,77.39,72.35,4340,1660
93.95,67.09,84.0,17,3,6,0,0,52.95,51.66,3099,2901
79.7,35.43,95.03,7,4,28,0,-1,26.83,25.77,1546,4454
70.94,95.55,98.01,13,18,17,0,-1,66.43,60.56,3633,2367
77.86,100.0,98.67,12,5,21,0,1,76.83,80.2,4811,1189
66.98,57.76,75.73,18,20,16,0,0,29.3,28.5,1710,4290
75.06,95.87,98.67,14,6,26,0,0,71.01,71.67,4300,1700
64.18,82.5,100.0,10,18,26,0,1,52.95,57.99,3479,2521
76.48,95.71,98.95,12,11,19,0,1,72.43,78.14,4688,1312
90.1,72.81,98.83,9,2,14,0,-1,64.83,59.44,3566,2434
85.27,98.88,98.38,13,2,18,0,1,82.95,84.85,5090,910
88.25,93.04,90.72,15,9,3,0,0,74.49,73.66,4419,1581
81.97,56.95,97.6,8,15,7,0,0,45.56,48.56,2913,3087
70.22,35.33,96.83,7,19,17,0,0,24.02,22.95,1377,4623
94.95,96.36,96.88,12,0,7,0,1,88.63,93.79,5627,373
83.63,91.31,100.0,11,8,12,0,0,76.36,79.3,4757,1243
87.06,51.56,78.18,18,11,2,0,1,35.09,40.37,2422,3578
90.9,70.03,99.02,9,9,2,0,0,63.03,63.29,3797,2203
78.69,93.02,92.85,15,18,7,0,0,67.96,67.36,4041,1959
68.61,93.43,90.38,15,19,16,0,-1,57.94,55.48,3328,2672
89.83,82.08,86.92,16,1,17,0,0,64.09,65.23,3913,2087
87.18,51.93,76.57,18,3,18,0,1,34.67,37.67,2260,3740
78.38,95.63,96.94,11,20,0,0,0,72.66,72.99,4379,1621
80.73,34.57,98.58,7,10,13,0,-1,27.51,23.46,1407,4593
98.21,98.15,98.76,12,1,4,0,-1,95.2,93.14,5588,412
68.53,53.62,80.89,18,10,29,0,0,29.73,30.23,1814,4186
94.79,71.93,81.02,17,1,7,0,-1,55.25,53.21,3192,2808
62.95,85.36,87.47,16,19,22,0,0,47.0,45.68,2740,3260
85.68,35.32,97.42,7,11,2,0,0,29.48,29.82,1788,4212
61.53,99.52,99.79,13,19,23,0,0,61.11,61.02,3661,2339
70.57,77.7,80.23,16,2,28,1,0,43.99,45.07,2704,3296
62.72,94.17,93.58,15,15,30,0,1,55.27,57.76,3465,2535
97.72,57.07,76.0,18,1,3,0,1,42.39,43.51,2610,3390
79.95,94.25,94.69,15,7,20,0,0,71.36,70.31,4218,1782
77.85,97.8,95.95,12,13,15,0,0,73.05,72.14,4328,1672
91.26,93.09,97.18,11,7,0,0,-1,82.56,77.47,4648,1352
82.04,35.99,98.81,7,6,17,0,-1,29.18,25.39,1523,4477
88.55,98.67,99.28,13,0,17,0,1,86.73,89.97,5397,603
63.52,92.42,85.72,13,12,22,1,1,50.32,52.01,3120,2880
78.21,54.26,78.15,18,13,17,0,0,33.17,33.69,2021,3979
85.86,71.63,96.4,9,3,14,0,0,59.28,58.19,3491,2509
62.81,54.15,97.13,8,19,28,0,1,33.03,36.93,2215,3785
79.97,83.38,100.0,10,10,13,0,-1,66.68,59.63,3577,2423
93.95,90.07,100.0,10,7,2,0,0,84.62,85.55,5133,867
95.64,80.4,88.92,16,0,7,0,0,68.38,66.25,3974,2026
70.59,98.5,95.15,13,17,18,0,1,66.16,69.58,4174,1826
75.79,34.42,98.43,7,7,26,0,1,25.68,28.66,1719,4281
86.98,35.26,96.86,7,4,14,0,0,29.7,29.22,1753,4247
91.96,70.64,96.77,9,9,1,0,0,62.86,61.76,3705,2295
76.71,98.17,100.0,12,11,19,0,0,75.31,74.05,4442,1558
85.57,71.21,83.48,17,7,9,0,-1,50.87,48.84,2930,3070
70.81,98.71,98.65,13,15,21,0,0,68.94,69.37,4162,1838
97.37,55.05,97.67,8,2,2,0,0,52.35,53.01,3180,2820
79.9,91.74,96.72,11,17,6,0,1,70.9,73.61,4416,1584
69.55,57.43,77.47,18,11,28,0,0,30.95,30.41,1824,4176
69.45,84.08,98.49,10,14,22,0,0,57.51,57.72,3463,2537
72.56,94.18,99.78,11,11,24,0,0,68.18,69.12,4147,1853
71.37,94.44,93.38,15,9,27,0,0,62.93,63.76,3825,2175
83.51,70.54,84.4,17,7,16,0,0,49.72,49.68,2980,3020
73.64,93.64,98.49,11,10,22,0,0,67.91,69.05,4142,1858
82.57,97.75,92.83,15,16,3,0,1,74.93,77.05,4622,1378
70.85,100.0,98.1,13,19,15,0,-1,69.5,65.77,3946,2054
64.73,73.52,88.88,10,4,26,1,0,42.3,41.36,2481,3519
87.55,94.72,94.55,15,7,9,0,0,78.4,78.74,4724,1276
79.44,54.13,80.11,18,17,6,0,0,34.45,34.9,2094,3906
71.78,53.27,100.0,8,11,23,0,1,38.23,43.01,2580,3420
95.18,75.02,99.5,9,1,7,0,1,71.05,76.68,4600,1400
64.7,69.87,86.63,17,14,30,0,-1,39.16,36.67,2199,3801
86.49,92.08,91.12,14,1,8,1,0,72.56,72.57,4354,1646
73.18,96.25,97.6,11,18,12,0,1,68.74,72.5,4350,1650
93.53,55.23,97.79,8,1,8,0,0,50.52,50.71,3042,2958
77.54,87.2,89.31,16,12,15,0,0,60.39,59.95,3597,2403
77.53,34.37,98.62,7,12,12,0,-1,26.28,23.1,1386,4614
84.94,81.44,95.99,10,6,12,0,0,66.41,65.78,3946,2054
73.68,69.58,95.33,9,13,17,0,0,48.87,49.09,2945,3055
90.91,34.86,97.04,7,9,1,0,0,30.75,29.26,1755,4245
67.65,90.8,93.57,15,11,29,0,-1,57.48,55.89,3353,2647
67.08,83.92,87.67,16,10,29,0,0,49.35,48.8,2928,3072
77.46,92.02,96.05,11,18,6,0,-1,68.46,61.82,3708,2292
71.6,97.98,97.22,12,19,13,0,-1,68.21,62.53,3751,2249
80.3,54.26,76.91,18,1,25,0,0,33.51,32.77,1966,4034
67.08,49.06,89.93,8,17,12,1,1,29.6,35.81,2148,3852
71.13,73.65,81.71,17,9,27,0,0,42.81,42.27,2536,3464
77.93,92.26,90.3,15,14,13,0,1,64.92,71.55,4293,1707
77.3,85.36,89.06,16,16,8,0,-1,58.77,54.56,3273,2727
71.7,100.0,99.1,13,14,23,0,0,71.06,70.52,4230,1770
73.82,82.32,96.87,10,4,29,0,-1,58.87,55.87,3352,2648
93.35,73.18,84.78,17,8,2,0,0,57.92,57.23,3433,2567
77.03,80.26,99.59,10,17,9,0,0,61.57,60.93,3655,2345
72.77,96.6,97.82,12,18,12,0,0,68.76,69.57,4174,1826
76.59,34.82,97.83,7,19,8,0,0,26.09,26.23,1573,4427
79.01,98.71,96.9,12,8,21,0,1,75.57,78.53,4711,1289
81.91,72.8,82.95,17,19,0,0,0,49.46,49.51,2970,3030
81.37,57.02,97.89,8,9,18,0,-1,45.42,40.61,2436,3564
84.64,89.98,97.28,11,5,14,0,-1,74.08,70.9,4254,1746
77.0,90.94,89.6,14,0,14,1,0,62.74,63.33,3799,2201
79.01,33.03,96.88,7,11,15,0,0,25.28,25.52,1530,4470
81.08,70.84,80.77,17,17,6,0,0,46.39,45.78,2746,3254
88.9,100.0,97.49,13,1,18,0,0,86.66,87.86,5271,729
73.79,54.7,99.71,8,8,28,0,0,40.24,39.8,2387,3613
74.1,85.76,87.87,16,17,10,0,-1,55.84,50.63,3037,2963
89.18,100.0,99.0,14,5,8,0,0,88.3,87.6,5255,745
71.99,93.27,98.12,11,8,27,0,-1,65.89,62.19,3731,2269
65.12,76.37,95.3,10,20,5,1,0,47.39,45.96,2757,3243
66.66,72.6,98.07,9,19,20,0,0,47.46,47.76,2865,3135
86.58,30.0,94.84,7,7,3,1,-1,24.63,21.38,1282,4718
64.47,69.85,98.3,9,16,27,0,-1,44.26,40.56,2433,3567
88.7,97.37,95.03,12,1,17,0,-1,82.07,76.84,4610,1390
83.89,33.22,97.46,7,8,8,0,0,27.16,28.71,1722,4278
77.97,38.17,99.17,7,11,17,0,-1,29.51,25.73,1543,4457
85.84,85.5,86.57,16,7,11,0,0,63.53,62.95,3777,2223
85.6,56.55,97.9,8,2,16,0,-1,47.38,43.29,2597,3403
92.25,93.29,91.29,15,2,7,0,-1,78.56,75.92,4555,1445
68.81,81.45,87.69,16,11,26,0,0,49.14,49.26,2955,3045
84.46,73.32,82.34,17,13,2,0,1,50.99,56.0,3360,2640
95.75,93.55,97.68,11,4,0,0,-1,87.5,84.59,5075,925
80.89,99.83,96.77,12,10,13,0,1,78.14,81.96,4917,1083
63.77,98.38,96.42,12,15,30,0,0,60.49,60.56,3633,2367
80.4,93.69,98.83,11,19,0,0,0,74.44,75.02,4501,1499
88.0,68.14,98.02,9,11,1,0,-1,58.78,55.36,3321,2679
69.16,60.41,86.16,9,18,0,1,-1,36.0,34.5,2069,3931
77.21,80.21,96.34,10,10,16,0,0,59.66,59.02,3541,2459
65.14,54.83,77.21,18,16,25,0,0,27.58,28.06,1683,4317
67.07,83.51,89.85,16,11,30,0,0,50.32,49.67,2980,3020
70.55,81.47,98.46,10,12,26,0,0,56.59,57.4,3444,2556
85.13,84.41,88.31,16,1,21,0,0,63.46,63.59,3815,2185
89.02,55.62,78.16,18,4,12,0,1,38.7,43.45,2606,3394
78.52,72.21,81.93,17,2,30,0,-1,46.45,42.54,2552,3448
70.39,82.87,99.23,10,18,16,0,0,57.88,57.02,3421,2579
68.06,82.25,89.32,16,20,17,0,1,50.0,54.5,3269,2731
80.04,93.12,97.67,15,3,27,0,1,72.8,78.86,4731,1269
71.82,34.47,96.84,7,19,15,0,0,23.97,23.5,1410,4590
73.24,69.88,84.63,17,16,16,0,0,43.31,43.5,2610,3390
82.16,93.45,100.0,14,10,8,0,0,76.78,76.09,4565,1435
74.25,82.25,99.28,10,18,9,0,0,60.64,60.28,3616,2384
83.82,83.3,97.71,10,10,7,0,-1,68.23,63.88,3832,2168
76.68,94.37,88.62,12,7,14,1,0,64.13,65.03,3901,2099
82.88,97.26,99.95,12,3,22,0,-1,80.56,77.57,4654,1346
81.13,54.25,76.18,18,13,11,0,0,33.53,31.27,1876,4124
76.05,52.89,97.18,8,11,17,0,-1,39.09,36.31,2178,3822
67.41,96.92,99.82,12,20,15,0,1,65.21,70.13,4207,1793
82.15,97.12,96.71,14,13,7,0,0,77.16,76.08,4564,1436
76.17,84.1,88.66,16,4,29,0,1,56.8,60.69,3641,2359
66.58,98.37,95.88,13,18,21,0,1,62.79,64.22,3853,2147
81.93,94.88,98.34,11,9,10,0,0,76.44,75.99,4559,1441
97.06,97.98,99.18,12,3,2,0,0,94.32,94.43,5665,335
76.3,95.62,100.0,13,13,16,0,0,72.96,73.27,4396,1604
72.54,73.38,98.38,9,18,15,0,0,52.36,52.35,3141,2859
73.63,72.34,81.73,17,6,28,0,-1,43.53,41.38,2482,3518
95.24,97.68,98.92,14,0,5,0,-1,92.03,88.84,5330,670
67.19,95.12,98.12,11,17,22,0,1,62.71,69.54,4172,1828
95.17,53.72,76.45,18,3,4,0,0,39.09,38.89,2333,3667
84.96,33.32,98.89,7,13,0,0,-1,28.0,22.72,1363,4637
85.87,55.6,100.0,8,4,16,0,1,47.74,53.73,3223,2777
79.77,100.0,99.0,13,13,11,0,1,78.97,81.69,4901,1099
77.09,53.57,80.14,18,17,7,0,0,33.1,34.96,2097,3903
90.61,56.07,79.01,18,9,3,0,-1,40.14,37.69,2261,3739
69.08,96.48,98.47,12,18,19,0,-1,65.63,62.4,3744,2256
91.02,44.81,75.58,18,1,2,1,1,30.83,35.1,2106,3894
64.07,96.88,96.9,12,14,29,0,0,60.15,59.99,3599,2401
69.33,100.0,97.94,13,20,14,0,0,67.9,68.24,4094,1906
81.8,55.07,78.78,18,13,9,0,0,35.49,37.08,2224,3776
82.55,98.23,96.8,14,4,23,0,-1,78.5,76.5,4589,1411
82.73,85.45,86.26,16,16,2,0,0,60.99,59.8,3588,2412
85.49,71.21,99.66,9,0,18,0,0,60.67,61.46,3687,2313
74.14,86.37,90.6,16,11,21,0,1,58.01,63.1,3786,2214
79.65,100.0,100.0,13,10,14,0,-1,79.65,77.2,4631,1369
73.3,53.06,78.31,18,18,8,0,0,30.46,30.38,1822,4178
88.14,52.03,95.8,8,7,9,0,-1,43.93,40.72,2443,3557
70.84,33.9,98.87,7,18,16,0,-1,23.74,16.09,965,5035
67.85,83.14,87.74,16,16,27,0,-1,49.5,46.48,2788,3212
83.71,89.69,98.74,11,10,12,0,0,74.13,73.52,4411,1589
74.83,98.2,100.0,12,5,30,0,0,73.49,72.72,4363,1637
82.1,71.85,99.46,9,1,26,0,1,58.67,63.95,3836,2164
84.8,56.36,78.03,18,6,13,0,0,37.29,37.51,2250,3750
81.99,92.75,92.2,15,8,18,0,-1,70.12,65.04,3902,2098
89.1,96.33,97.09,12,3,11,0,0,83.33,84.27,5056,944
93.02,91.95,99.27,11,5,3,0,1,84.92,88.86,5331,669
81.18,96.8,97.75,14,14,7,0,0,76.82,76.93,4616,1384
68.99,74.46,100.0,9,9,30,0,1,51.37,56.92,3415,2585
75.96,84.62,86.84,16,3,29,0,1,55.82,57.86,3471,2529
97.94,92.49,97.21,11,4,3,0,1,88.05,91.8,5508,492
94.12,92.44,94.58,15,5,0,0,0,82.29,82.72,4963,1037
76.64,82.33,89.75,16,1,30,0,0,56.63,58.12,3487,2513
66.03,90.22,93.15,15,17,25,0,-1,55.49,51.34,3080,2920
93.5,97.46,100.0,14,0,11,0,0,91.13,90.62,5437,563
71.32,88.06,100.0,10,9,30,0,-1,62.8,58.21,3492,2508
73.48,99.7,95.13,13,14,16,0,-1,69.69,68.55,4113,1887
70.09,95.52,98.97,14,9,29,0,0,66.26,65.29,3917,2083
87.95,56.85,97.18,8,3,14,0,1,48.59,53.43,3205,2795
89.97,98.33,95.93,14,8,2,0,0,84.87,84.22,5053,947
71.9,72.47,99.86,9,8,23,0,1,52.03,56.13,3367,2633
79.3,96.67,96.81,12,2,23,0,1,74.21,80.59,4835,1165
93.52,55.32,78.29,18,2,10,0,-1,40.51,37.78,2266,3734
83.67,99.01,100.0,12,8,14,0,-1,82.84,80.28,4816,1184
82.85,91.67,93.2,15,2,22,0,1,70.78,74.09,4445,1555
85.71,34.95,98.63,7,13,3,0,-1,29.54,25.32,1518,4482
86.74,93.87,94.14,15,10,6,0,0,76.65,75.46,4527,1473
77.05,93.33,93.29,15,20,1,0,-1,67.09,60.93,3655,2345
96.95,72.96,81.37,17,0,7,0,1,57.55,59.21,3552,2448
78.45,100.0,98.89,13,7,21,0,-1,77.58,73.5,4409,1591
84.81,93.98,98.44,14,4,15,0,-1,78.46,75.99,4559,1441
78.67,55.71,77.77,18,15,9,0,1,34.09,37.23,2233,3767
75.06,71.13,81.34,17,2,30,0,-1,43.43,40.82,2449,3551
92.3,55.27,78.98,18,6,0,0,0,40.29,40.64,2438,3562
86.47,100.0,98.17,13,2,15,0,-1,84.89,80.21,4812,1188
94.31,86.48,98.28,10,5,1,0,-1,80.16,76.15,4569,1431
71.98,96.2,99.24,11,19,12,0,-1,68.72,65.17,3910,2090
73.42,83.7,99.8,10,20,11,0,-1,61.33,55.92,3355,2645
77.73,72.68,83.73,17,5,28,0,0,47.3,46.55,2792,3208
72.34,91.45,96.45,11,7,28,0,0,63.81,64.36,3861,2139
72.2,91.06,98.02,11,15,15,0,0,64.44,65.11,3906,2094
75.23,71.44,84.57,17,12,19,0,1,45.45,48.32,2899,3101
91.26,96.93,98.36,14,9,3,0,0,87.01,86.63,5197,803
76.83,80.52,97.48,10,3,30,0,1,60.31,65.25,3915,2085
80.24,87.81,98.71,11,13,14,0,0,69.55,68.26,4095,1905
79.34,96.05,96.34,12,7,21,0,-1,73.41,68.42,4105,1895
66.93,68.89,98.81,9,14,30,0,0,45.56,47.11,2826,3174
89.9,97.71,97.94,12,3,11,0,0,86.03,87.61,5256,744
61.17,43.42,71.89,18,12,22,1,0,19.09,20.09,1205,4795
65.79,66.17,99.15,9,15,26,0,1,43.16,48.74,2924,3076
71.34,100.0,99.27,14,19,13,0,-1,70.82,66.25,3974,2026
86.42,33.49,98.64,7,9,8,0,1,28.54,31.65,1899,4101
86.07,100.0,96.72,13,1,17,0,1,83.24,89.84,5390,610
83.33,94.19,100.0,11,10,13,0,1,78.49,82.21,4932,1068
78.59,98.34,99.4,14,13,12,0,0,76.83,77.47,4648,1352
93.14,88.61,96.51,11,1,8,0,0,79.65,78.77,4726,1274
87.56,99.22,98.95,14,7,10,0,0,85.96,86.61,5196,804
88.95,71.22,80.31,17,1,9,0,-1,50.88,47.6,2855,3145
63.22,81.56,99.44,10,18,28,0,0,51.28,51.79,3107,2893
78.26,71.5,98.02,9,17,6,0,0,54.85,54.84,3290,2710
75.49,70.42,81.89,17,3,30,0,0,43.54,44.39,2663,3337
75.75,85.62,89.82,16,19,10,0,-1,58.26,55.15,3308,2692
78.59,92.44,92.14,15,0,30,0,0,66.93,66.57,3994,2006
83.78,54.64,78.3,18,0,25,0,0,35.84,36.01,2160,3840
80.74,100.0,99.14,13,2,24,0,1,80.05,84.89,5093,907
82.23,100.0,95.94,12,17,2,0,-1,78.89,74.93,4495,1505
87.99,89.83,92.73,15,6,11,0,-1,73.29,68.08,4085,1915
74.4,70.38,99.08,9,17,12,0,1,51.88,57.55,3453,2547
73.85,84.12,98.86,10,9,25,0,1,61.41,63.8,3827,2173
78.31,94.58,94.88,12,10,13,0,0,70.28,70.95,4257,1743
65.32,85.29,98.09,10,17,23,0,0,54.64,54.81,3288,2712
100.0,86.46,97.2,10,0,1,0,1,84.04,88.34,5300,700
87.4,90.46,93.43,15,3,16,0,0,73.87,72.34,4340,1660
87.21,96.91,100.0,13,15,1,0,1,84.51,85.43,5125,875
95.48,90.45,95.98,11,0,7,0,0,82.89,83.09,4985,1015
92.06,74.86,83.22,17,7,1,0,1,57.35,61.24,3674,2326
74.82,53.69,97.86,8,12,20,0,0,39.31,39.62,2377,3623
79.16,98.67,97.08,13,4,26,0,0,75.83,76.0,4559,1441
73.02,55.4,76.95,18,8,27,0,-1,31.13,28.98,1738,4262
69.27,54.9,99.1,8,16,23,0,1,37.69,42.63,2557,3443
81.61,44.44,76.64,18,13,0,1,0,27.79,28.43,1706,4294
69.76,38.01,100.0,7,17,19,0,0,26.52,25.23,1514,4486
80.67,72.88,97.24,9,3,23,0,0,57.17,58.53,3511,2489
82.85,84.36,89.33,16,12,6,0,0,62.44,62.75,3764,2236
73.96,82.29,87.97,16,9,25,0,0,53.54,53.05,3182,2818
75.84,97.98,95.73,12,13,16,0,0,71.14,71.48,4288,1712
94.88,53.95,77.68,18,0,9,0,1,39.76,42.93,2575,3425
90.02,85.8,96.83,10,3,8,0,0,74.79,74.54,4472,1528
73.87,71.14,81.72,17,18,15,0,0,42.94,43.59,2615,3385
84.01,98.92,99.71,13,9,13,0,-1,82.87,80.15,4809,1191
71.79,88.75,88.6,13,17,8,1,0,56.45,57.57,3454,2546
71.62,97.43,96.05,14,9,29,0,1,67.02,72.79,4367,1633
78.73,85.39,85.66,15,7,12,1,1,57.59,58.31,3498,2502
64.95,94.71,96.29,14,12,30,0,0,59.23,58.38,3502,2498
68.85,97.8,99.07,12,17,22,0,-1,66.71,63.21,3792,2208
82.66,83.44,100.0,10,18,0,0,0,68.97,68.3,4098,1902
82.94,100.0,97.91,13,7,14,0,-1,81.2,77.58,4654,1346
80.71,86.2,89.9,16,3,20,0,-1,62.54,60.24,3614,2386
77.91,69.94,98.75,9,20,2,0,-1,53.81,50.48,3028,2972
74.42,69.07,99.87,9,6,27,0,0,51.34,52.41,3144,2856
77.12,99.46,95.6,14,18,7,0,0,73.33,73.01,4380,1620
87.98,51.06,98.75,8,4,12,0,0,44.36,43.93,2635,3365
61.37,75.35,76.14,16,15,16,1,0,35.21,35.88,2152,3848
66.87,55.26,75.67,18,18,24,0,-1,27.96,23.91,1434,4566
84.78,99.18,96.15,14,8,13,0,1,80.84,82.32,4939,1061
95.07,100.0,95.6,12,4,1,0,0,90.89,90.7,5442,558
70.67,99.7,97.78,12,18,19,0,0,68.89,68.74,4124,1876
94.77,100.0,97.07,13,0,8,0,-1,91.99,87.04,5222,778
74.28,94.06,91.24,15,15,17,0,-1,63.75,59.89,3593,2407
85.76,68.16,82.67,17,7,10,0,0,48.32,48.78,2926,3074
74.17,97.18,97.12,14,15,16,0,-1,70.0,64.79,3887,2113
79.16,53.2,78.18,18,2,29,0,0,32.92,32.98,1978,4022
72.64,55.71,96.43,8,13,22,0,0,39.02,37.95,2277,3723
85.31,56.74,99.5,8,12,4,0,-1,48.16,42.41,2544,3456
67.41,70.13,99.78,9,16,23,0,1,47.17,49.71,2982,3018
67.12,82.19,99.01,10,14,27,0,-1,54.62,47.73,2863,3137
75.88,35.84,98.28,7,13,15,0,1,26.72,29.37,1762,4238
72.9,86.96,84.12,15,15,4,1,0,53.33,53.42,3205,2795
73.89,55.75,79.89,18,17,13,0,0,32.91,32.9,1974,4026
92.86,97.22,99.2,13,0,9,0,-1,89.56,86.83,5209,791
81.2,96.7,97.99,11,8,16,0,0,76.95,78.01,4680,1320
61.92,97.87,96.97,12,19,28,0,1,58.77,61.74,3704,2296
92.19,70.1,82.69,17,5,4,0,-1,53.44,48.4,2904,3096
79.01,72.47,81.53,17,6,25,0,-1,46.68,43.84,2630,3370
77.68,56.97,76.3,18,11,16,0,0,33.77,32.73,1963,4037
84.21,84.39,87.29,16,8,15,0,-1,62.04,58.08,3484,2516
94.52,98.4,99.0,12,4,5,0,1,92.08,96.26,5775,225
94.37,94.93,97.97,14,0,10,0,0,87.77,89.82,5389,611
94.07,97.78,97.44,13,5,4,0,-1,89.63,84.18,5050,950
70.14,30.0,88.06,7,9,22,1,0,18.53,17.77,1066,4934
78.95,83.24,96.24,10,6,22,0,-1,63.25,60.82,3649,2351
87.24,97.93,97.16,14,10,3,0,0,83.01,81.5,4890,1110
73.09,40.08,100.0,7,19,14,0,0,29.29,28.1,1685,4315
93.47,83.94,91.61,16,5,2,0,-1,71.88,67.39,4043,1957
84.38,93.59,94.55,15,7,11,0,0,74.66,75.15,4508,1492
78.36,70.21,83.8,17,0,29,0,0,46.1,44.03,2642,3358
87.82,84.41,98.23,10,8,9,0,1,72.82,76.47,4588,1412
67.11,95.85,99.18,13,18,23,0,-1,63.8,60.22,3612,2388
68.1,82.38,88.94,16,12,29,0,-1,49.89,44.56,2673,3327
64.78,89.15,94.14,15,20,21,0,-1,54.37,50.31,3018,2982
79.36,80.18,76.34,16,4,3,1,0,48.58,49.01,2940,3060
89.34,56.71,76.1,18,6,8,0,0,38.56,40.38,2422,3578
79.43,70.95,98.56,9,8,18,0,1,55.55,58.84,3530,2470
69.26,94.74,93.5,15,18,20,0,1,61.35,64.87,3892,2108
64.78,97.0,98.66,12,18,24,0,0,62.0,62.32,3738,2262
73.5,80.34,90.25,16,19,8,0,0,53.29,52.17,3130,2870
64.09,54.35,77.96,18,19,21,0,-1,27.15,21.04,1262,4738
96.07,80.74,98.03,10,5,0,0,0,76.04,76.28,4576,1424
90.97,82.98,96.94,10,6,2,0,1,73.18,77.32,4639,1361
93.85,82.29,88.22,16,4,4,0,-1,68.13,65.36,3921,2079
88.1,32.57,99.48,7,10,2,0,0,28.55,29.89,1793,4207
84.89,33.1,99.24,7,4,16,0,1,27.89,34.49,2069,3931
76.79,99.34,96.11,13,15,10,0,-1,73.32,69.82,4188,1812
81.48,50.12,98.07,8,7,17,0,1,40.05,44.23,2653,3347
72.06,90.47,86.26,13,15,11,1,-1,56.23,53.38,3203,2797
77.89,91.33,92.15,15,10,16,0,0,65.56,66.85,4010,1990
63.89,52.85,98.66,8,19,26,0,0,33.31,32.92,1975,4025
75.46,81.07,97.92,10,5,30,0,0,59.9,58.96,3537,2463
76.4,71.0,83.45,17,8,22,0,1,45.27,47.85,2871,3129
70.84,97.76,99.08,13,17,14,0,0,68.61,68.31,4098,1902
76.3,95.39,95.42,14,8,21,0,1,69.45,71.23,4273,1727
73.63,98.89,98.6,13,20,11,0,-1,71.79,68.48,4108,1892
67.35,97.66,100.0,12,14,24,0,1,65.78,72.25,4334,1666
83.26,55.63,77.94,18,13,6,0,1,36.1,41.01,2460,3540
78.51,82.88,99.2,10,12,11,0,1,64.55,67.23,4033,1967
94.21,54.52,76.47,18,0,6,0,1,39.28,41.96,2517,3483
92.89,96.04,94.22,15,6,0,0,1,84.05,88.02,5281,719
77.34,97.73,96.96,12,3,29,0,1,73.29,77.24,4634,1366
65.23,94.62,97.17,11,16,29,0,-1,59.98,58.41,3504,2496
85.22,93.56,97.55,11,1,20,0,-1,77.78,76.77,4605,1395
85.75,99.21,98.86,14,12,1,0,0,84.11,84.16,5049,951
86.8,58.58,76.69,18,8,8,0,-1,39.0,33.94,2036,3964
80.95,85.94,83.77,16,0,27,0,1,58.28,62.55,3753,2247
70.61,99.4,99.43,14,19,20,0,0,69.78,69.7,4181,1819
83.06,96.56,97.2,14,15,5,0,0,77.96,78.46,4707,1293
61.16,98.4,99.44,14,20,24,0,1,59.84,63.49,3809,2191
91.31,58.07,96.98,8,1,11,0,0,51.42,52.48,3148,2852
60.61,33.65,99.96,7,19,28,0,0,20.39,21.67,1299,4701
82.16,54.9,76.68,18,4,22,0,1,34.59,40.65,2439,3561
87.34,71.28,99.43,9,2,13,0,0,61.9,60.77,3646,2354
90.25,53.4,99.16,8,1,14,0,0,47.79,47.63,2858,3142
90.59,71.33,80.09,17,1,10,0,1,51.75,53.59,3215,2785
69.24,88.12,94.99,15,8,27,0,0,57.96,57.88,3473,2527
66.09,84.34,98.04,10,20,19,0,0,54.65,54.18,3250,2750
93.44,56.55,77.72,18,0,10,0,1,41.07,45.96,2757,3243
75.82,95.78,98.94,12,5,28,0,0,71.86,71.77,4306,1694
76.41,84.54,88.4,16,11,16,0,0,57.1,56.92,3415,2585
79.96,35.43,96.39,7,12,13,0,-1,27.3,21.43,1285,4715
95.22,70.07,82.4,17,1,2,0,0,54.98,54.9,3293,2707
80.73,81.72,97.82,10,16,4,0,-1,64.54,59.09,3545,2455
85.33,53.38,97.1,8,5,14,0,0,44.23,44.53,2671,3329
78.3,32.29,100.0,7,8,19,0,0,25.28,25.97,1558,4442
75.88,80.61,97.11,10,16,13,0,1,59.39,61.75,3705,2295
95.88,59.12,76.43,18,0,9,0,0,43.33,43.44,2606,3394
74.45,89.07,99.7,11,17,11,0,1,66.11,68.56,4113,1887
64.03,98.54,97.67,14,18,26,0,-1,61.63,58.46,3507,2493
85.45,84.5,87.83,16,14,2,0,0,63.42,64.39,3863,2137
94.67,53.14,96.55,8,2,5,0,-1,48.57,44.07,2644,3356
78.99,71.81,96.92,9,10,18,0,-1,54.97,51.87,3112,2888
63.43,30.0,85.46,7,5,25,1,0,16.26,16.59,995,5005
78.72,31.44,99.81,7,6,20,0,0,24.7,24.91,1494,4506
86.38,94.14,98.19,12,14,2,0,-1,79.84,74.39,4463,1537
75.04,85.46,99.23,10,9,26,0,-1,63.64,58.47,3508,2492
90.7,82.83,97.84,10,4,9,0,1,73.51,76.29,4577,1423
81.52,47.41,72.09,18,9,5,1,0,27.86,29.47,1768,4232
82.1,96.25,97.7,11,4,18,0,1,77.21,81.36,4881,1119
88.46,86.27,96.76,10,6,8,0,1,73.85,81.11,4866,1134
83.29,70.57,98.14,9,9,8,0,0,57.68,57.2,3431,2569
80.13,52.23,76.52,18,14,8,0,-1,32.02,30.15,1808,4192
76.29,95.76,97.46,12,18,11,0,0,71.19,70.69,4241,1759
68.64,94.51,99.3,12,20,16,0,1,64.41,68.0,4079,1921
92.94,74.2,80.34,17,5,1,0,0,55.4,54.35,3260,2740
84.71,86.29,88.67,16,12,4,0,0,64.82,65.05,3903,2097
78.56,97.19,92.71,15,18,6,0,0,70.78,70.62,4237,1763
82.09,56.97,77.18,18,13,11,0,-1,36.1,31.54,1892,4108
84.86,69.26,83.22,17,9,6,0,-1,48.91,45.05,2702,3298
64.68,89.66,89.89,15,17,26,0,-1,52.13,46.59,2795,3205
84.42,89.06,99.69,11,2,16,0,-1,74.95,69.76,4185,1815
82.49,93.62,97.8,11,6,14,0,-1,75.54,71.73,4304,1696
68.69,54.52,97.35,8,16,21,0,0,36.46,36.51,2190,3810
78.12,62.14,70.3,17,5,15,1,0,34.13,34.79,2087,3913
72.44,72.37,99.19,9,14,18,0,-1,52.0,49.15,2948,3052
66.01,76.01,79.02,16,12,21,1,0,39.65,41.73,2503,3497
92.0,85.06,89.26,16,1,10,0,0,69.85,69.05,4143,1857
82.75,54.13,76.3,18,3,20,0,1,34.18,39.18,2351,3649
87.47,33.26,99.82,7,5,13,0,0,29.04,29.55,1772,4228
81.47,100.0,99.22,14,10,10,0,-1,80.83,76.17,4570,1430
73.58,54.5,100.0,8,5,29,0,0,40.1,39.02,2341,3659
88.86,97.01,97.76,12,9,5,0,0,84.27,85.04,5102,898
80.3,97.34,97.75,14,17,5,0,-1,76.41,71.64,4298,1702
72.5,96.62,93.47,14,19,14,0,-1,65.47,61.78,3706,2294
71.3,53.87,78.75,18,13,23,0,1,30.25,34.7,2081,3919
75.98,88.78,95.65,10,8,23,0,-1,64.53,61.2,3671,2329
67.93,95.53,97.05,12,15,21,0,0,62.98,63.24,3794,2206
90.03,99.52,100.0,13,9,1,0,-1,89.59,84.4,5063,937
82.64,81.86,98.38,10,16,3,0,0,66.56,67.09,4025,1975
70.33,99.28,100.0,13,13,24,0,0,69.82,70.56,4233,1767
72.64,93.65,99.9,11,18,12,0,1,67.96,70.94,4256,1744
80.55,71.1,97.53,9,16,5,0,-1,55.86,49.84,2990,3010
79.08,88.68,90.94,16,16,6,0,0,63.77,65.1,3906,2094
88.02,80.26,75.65,16,4,4,1,-1,53.45,47.79,2867,3133
91.31,38.82,100.0,7,2,9,0,-1,35.45,30.36,1821,4179
82.99,73.93,96.05,9,11,14,0,-1,58.93,55.15,3308,2692
87.0,100.0,100.0,14,0,21,0,0,87.0,87.68,5260,740
59.5,62.93,89.8,9,6,28,1,0,33.63,33.22,1993,4007
83.27,73.06,97.58,9,9,9,0,0,59.36,59.67,3579,2421
89.01,55.36,98.47,8,5,7,0,0,48.52,49.63,2977,3023
86.9,83.99,98.46,10,13,2,0,1,71.86,77.09,4625,1375
64.47,72.12,96.61,9,17,27,0,-1,44.92,38.55,2313,3687
80.27,37.55,100.0,7,15,5,0,0,30.14,30.19,1811,4189
86.79,96.48,97.01,12,3,15,0,-1,81.24,77.49,4649,1351
73.6,100.0,97.74,13,6,29,0,1,71.93,75.52,4531,1469
74.6,99.61,100.0,13,14,22,0,-1,74.31,73.02,4381,1619
77.52,47.12,86.38,8,12,4,1,0,31.55,31.6,1896,4104
90.45,97.34,98.64,12,4,12,0,0,86.84,86.82,5209,791
73.08,97.32,99.95,12,9,26,0,1,71.08,75.6,4535,1465
72.43,96.99,96.76,13,19,12,0,1,67.98,72.83,4369,1631
70.37,98.62,98.87,12,15,21,0,0,68.61,70.43,4225,1775
78.58,57.42,78.33,18,18,0,0,1,35.34,37.2,2231,3769
80.82,81.76,86.73,16,5,24,0,0,57.31,56.01,3360,2640
70.13,73.48,91.02,10,11,11,1,0,46.9,45.52,2731,3269
64.36,96.19,98.54,12,16,26,0,-1,61.0,59.07,3544,2456
55.26,76.45,80.56,16,12,29,1,-1,34.03,31.0,1860,4140
86.1,86.57,96.74,10,4,15,0,0,72.1,71.36,4281,1719
95.46,84.94,98.02,10,1,6,0,1,79.49,82.67,4960,1040
80.0,49.68,98.84,8,10,12,0,-1,39.28,35.65,2138,3862
88.71,99.25,99.51,13,4,9,0,-1,87.61,83.44,5006,994
81.31,70.51,85.46,17,15,1,0,1,49.0,51.36,3081,2919
91.8,100.0,96.81,13,5,5,0,-1,88.87,85.29,5117,883
87.31,94.76,92.22,15,3,14,0,1,76.3,81.35,4881,1119
83.24,97.35,97.54,12,3,20,0,0,79.04,79.03,4741,1259
95.64,99.47,98.23,13,0,5,0,0,93.45,95.05,5703,297
85.5,96.44,100.0,12,4,18,0,0,82.46,83.7,5022,978
70.55,90.1,93.43,15,12,21,0,0,59.39,59.0,3539,2461
89.89,100.0,97.44,14,0,15,0,-1,87.59,82.96,4977,1023
78.77,69.45,85.54,17,12,13,0,0,46.8,49.2,2952,3048
82.21,36.19,97.84,7,9,13,0,1,29.11,32.0,1920,4080
84.69,69.23,82.47,17,3,19,0,0,48.35,48.39,2903,3097
75.59,100.0,96.69,14,16,11,0,-1,73.09,67.8,4067,1933
70.63,53.89,77.72,18,10,27,0,0,29.58,29.47,1768,4232
78.75,88.75,80.07,15,11,3,1,-1,55.96,50.37,3021,2979
66.82,99.06,96.15,13,17,24,0,0,63.65,62.68,3760,2240
93.84,100.0,98.29,13,2,4,0,1,92.23,94.11,5646,354
63.18,43.89,66.98,18,18,8,1,0,18.57,18.39,1103,4897
66.66,79.32,96.56,10,16,26,0,0,51.05,51.57,3093,2907
77.58,85.65,87.29,16,14,13,0,1,58.01,59.58,3574,2426
96.04,94.51,97.28,11,1,3,0,0,88.29,87.73,5264,736
79.47,94.59,98.99,14,14,11,0,0,74.41,77.1,4626,1374
66.16,37.08,98.37,7,19,21,0,0,24.13,26.16,1569,4431
83.54,96.37,97.59,12,8,13,0,0,78.57,76.97,4618,1382
73.62,98.36,96.04,12,9,24,0,0,69.54,69.22,4153,1847
75.78,33.74,100.0,7,17,8,0,0,25.57,23.84,1430,4570
82.77,72.12,96.83,9,9,11,0,0,57.8,58.07,3483,2517
89.44,97.36,97.56,13,0,14,0,0,84.96,85.23,5113,887
79.68,98.27,97.29,12,9,20,0,1,76.17,78.84,4730,1270
71.49,51.72,97.57,8,11,23,0,1,36.07,39.44,2366,3634
84.1,57.25,77.02,18,12,7,0,1,37.08,39.62,2377,3623
96.21,90.67,95.44,15,3,4,0,0,83.26,83.02,4981,1019
82.94,54.89,77.13,18,4,20,0,-1,35.12,31.74,1904,4096
78.66,91.71,98.72,11,11,14,0,1,71.22,74.37,4462,1538
70.22,84.31,98.25,10,16,18,0,-1,58.16,56.81,3408,2592
80.86,58.88,100.0,8,10,11,0,-1,47.61,43.89,2633,3367
61.99,82.83,89.16,16,20,25,0,-1,45.78,42.04,2522,3478
67.37,100.0,99.52,13,16,23,0,0,67.05,66.57,3994,2006
67.67,54.13,96.4,8,10,29,0,0,35.31,36.12,2166,3834
80.07,73.8,83.73,17,9,13,0,0,49.48,49.88,2992,3008
97.92,100.0,96.48,13,0,5,0,1,94.47,100.0,6000,0
62.74,96.12,99.0,11,20,23,0,-1,59.71,55.18,3311,2689
79.79,100.0,95.09,13,3,25,0,-1,75.87,75.07,4504,1496
64.36,85.69,92.71,11,9,19,1,0,51.13,53.47,3207,2793
64.67,93.07,91.36,15,17,27,0,1,54.99,62.53,3751,2249
90.33,50.45,76.61,18,1,11,0,-1,34.91,29.17,1750,4250
83.04,82.59,97.23,10,13,8,0,-1,66.68,60.63,3637,2363
82.29,71.8,97.14,9,8,16,0,0,57.4,58.25,3494,2506
85.71,71.24,80.81,17,1,19,0,-1,49.34,45.68,2740,3260
84.27,75.76,98.84,9,9,8,0,0,63.1,61.58,3694,2306
84.66,35.24,98.22,7,13,6,0,0,29.3,28.14,1688,4312
73.57,37.9,98.07,7,13,21,0,0,27.35,28.31,1698,4302
86.14,71.07,96.89,9,8,8,0,0,59.31,58.54,3512,2488
63.99,95.22,97.86,14,19,25,0,1,59.63,66.56,3993,2007
89.32,95.59,99.21,12,3,7,0,-1,84.71,81.5,4889,1111
87.83,55.86,78.8,18,10,7,0,1,38.66,39.84,2390,3610
62.22,91.33,96.4,11,19,26,0,-1,54.79,51.61,3096,2904
65.46,100.0,95.13,13,20,19,0,1,62.27,66.91,4014,1986
64.87,100.0,97.89,13,15,29,0,0,63.5,62.39,3743,2257
94.7,89.43,90.78,15,0,10,0,1,76.88,80.13,4807,1193
81.43,100.0,99.55,12,14,4,0,0,81.07,82.3,4938,1062
79.28,97.99,97.15,14,15,6,0,0,75.48,74.77,4486,1514
79.17,92.31,93.82,15,5,21,0,0,68.57,69.53,4171,1829
83.39,97.63,97.82,13,8,12,0,-1,79.64,77.66,4659,1341
82.68,87.82,89.24,16,2,20,0,1,64.8,69.3,4158,1842
95.73,98.31,98.0,12,2,6,0,1,92.24,97.86,5871,129
83.59,93.83,94.04,15,11,9,0,0,73.76,74.75,4484,1516
82.15,92.33,99.98,11,10,14,0,-1,75.83,71.47,4288,1712
83.82,37.03,97.42,7,4,19,0,0,30.24,31.74,1904,4096
68.66,73.35,83.69,16,5,19,1,1,42.15,48.15,2888,3112
67.93,100.0,98.16,13,13,24,0,0,66.68,67.47,4048,1952
80.72,32.43,100.0,7,9,17,0,0,26.18,27.97,1678,4322
80.4,51.4,77.5,18,15,7,0,-1,32.03,29.93,1796,4204
86.31,96.46,93.55,15,4,12,0,-1,77.88,72.67,4359,1641
89.24,54.62,97.36,8,3,12,0,0,47.45,46.01,2760,3240
83.74,76.57,89.22,10,6,3,1,0,57.21,58.04,3482,2518
85.35,85.17,86.53,16,9,5,0,0,62.9,60.83,3649,2351
74.27,72.35,99.14,9,12,17,0,0,53.27,52.0,3120,2880
73.18,99.48,98.62,13,11,24,0,0,71.79,71.11,4266,1734
67.58,84.26,96.5,10,13,28,0,0,54.95,53.6,3216,2784
86.59,85.64,88.28,16,8,10,0,-1,65.47,61.58,3694,2306
81.11,73.68,82.98,17,3,21,0,0,49.59,47.59,2855,3145
62.52,70.46,82.76,17,20,24,0,0,36.45,34.53,2071,3929
77.56,74.91,85.06,17,10,16,0,0,49.42,50.99,3059,2941
72.97,91.91,89.44,15,17,12,0,0,59.98,59.51,3570,2430
75.94,83.36,98.53,10,12,15,0,0,62.37,61.48,3689,2311
72.87,96.9,96.0,14,9,26,0,1,67.78,75.18,4510,1490
86.47,70.87,98.74,9,5,12,0,0,60.51,58.68,3520,2480
87.42,91.04,98.5,11,0,17,0,-1,78.39,73.15,4389,1611
74.61,98.49,98.22,14,20,5,0,0,72.17,72.16,4329,1671
88.96,69.31,83.24,17,3,12,0,0,51.32,51.08,3064,2936
71.11,81.89,88.24,16,20,13,0,1,51.39,56.4,3384,2616
80.39,100.0,99.23,13,6,20,0,0,79.77,78.37,4701,1299
78.68,33.09,99.32,7,19,7,0,0,25.86,26.6,1596,4404
68.45,74.98,98.29,9,19,19,0,0,50.44,50.34,3020,2980
84.22,92.25,93.39,15,2,19,0,0,72.56,71.14,4268,1732
67.01,80.08,89.06,16,13,30,0,0,47.79,47.55,2852,3148
78.94,35.55,95.7,7,10,19,0,0,26.86,27.24,1634,4366
82.92,86.25,97.54,10,5,18,0,1,69.75,74.26,4455,1545
75.82,69.41,82.9,17,2,30,0,-1,43.63,38.92,2335,3665
63.8,58.85,77.32,18,19,28,0,1,29.03,32.81,1968,4032
73.56,98.43,98.82,13,17,16,0,1,71.55,77.11,4626,1374
79.62,71.37,98.15,9,14,11,0,-1,55.77,50.01,3000,3000
83.88,83.55,100.0,10,5,15,0,0,70.09,68.95,4137,1863
89.67,55.13,79.89,18,6,10,0,1,39.49,41.26,2475,3525
96.19,53.98,99.14,8,0,6,0,-1,51.48,46.96,2817,3183
76.98,97.48,100.0,14,7,21,0,0,75.03,76.81,4608,1392
80.27,83.23,87.09,16,14,7,0,-1,58.18,51.27,3076,2924
62.55,93.58,92.72,14,16,20,1,0,54.27,52.73,3163,2837
64.74,53.02,96.37,8,19,26,0,1,33.08,36.97,2217,3783
81.97,73.75,96.92,9,7,14,0,-1,58.59,51.57,3093,2907
83.7,53.82,98.22,8,0,23,0,-1,44.24,41.77,2505,3495
68.59,71.58,83.0,17,13,27,0,1,40.75,43.43,2605,3395
80.48,94.48,89.51,14,12,2,1,0,68.06,67.86,4071,1929
72.31,100.0,97.32,13,8,28,0,0,70.37,69.98,4198,1802
71.46,44.91,67.49,18,17,3,1,0,21.66,22.48,1348,4652
67.3,54.24,76.4,18,19,20,0,1,27.89,34.4,2064,3936
90.47,53.3,78.03,18,0,14,0,0,37.62,37.77,2266,3734
92.76,95.92,98.82,14,1,9,0,-1,87.93,80.65,4838,1162
92.83,56.32,77.94,18,1,11,0,0,40.75,39.98,2398,3602
68.77,100.0,95.28,13,16,20,0,0,65.52,64.72,3882,2118
75.61,74.56,80.99,17,14,13,0,-1,45.66,40.91,2454,3546
79.38,58.34,98.08,8,4,27,0,0,45.42,45.9,2753,3247
65.83,96.23,98.44,11,18,24,0,0,62.36,61.41,3684,2316
86.07,53.27,99.43,8,5,11,0,1,45.59,48.71,2922,3078
76.07,100.0,99.0,12,4,29,0,-1,75.31,71.87,4312,1688
90.41,99.94,99.49,14,6,8,0,-1,89.89,88.46,5307,693
87.69,73.18,81.23,17,2,14,0,0,52.13,50.81,3048,2952
67.02,55.25,76.27,18,15,24,0,0,28.24,28.9,1734,4266
85.07,79.71,97.97,10,8,10,0,-1,66.44,63.4,3803,2197
69.85,98.66,98.26,14,10,25,0,0,67.71,68.32,4098,1902
78.42,99.14,100.0,14,8,18,0,0,77.75,78.42,4704,1296
82.99,91.26,96.5,11,19,1,0,0,73.09,73.14,4388,1612
84.1,72.0,100.0,9,4,16,0,0,60.55,60.78,3646,2354
81.13,87.76,87.0,11,0,7,1,1,61.94,67.32,4038,1962
74.26,80.73,87.68,16,11,22,0,-1,52.56,50.38,3022,2978
81.45,54.19,80.48,18,5,18,0,-1,35.53,29.34,1760,4240
70.51,95.98,99.13,14,14,21,0,1,67.08,70.07,4204,1796
92.94,51.0,77.26,18,4,4,0,-1,36.62,33.09,1985,4015
77.36,98.55,97.96,13,8,20,0,0,74.68,73.59,4415,1585
80.52,83.7,98.97,10,0,27,0,-1,66.71,65.1,3906,2094
83.12,94.46,100.0,11,4,18,0,0,78.52,78.66,4719,1281
83.38,34.65,100.0,7,8,11,0,-1,28.89,22.79,1367,4633
75.14,56.49,78.48,18,16,12,0,0,33.31,33.09,1985,4015
63.96,96.4,100.0,14,19,28,0,-1,61.66,60.18,3610,2390
78.96,96.18,97.0,12,20,4,0,1,73.66,78.78,4726,1274
75.05,91.93,91.24,15,10,16,0,1,62.94,66.94,4016,1984
80.46,100.0,99.58,14,20,5,0,0,80.13,82.33,4939,1061
80.17,94.73,89.91,15,15,5,0,1,68.28,72.14,4328,1672
86.58,100.0,99.41,13,0,21,0,0,86.07,88.03,5281,719
85.42,56.9,97.08,8,10,7,0,0,47.18,48.8,2928,3072
89.18,90.29,98.69,11,6,7,0,0,79.47,77.77,4666,1334
82.27,71.84,98.21,9,8,19,0,-1,58.04,52.86,3171,2829
75.95,53.06,96.22,8,20,6,0,-1,38.78,34.87,2092,3908
60.12,98.78,98.81,14,18,29,0,0,58.68,58.8,3528,2472
74.39,64.28,79.47,17,0,26,1,1,38.0,43.34,2600,3400
74.2,88.53,96.78,15,7,23,0,0,63.57,61.66,3699,2301
73.12,82.5,95.07,10,11,21,0,0,57.35,58.57,3514,2486
74.65,34.35,97.14,7,12,20,0,-1,24.9,23.6,1415,4585
81.93,99.05,96.15,12,16,2,0,0,78.03,77.6,4655,1345
64.76,93.69,99.85,11,17,30,0,0,60.59,61.21,3672,2328
63.75,90.51,94.58,15,17,27,0,0,54.58,55.69,3341,2659
87.43,57.89,97.76,8,1,14,0,0,49.48,49.94,2996,3004
78.9,85.55,86.55,16,16,7,0,1,58.42,59.47,3568,2432
80.98,55.28,77.98,18,5,22,0,0,34.91,33.97,2037,3963
87.42,71.23,83.3,17,7,7,0,1,51.87,55.73,3343,2657
95.42,99.81,98.73,14,5,1,0,-1,94.02,87.67,5260,740
74.47,93.22,100.0,11,17,8,0,1,69.42,72.76,4365,1635
78.59,83.43,98.0,10,2,28,0,1,64.26,69.35,4161,1839
88.45,92.93,91.83,15,9,1,0,-1,75.48,73.23,4393,1607
67.27,84.67,97.31,10,18,24,0,0,55.43,55.09,3305,2695
76.22,87.29,87.87,16,15,14,0,-1,58.46,56.12,3367,2633
68.84,30.0,87.16,7,10,25,1,-1,18.0,12.71,762,5238
83.63,81.93,97.78,10,15,3,0,0,66.99,67.47,4048,1952
86.04,96.93,97.16,14,2,15,0,0,81.02,81.77,4905,1095
83.89,80.2,99.63,10,3,17,0,1,67.03,70.95,4256,1744
81.28,82.49,87.81,16,15,9,0,-1,58.87,54.15,3248,2752
66.15,85.71,88.15,16,13,27,0,-1,49.98,46.84,2810,3190
71.5,57.12,78.58,18,14,24,0,0,32.09,30.98,1858,4142
78.56,60.61,78.06,17,6,18,1,-1,37.16,33.08,1985,4015
85.41,83.84,87.86,16,14,0,0,-1,62.91,61.67,3700,2300
73.74,99.03,96.77,13,19,8,0,-1,70.67,67.34,4040,1960
79.59,75.31,100.0,9,10,16,0,0,59.94,59.15,3548,2452
78.16,100.0,96.86,14,16,9,0,1,75.7,81.57,4893,1107
76.25,93.95,100.0,11,8,27,0,0,71.64,72.78,4366,1634
86.74,90.47,95.17,15,7,10,0,-1,74.68,71.07,4264,1736
77.76,98.66,92.09,15,16,9,0,-1,70.65,64.6,3875,2125
84.75,53.27,97.39,8,5,15,0,-1,43.97,42.56,2553,3447
72.87,92.07,93.44,15,15,15,0,0,62.69,61.91,3714,2286
79.56,65.35,92.19,9,5,2,1,0,47.93,47.26,2835,3165
90.11,96.31,99.48,13,9,3,0,0,86.33,85.63,5137,863
74.2,99.14,96.95,14,10,20,0,0,71.32,70.48,4228,1772
66.21,69.02,85.65,17,17,26,0,0,39.13,37.57,2254,3746
80.09,73.03,97.3,9,6,24,0,-1,56.91,53.53,3211,2789
88.03,81.06,98.85,10,6,9,0,1,70.54,75.03,4501,1499
74.33,99.68,97.43,12,16,15,0,0,72.19,72.37,4342,1658
70.96,57.51,99.61,8,9,29,0,0,40.65,39.47,2368,3632
81.17,84.82,88.74,16,6,18,0,0,61.1,60.25,3614,2386
88.26,73.15,84.96,17,4,10,0,0,54.85,55.99,3359,2641
77.47,71.84,97.91,9,6,24,0,0,54.49,55.03,3301,2699
74.03,98.07,99.1,13,5,27,0,0,71.95,71.76,4305,1695
67.96,70.72,95.07,9,19,21,0,1,45.69,48.55,2912,3088
69.68,90.78,92.18,15,15,20,0,0,58.31,57.27,3436,2564
69.18,79.34,87.46,16,13,24,0,0,48.0,46.88,2812,3188
86.43,52.69,78.67,18,8,7,0,-1,35.83,31.25,1874,4126
73.95,87.35,93.82,14,9,11,1,1,60.61,62.86,3771,2229
69.47,96.06,98.06,12,11,26,0,1,65.44,68.15,4088,1912
81.0,100.0,100.0,14,9,13,0,0,81.0,80.14,4808,1192
72.29,85.4,89.68,16,12,24,0,0,55.37,54.59,3275,2725
85.59,100.0,97.2,13,0,24,0,0,83.19,84.23,5053,947
79.16,98.1,99.27,13,1,30,0,1,77.09,80.88,4852,1148
87.91,71.24,83.88,17,4,14,0,1,52.53,58.06,3483,2517
91.01,33.49,97.5,7,6,6,0,0,29.71,29.35,1760,4240
83.37,69.75,81.84,17,8,9,0,0,47.59,47.36,2841,3159
93.09,97.93,99.13,12,0,10,0,0,90.37,90.89,5453,547
81.16,100.0,98.8,13,12,10,0,1,80.18,86.14,5168,832
76.32,55.65,78.56,18,6,25,0,0,33.36,32.92,1975,4025
70.48,86.74,98.01,10,19,16,0,-1,59.91,55.16,3309,2691
92.42,92.79,99.0,11,3,2,0,0,84.89,85.13,5107,893
87.98,81.35,99.01,10,5,10,0,0,70.87,70.93,4255,1745
63.49,56.47,79.71,18,15,30,0,0,28.58,29.35,1761,4239
68.15,55.09,79.74,18,18,15,0,-1,29.94,24.14,1448,4552
73.47,36.3,97.52,7,12,22,0,1,26.01,29.41,1764,4236
78.22,55.74,78.3,18,15,7,0,1,34.14,38.57,2314,3686
73.9,82.26,89.01,16,18,12,0,1,54.11,56.32,3379,2621
71.3,37.32,100.0,7,20,10,0,-1,26.61,24.66,1479,4521
65.26,96.23,100.0,12,14,29,0,1,62.8,64.9,3894,2106
76.23,99.4,96.99,14,4,28,0,-1,73.5,66.51,3990,2010
68.43,97.68,97.47,12,13,26,0,-1,65.16,61.23,3673,2327
77.79,68.83,98.61,9,18,9,0,0,52.8,52.37,3142,2858
85.95,83.3,86.62,16,6,17,0,0,62.02,62.15,3729,2271
81.47,57.0,96.57,8,14,7,0,1,44.85,48.33,2900,3100
82.73,92.62,91.41,15,8,17,0,0,70.04,69.93,4195,1805
74.58,93.82,95.91,15,9,22,0,-1,67.11,64.85,3890,2110
68.04,55.18,100.0,8,10,30,0,-1,37.55,32.65,1958,4042
90.42,99.75,99.44,14,6,5,0,0,89.69,91.0,5460,540
80.09,97.39,97.82,12,14,7,0,-1,76.3,73.17,4390,1610
78.72,96.79,99.66,12,6,21,0,0,75.94,76.25,4575,1425
87.61,52.87,76.64,18,8,8,0,1,35.5,40.86,2451,3549
92.52,36.81,100.0,7,4,3,0,0,34.06,34.66,2079,3921
78.44,70.33,84.91,17,13,13,0,0,46.85,46.67,2799,3201
68.3,98.56,95.19,13,15,25,0,-1,64.08,63.36,3801,2199
77.76,90.11,91.77,15,1,29,0,0,64.29,62.77,3766,2234
86.63,89.86,93.31,15,11,0,0,-1,72.64,67.76,4065,1935
64.82,36.76,97.18,7,16,27,0,1,23.16,29.06,1743,4257
77.09,89.49,91.14,15,15,9,0,0,62.87,61.1,3665,2335
75.99,83.02,86.96,16,10,20,0,-1,54.86,52.51,3150,2850
81.3,54.35,98.45,8,18,2,0,0,43.5,43.46,2607,3393
85.08,92.06,93.87,15,3,17,0,0,73.53,72.38,4342,1658
66.82,71.77,99.21,9,16,27,0,0,47.58,46.31,2778,3222
63.24,55.99,99.55,8,18,29,0,0,35.25,34.63,2077,3923
67.04,100.0,97.9,14,19,20,0,0,65.63,67.84,4070,1930
81.23,83.85,96.3,10,2,24,0,1,65.59,69.84,4190,1810
74.98,92.5,97.45,11,14,14,0,-1,67.59,62.1,3726,2274
80.03,54.9,77.55,18,4,20,0,0,34.07,33.42,2005,3995
93.81,100.0,99.45,12,2,5,0,0,93.3,92.86,5571,429
76.14,70.72,82.74,17,18,10,0,1,44.55,47.56,2853,3147
65.74,55.84,78.23,18,13,28,0,0,28.72,29.8,1788,4212
73.59,38.77,100.0,7,12,18,0,-1,28.54,25.4,1523,4477
88.3,87.57,87.86,16,12,0,0,-1,67.93,64.31,3858,2142
86.38,99.45,97.78,12,13,4,0,0,84.0,84.96,5097,903
79.6,92.4,98.82,11,7,18,0,-1,72.69,68.53,4111,1889
72.66,99.37,95.9,12,17,14,0,0,69.24,69.95,4196,1804
75.51,71.7,84.67,17,6,24,0,-1,45.84,39.33,2359,3641
77.73,95.75,96.94,12,18,4,0,1,72.15,74.1,4445,1555
88.34,72.82,95.71,9,6,9,0,0,61.56,61.31,3678,2322
95.58,69.03,95.65,9,3,0,0,1,63.1,65.59,3935,2065
84.68,33.09,96.27,7,4,17,0,-1,26.98,23.83,1429,4571
69.43,51.28,98.92,8,10,27,0,0,35.22,33.33,2000,4000
77.87,99.4,96.48,12,7,21,0,0,74.68,76.0,4559,1441
88.95,85.57,93.57,10,6,9,0,-1,71.21,71.27,4275,1725
72.2,97.07,99.93,11,7,29,0,-1,70.04,66.47,3987,2013
95.63,97.67,99.37,12,0,4,0,0,92.82,93.13,5588,412
80.55,100.0,99.56,14,3,26,0,0,80.2,80.49,4829,1171
90.22,100.0,99.41,13,0,14,0,-1,89.68,83.32,4998,1002
84.59,56.81,79.08,18,6,12,0,0,38.0,37.58,2254,3746
79.15,35.71,98.96,7,14,14,0,-1,27.97,23.21,1392,4608
74.07,84.68,98.6,10,12,18,0,0,61.85,61.55,3693,2307
93.57,52.74,96.27,8,2,5,0,0,47.5,47.75,2865,3135
64.45,92.69,92.92,15,18,23,0,0,55.5,55.85,3350,2650
92.97,91.47,94.28,15,3,5,0,0,80.17,78.51,4710,1290
76.67,84.53,98.2,10,3,30,0,1,63.65,67.78,4066,1934
75.57,85.15,89.59,16,11,23,0,-1,57.64,51.32,3079,2921
86.37,93.79,91.97,13,6,6,1,0,74.5,75.21,4512,1488
78.39,57.78,97.12,8,16,11,0,0,43.99,43.13,2588,3412
80.68,95.6,98.36,14,8,16,0,-1,75.86,72.59,4355,1645
97.39,100.0,98.28,14,0,0,0,1,95.71,99.26,5955,45
65.86,99.1,96.33,13,12,30,0,0,62.87,61.41,3684,2316
82.44,57.56,99.16,8,11,11,0,1,47.06,53.7,3222,2778
67.45,52.66,98.14,8,13,30,0,0,34.86,35.38,2122,3878
86.76,71.94,83.9,17,9,7,0,-1,52.37,46.55,2792,3208
66.43,52.1,100.0,8,20,20,0,-1,34.61,29.9,1794,4206
76.93,96.57,97.15,14,0,30,0,-1,72.17,65.75,3945,2055
62.09,57.09,78.93,18,20,28,0,0,27.98,28.02,1681,4319
97.61,97.65,96.91,12,1,4,0,1,92.37,98.95,5936,64
81.37,69.73,100.0,9,18,0,0,0,56.74,56.74,3404,2596
79.38,73.39,97.09,9,16,4,0,0,56.56,58.39,3503,2497
64.45,68.85,97.56,9,15,24,0,0,43.29,41.26,2475,3525
84.21,35.17,99.21,7,1,19,0,1,29.38,32.49,1949,4051
83.34,54.88,79.33,18,9,11,0,-1,36.28,32.29,1937,4063
83.72,70.59,100.0,9,13,5,0,0,59.09,59.27,3556,2444
62.0,72.91,98.84,9,16,30,0,-1,44.68,41.25,2474,3526
89.14,71.61,84.09,17,5,11,0,-1,53.68,47.67,2859,3141
94.46,55.23,95.96,8,5,0,0,0,50.06,49.29,2957,3043
89.68,96.52,99.18,14,6,9,0,0,85.86,86.04,5162,838
72.35,100.0,94.61,13,20,11,0,-1,68.45,62.61,3756,2244
72.21,92.83,96.91,11,19,10,0,0,64.96,65.86,3951,2049
92.52,35.0,97.37,7,0,10,0,-1,31.53,28.57,1714,4286
82.32,99.06,98.48,14,1,23,0,1,80.31,84.9,5094,906
88.23,100.0,98.27,13,1,17,0,1,86.7,89.78,5386,614
78.65,83.72,89.34,16,16,5,0,-1,58.83,57.07,3424,2576
72.26,34.57,99.04,7,11,28,0,0,24.74,22.47,1348,4652
87.39,87.88,98.9,10,2,13,0,-1,75.95,70.96,4257,1743
74.42,55.51,97.04,8,15,14,0,0,40.09,40.76,2445,3555
70.46,100.0,97.68,13,17,14,0,1,68.83,74.07,4444,1556
80.67,79.76,89.54,16,20,0,0,1,57.61,63.43,3805,2195
89.04,99.95,100.0,14,8,4,0,0,89.0,89.38,5362,638
78.51,98.54,98.68,12,17,11,0,1,76.34,82.5,4949,1051
87.73,68.74,82.57,17,3,15,0,1,49.79,53.13,3187,2813
92.9,82.04,85.4,16,6,4,0,0,65.09,63.73,3824,2176
82.69,81.86,98.6,10,16,4,0,1,66.74,71.67,4300,1700
82.45,75.0,97.53,9,7,21,0,1,60.3,62.18,3730,2270
86.4,52.84,97.92,8,12,9,0,-1,44.7,39.18,2350,3650
88.1,51.52,98.74,8,7,7,0,-1,44.82,40.85,2450,3550
84.09,50.57,74.77,18,9,10,0,0,31.79,30.95,1857,4143
70.25,57.93,77.94,18,14,21,0,1,31.72,37.38,2242,3758
61.31,91.21,90.27,15,18,28,0,0,50.48,50.82,3049,2951
89.39,94.35,98.32,11,4,10,0,1,82.93,88.65,5318,682
82.91,69.38,84.08,17,4,18,0,0,48.37,48.28,2896,3104
81.71,57.15,76.69,18,1,23,0,1,35.81,42.06,2523,3477
81.03,100.0,99.28,13,20,1,0,1,80.45,84.79,5087,913
99.77,67.17,97.47,9,0,4,0,0,65.32,64.39,3863,2137
81.78,77.12,80.93,17,1,26,0,0,51.05,49.75,2984,3016
85.06,82.3,98.93,10,5,12,0,-1,69.25,64.72,3883,2117
74.04,85.82,86.65,16,15,15,0,-1,55.06,48.91,2934,3066
61.97,85.4,100.0,10,20,27,0,1,52.93,58.66,3519,2481
77.8,83.25,85.34,16,12,14,0,0,55.27,56.17,3369,2631
68.48,83.71,96.72,10,14,19,0,0,55.44,56.94,3416,2584
59.17,86.88,90.24,11,17,14,1,0,46.39,46.79,2807,3193
81.36,53.9,99.54,8,8,20,0,0,43.65,45.18,2710,3290
82.13,98.69,95.96,15,10,10,0,1,77.78,84.07,5044,956
84.07,72.62,100.0,9,8,10,0,0,61.05,60.93,3656,2344
72.76,100.0,99.55,14,17,14,0,0,72.43,73.35,4400,1600
81.68,72.63,84.78,17,3,21,0,1,50.3,56.68,3400,2600
92.21,95.38,92.31,15,8,2,0,1,81.19,84.93,5096,904
78.89,100.0,97.6,13,20,0,0,0,76.99,75.06,4503,1497
92.35,92.75,91.47,15,4,3,0,0,78.35,77.49,4649,1351
70.82,82.97,99.26,10,14,26,0,-1,58.32,56.68,3400,2600
85.01,90.03,96.07,15,9,4,0,1,73.52,78.51,4710,1290
73.71,91.44,99.09,11,14,13,0,1,66.78,70.06,4203,1797
79.24,53.95,95.21,8,16,5,0,0,40.7,41.87,2512,3488
78.68,100.0,96.15,13,16,6,0,-1,75.65,72.31,4338,1662
76.96,71.26,83.33,17,7,24,0,0,45.7,46.51,2790,3210
78.29,34.19,99.67,7,6,23,0,0,26.68,26.31,1578,4422
81.3,52.96,76.17,18,11,16,0,0,32.8,32.55,1953,4047
83.7,81.56,89.12,16,4,18,0,-1,60.84,57.25,3434,2566
78.21,92.06,93.46,15,1,25,0,-1,67.3,63.02,3781,2219
68.77,80.6,81.92,15,7,22,1,1,45.41,51.16,3069,2931
88.83,92.48,92.38,15,5,11,0,0,75.89,75.26,4515,1485
81.99,69.55,96.28,9,3,21,0,-1,54.9,52.13,3127,2873
77.35,74.74,84.44,17,19,7,0,0,48.82,48.1,2885,3115
82.34,56.57,75.83,18,4,17,0,0,35.32,37.0,2220,3780
70.69,83.59,86.92,16,13,27,0,0,51.36,51.56,3093,2907
88.81,82.77,96.33,10,8,1,0,0,70.82,71.37,4282,1718
83.11,98.29,98.31,13,9,12,0,1,80.31,86.71,5202,798
74.98,100.0,99.28,13,15,14,0,-1,74.44,71.76,4305,1695
90.77,54.67,75.65,18,9,0,0,0,37.54,36.46,2187,3813
75.71,54.2,100.0,8,8,22,0,0,41.04,40.74,2444,3556
84.78,93.94,92.02,15,9,6,0,-1,73.29,67.57,4054,1946
58.02,85.53,89.3,16,19,30,0,0,44.32,43.68,2620,3380
81.05,55.48,98.61,8,1,24,0,0,44.34,44.88,2692,3308
93.97,98.18,98.25,13,4,4,0,1,90.64,94.09,5645,355
85.0,72.07,96.1,9,7,12,0,-1,58.87,52.79,3167,2833
79.93,73.94,83.81,17,13,12,0,1,49.53,53.48,3208,2792
91.75,84.73,98.8,10,11,2,0,0,76.8,77.53,4651,1349
90.71,84.51,97.52,10,8,4,0,0,74.76,73.24,4394,1606
79.79,97.74,98.99,13,3,23,0,1,77.2,80.56,4833,1167
92.62,70.42,81.13,17,4,6,0,0,52.91,53.5,3210,2790
82.06,100.0,98.51,14,4,21,0,1,80.84,83.54,5012,988
84.05,99.82,97.39,12,0,20,0,1,81.72,83.87,5032,968
84.0,96.12,100.0,11,16,3,0,-1,80.75,76.75,4605,1395
80.8,80.94,87.72,16,15,7,0,1,57.36,64.16,3849,2151
85.18,87.44,98.96,11,3,17,0,0,73.71,74.98,4498,1502
68.7,52.23,78.31,18,19,14,0,0,28.1,28.57,1714,4286
76.61,71.63,98.9,9,2,28,0,1,54.27,58.31,3498,2502
69.42,56.0,76.28,18,10,28,0,0,29.65,30.07,1804,4196
88.91,89.79,98.42,11,1,12,0,0,78.57,78.29,4697,1303
83.09,92.45,96.17,11,3,20,0,0,73.88,74.44,4466,1534
74.54,98.64,95.39,14,13,18,0,-1,70.14,68.3,4098,1902
70.13,58.56,75.45,18,15,24,0,-1,30.98,27.85,1671,4329
96.8,93.03,93.29,15,3,2,0,0,84.02,83.1,4985,1015
60.62,56.68,78.19,18,19,30,0,1,26.86,30.75,1844,4156
73.45,98.64,98.07,12,7,27,0,0,71.05,71.96,4317,1683
66.08,68.76,83.54,17,15,26,0,1,37.96,42.29,2537,3463
87.28,97.97,98.22,13,13,1,0,1,83.99,87.84,5270,730
70.57,91.08,97.18,11,8,28,0,-1,62.46,60.7,3642,2358
80.04,90.26,93.2,15,10,13,0,-1,67.33,62.69,3761,2239
89.06,94.14,98.88,11,11,2,0,-1,82.9,79.67,4780,1220
80.88,52.67,79.42,18,15,7,0,0,33.83,33.33,1999,4001
78.24,84.68,89.51,16,15,7,0,0,59.3,59.98,3599,2401
73.28,83.67,87.39,16,13,21,0,-1,53.58,50.81,3048,2952
74.92,54.57,76.53,18,15,17,0,1,31.29,35.7,2142,3858
74.86,83.64,89.92,16,12,19,0,-1,56.3,53.03,3181,2819
83.19,75.5,82.57,17,12,1,0,0,51.86,51.67,3100,2900
73.21,73.1,81.87,16,3,18,1,0,43.81,44.56,2673,3327
83.85,71.81,82.86,17,3,18,0,0,49.89,48.58,2914,3086
76.26,55.98,96.73,8,3,30,0,0,41.3,40.75,2445,3555
74.14,85.1,97.53,10,11,18,0,0,61.54,61.75,3704,2296
72.71,70.23,85.34,17,19,13,0,0,43.58,44.81,2688,3312
89.91,100.0,99.31,13,1,11,0,1,89.29,93.67,5620,380
74.54,98.54,98.6,14,14,18,0,0,72.42,73.35,4401,1599
78.03,93.63,93.73,15,1,30,0,0,68.48,66.89,4013,1987
64.86,100.0,95.67,13,20,23,0,-1,62.06,57.84,3470,2530
93.15,73.08,81.52,17,0,6,0,0,55.5,54.18,3251,2749
95.86,84.66,93.02,16,5,0,0,1,75.49,80.74,4844,1156
93.04,97.19,96.63,12,3,9,0,0,87.38,87.17,5230,770
82.59,98.2,98.31,13,0,23,0,1,79.73,84.12,5047,953
71.76,89.69,96.75,11,11,26,0,-1,62.27,58.47,3508,2492
86.76,98.61,100.0,12,7,8,0,-1,85.55,79.51,4770,1230
78.73,34.93,96.2,7,10,14,0,0,26.45,27.03,1621,4379
73.39,54.14,79.35,18,20,8,0,1,31.53,37.16,2229,3771
83.56,74.72,98.11,9,6,17,0,-1,61.25,58.29,3497,2503
72.96,94.48,92.36,15,20,10,0,0,63.66,65.0,3900,2100
71.43,53.11,79.4,18,12,24,0,1,30.12,34.36,2061,3939
66.7,70.74,99.8,9,15,27,0,0,47.08,46.56,2793,3207
84.26,52.65,97.67,8,10,11,0,-1,43.33,38.77,2326,3674
85.27,53.94,77.3,18,7,10,0,0,35.55,36.98,2218,3782
77.85,92.61,96.81,11,3,29,0,1,69.79,73.08,4384,1616
78.74,72.21,82.97,17,12,10,0,0,47.18,48.63,2918,3082
70.03,85.34,87.74,16,15,20,0,0,52.44,52.99,3179,2821
84.12,71.79,96.37,9,12,6,0,0,58.2,58.27,3496,2504
77.15,89.03,100.0,11,15,11,0,1,68.69,70.67,4240,1760
72.65,98.88,98.99,14,11,24,0,0,71.11,71.81,4308,1692
86.75,70.73,96.34,9,5,10,0,0,59.12,58.77,3526,2474
90.27,37.62,98.17,7,3,6,0,0,33.33,35.21,2112,3888
72.37,86.22,87.79,16,9,29,0,-1,54.77,51.24,3074,2926
76.72,67.72,82.24,17,17,9,0,-1,42.73,38.5,2309,3691
86.02,94.3,93.54,15,5,12,0,0,75.88,75.65,4539,1461
93.83,85.51,89.96,16,2,6,0,0,72.18,71.71,4302,1698
83.38,52.19,96.66,8,2,22,0,0,42.07,41.21,2472,3528
71.93,83.63,88.99,16,12,27,0,-1,53.53,51.61,3096,2904
76.98,52.1,77.06,18,10,17,0,0,30.9,31.07,1864,4136
83.38,100.0,97.67,12,12,4,0,0,81.44,83.24,4994,1006
77.89,100.0,99.17,13,3,27,0,0,77.24,76.83,4610,1390
76.48,55.17,75.16,18,9,19,0,0,31.71,32.02,1921,4079
90.02,87.73,90.21,16,2,10,0,1,71.24,77.67,4660,1340
92.59,95.55,98.68,14,1,7,0,-1,87.3,82.63,4957,1043
94.19,72.52,82.25,17,8,0,0,0,56.18,54.04,3242,2758
73.45,94.31,100.0,14,7,26,0,0,69.27,68.17,4090,1910
88.15,54.75,78.46,18,7,7,0,0,37.87,38.3,2298,3702
64.96,75.54,90.25,10,14,20,1,-1,44.29,38.31,2298,3702
88.33,66.43,84.89,9,0,9,1,-1,49.81,47.77,2866,3134
69.87,36.87,96.52,7,19,15,0,-1,24.87,18.31,1098,4902
70.57,99.82,97.26,13,17,17,0,-1,68.52,63.54,3812,2188
84.85,84.98,99.63,10,13,5,0,0,71.84,71.31,4278,1722
73.84,95.17,93.95,15,18,12,0,-1,66.03,61.67,3700,2300
76.01,100.0,95.82,13,8,22,0,-1,72.83,67.65,4059,1941
85.82,96.05,97.24,12,8,13,0,0,80.15,81.18,4870,1130
69.9,100.0,95.95,12,11,28,0,1,67.06,71.04,4262,1738
77.03,84.56,99.51,10,10,17,0,0,64.82,65.72,3943,2057
72.71,85.96,90.79,12,2,30,1,0,56.74,56.01,3360,2640
74.64,45.47,68.96,18,4,10,1,-1,23.41,18.07,1084,4916
77.1,55.97,78.35,18,7,25,0,0,33.81,34.19,2051,3949
80.68,93.58,90.84,15,18,4,0,0,68.58,68.92,4135,1865
68.78,52.98,98.62,8,16,22,0,-1,35.94,32.84,1970,4030
79.08,99.95,97.86,12,3,25,0,0,77.35,78.52,4711,1289
75.72,84.05,87.77,16,7,23,0,0,55.86,56.15,3368,2632
70.01,98.94,98.94,12,20,17,0,-1,68.53,62.99,3779,2221
77.62,85.87,98.27,10,14,8,0,0,65.51,64.77,3886,2114
91.45,85.14,86.28,16,1,14,0,0,67.18,65.89,3953,2047
76.28,83.51,87.03,16,14,15,0,1,55.44,60.31,3618,2382
95.89,57.51,99.1,8,5,0,0,-1,54.66,49.58,2974,3026
77.88,89.22,96.37,15,20,1,0,1,66.97,71.99,4319,1681
85.43,90.11,87.99,14,4,2,1,0,67.73,69.5,4170,1830
90.87,72.7,81.6,17,11,2,0,-1,53.91,48.12,2887,3113
77.54,91.16,95.73,11,18,8,0,0,67.67,67.75,4064,1936
83.45,53.75,79.69,18,0,22,0,-1,35.75,31.8,1907,4093
86.23,100.0,97.05,13,4,12,0,0,83.69,82.98,4978,1022
80.88,83.8,98.09,10,14,9,0,-1,66.48,62.1,3726,2274
85.11,75.29,83.92,17,9,10,0,0,53.78,53.28,3196,2804
63.28,85.42,96.86,10,18,25,0,0,52.35,52.7,3162,2838
82.35,93.35,92.7,15,13,4,0,-1,71.26,66.3,3977,2023
75.23,69.2,81.49,17,18,10,0,-1,42.42,36.61,2196,3804
84.99,83.13,87.66,16,1,22,0,0,61.93,60.6,3636,2364
83.01,100.0,96.83,12,18,3,0,-1,80.38,76.5,4590,1410
80.1,55.2,94.25,8,19,2,0,0,41.68,40.8,2447,3553
70.93,93.2,91.18,15,13,23,0,1,60.27,62.19,3731,2269
80.53,81.03,98.2,10,7,19,0,0,64.08,65.32,3919,2081
91.97,69.56,100.0,9,5,0,0,1,63.97,67.97,4078,1922
89.58,99.23,98.15,14,3,10,0,1,87.25,89.99,5399,601
65.37,97.73,96.67,13,18,22,0,-1,61.76,55.43,3325,2675
78.73,100.0,98.21,13,13,12,0,0,77.32,76.21,4572,1428
73.19,45.58,67.32,18,15,4,1,0,22.46,22.28,1336,4664
90.0,98.65,97.92,12,5,3,0,0,86.93,86.36,5181,819
87.91,94.03,97.91,11,11,5,0,1,80.92,83.47,5008,992
85.59,88.22,98.31,11,15,2,0,0,74.23,74.89,4493,1507
83.69,69.16,97.82,9,8,12,0,1,56.62,59.82,3588,2412
66.44,95.25,98.4,12,20,20,0,0,62.28,61.13,3667,2333
78.13,53.73,97.97,8,10,14,0,0,41.12,39.04,2342,3658
76.87,56.85,96.0,8,16,8,0,1,41.95,44.48,2668,3332
87.14,83.91,87.92,16,1,17,0,0,64.28,64.41,3864,2136
85.53,37.42,98.24,7,11,3,0,0,31.44,31.45,1886,4114
81.12,71.22,96.87,9,0,30,0,0,55.97,55.43,3326,2674
100.0,94.17,91.89,15,0,0,0,0,86.53,86.64,5198,802
79.69,99.82,97.78,12,12,9,0,0,77.78,78.15,4688,1312
